INSERT INTO address(id, version, address, date_created, last_updated, municipality_id, postal_code, settlement_id, state_id) VALUES('5cc11fd7-e5c8-405e-b62a-723c02633e06', 0, 'PARICUTIN NUM. 304', current_timestamp, current_timestamp, (select municipality_id from settlement where postal_code = '89347' limit 1), '89347', (select id from settlement where postal_code = '89347' limit 1), (select state_id from settlement where postal_code = '89347' limit 1));
INSERT INTO job_detail(id, version, base_salary, job_name, date_created, last_updated) VALUES('03047ac0-aca3-4c92-9982-60bd64262ffd', 0, 4000.0, 'Operador', current_timestamp, current_timestamp);
INSERT INTO driver_license(id, version, antiqueness, date_created, last_updated, expedition, expiration, license_number, license_type) VALUES('4e18038c-53e8-4ab0-8d68-66a2d048a109', 0, current_timestamp, current_timestamp, current_timestamp, current_timestamp, date('10/14/11'), 'TAMP310249', 'A');
INSERT INTO individual(id, version, address_id, date_created, last_name, last_updated, name, second_last_name, class, driver_license_id, email, employee_position_id, employee_type, job_detail_id, personal_data_id, employee_number) VALUES('80af64f3-8aa3-46d3-895d-33d8176c898e', 0, '5cc11fd7-e5c8-405e-b62a-723c02633e06', current_timestamp, 'ALMAZAN', current_timestamp, 'JOSE DE JESUS', 'GARCIA', 'justcloud.tickets.domain.Employee', '4e18038c-53e8-4ab0-8d68-66a2d048a109', '', 'operator-id', 'REGULAR_EMPLOYEE', '03047ac0-aca3-4c92-9982-60bd64262ffd', null, '1249');
INSERT INTO phone(id, version, date_created, last_updated, number, type) VALUES('a459f451-126f-4ed1-b936-7de7996ad21a', 0, current_timestamp, current_timestamp, '833 224 46 93', 'HOME');
INSERT INTO employee_phone(employee_phones_id, phone_id) VALUES('80af64f3-8aa3-46d3-895d-33d8176c898e', 'a459f451-126f-4ed1-b936-7de7996ad21a');
INSERT INTO phone(id, version, date_created, last_updated, number, type) VALUES('42081f51-fcd2-4b76-83a0-80d6625fda15', 0, current_timestamp, current_timestamp, '9381404818', 'MOBILE');
INSERT INTO employee_phone(employee_phones_id, phone_id) VALUES('80af64f3-8aa3-46d3-895d-33d8176c898e', '42081f51-fcd2-4b76-83a0-80d6625fda15');
INSERT INTO job_detail(id, version, base_salary, job_name, date_created, last_updated) VALUES('98c38203-af15-4b5f-83e0-ee0669e41176', 0, 4000.0, 'Operador', current_timestamp, current_timestamp);
INSERT INTO driver_license(id, version, antiqueness, date_created, last_updated, expedition, expiration, license_number, license_type) VALUES('d49765e4-387b-49a4-8fe8-20df25f97a2e', 0, current_timestamp, current_timestamp, current_timestamp, current_timestamp, date('12/3/10'), 'DF114269', 'A');
INSERT INTO individual(id, version, address_id, date_created, last_name, last_updated, name, second_last_name, class, driver_license_id, email, employee_position_id, employee_type, job_detail_id, personal_data_id, employee_number) VALUES('de7190fd-4288-45f2-acc7-3a963aa84f5e', 0, null, current_timestamp, 'ALVAREZ', current_timestamp, 'JOSE GUADALUPE', 'HERNANDEZ', 'justcloud.tickets.domain.Employee', 'd49765e4-387b-49a4-8fe8-20df25f97a2e', '', 'operator-id', 'REGULAR_EMPLOYEE', '98c38203-af15-4b5f-83e0-ee0669e41176', null, '1244');
INSERT INTO phone(id, version, date_created, last_updated, number, type) VALUES('105a5659-b9dc-4611-8392-bf5ae8189347', 0, current_timestamp, current_timestamp, '5532413045', 'MOBILE');
INSERT INTO employee_phone(employee_phones_id, phone_id) VALUES('de7190fd-4288-45f2-acc7-3a963aa84f5e', '105a5659-b9dc-4611-8392-bf5ae8189347');
INSERT INTO address(id, version, address, date_created, last_updated, municipality_id, postal_code, settlement_id, state_id) VALUES('1d36ea66-3a16-4a64-ab1f-064ba6f41828', 0, 'ALICIA No. 902 A', current_timestamp, current_timestamp, (select municipality_id from settlement where postal_code = '79060' limit 1), '79060', (select id from settlement where postal_code = '79060' limit 1), (select state_id from settlement where postal_code = '79060' limit 1));
INSERT INTO job_detail(id, version, base_salary, job_name, date_created, last_updated) VALUES('19830589-c389-4253-b3de-71c9f134253f', 0, 4000.0, 'Operador', current_timestamp, current_timestamp);
INSERT INTO driver_license(id, version, antiqueness, date_created, last_updated, expedition, expiration, license_number, license_type) VALUES('2e664707-3933-4e90-af6c-c9d7658ff513', 0, current_timestamp, current_timestamp, current_timestamp, current_timestamp, date('11/7/11'), 'TAMP303732', 'A');
INSERT INTO individual(id, version, address_id, date_created, last_name, last_updated, name, second_last_name, class, driver_license_id, email, employee_position_id, employee_type, job_detail_id, personal_data_id, employee_number) VALUES('c2a64d34-c2e7-4f69-9185-13d49955a54d', 0, '1d36ea66-3a16-4a64-ab1f-064ba6f41828', current_timestamp, 'BALDERAS', current_timestamp, 'CESAR', 'MAYORGA', 'justcloud.tickets.domain.Employee', '2e664707-3933-4e90-af6c-c9d7658ff513', '', 'operator-id', 'REGULAR_EMPLOYEE', '19830589-c389-4253-b3de-71c9f134253f', null, '1279');
INSERT INTO phone(id, version, date_created, last_updated, number, type) VALUES('457c2aa8-14ea-4adc-a3a8-13cf893d4d2c', 0, current_timestamp, current_timestamp, '481 381 58 74', 'HOME');
INSERT INTO employee_phone(employee_phones_id, phone_id) VALUES('c2a64d34-c2e7-4f69-9185-13d49955a54d', '457c2aa8-14ea-4adc-a3a8-13cf893d4d2c');
INSERT INTO address(id, version, address, date_created, last_updated, municipality_id, postal_code, settlement_id, state_id) VALUES('71dc2b35-4b4a-46a4-9b0f-f6197dc1b370', 0, 'ALAMO No. 32', current_timestamp, current_timestamp, (select municipality_id from settlement where postal_code = '89600' limit 1), '89600', (select id from settlement where postal_code = '89600' limit 1), (select state_id from settlement where postal_code = '89600' limit 1));
INSERT INTO job_detail(id, version, base_salary, job_name, date_created, last_updated) VALUES('9cd70bcc-c033-4052-a8d9-f1e5d5ae4965', 0, 4000.0, 'Operador', current_timestamp, current_timestamp);
INSERT INTO driver_license(id, version, antiqueness, date_created, last_updated, expedition, expiration, license_number, license_type) VALUES('1fd0b66c-c947-4568-954a-635e79915897', 0, current_timestamp, current_timestamp, current_timestamp, current_timestamp, date('8/10/11'), 'TAMP310157', 'A');
INSERT INTO individual(id, version, address_id, date_created, last_name, last_updated, name, second_last_name, class, driver_license_id, email, employee_position_id, employee_type, job_detail_id, personal_data_id, employee_number) VALUES('d3262fee-58b3-4654-a126-d39f21e2b810', 0, '71dc2b35-4b4a-46a4-9b0f-f6197dc1b370', current_timestamp, 'CALDERON', current_timestamp, 'DANIEL', 'ESPINOSA', 'justcloud.tickets.domain.Employee', '1fd0b66c-c947-4568-954a-635e79915897', '', 'operator-id', 'REGULAR_EMPLOYEE', '9cd70bcc-c033-4052-a8d9-f1e5d5ae4965', null, '1430');
INSERT INTO phone(id, version, date_created, last_updated, number, type) VALUES('4b5b4a21-7f98-4d37-b83b-fb40a5047b63', 0, current_timestamp, current_timestamp, '8331581210', 'MOBILE');
INSERT INTO employee_phone(employee_phones_id, phone_id) VALUES('d3262fee-58b3-4654-a126-d39f21e2b810', '4b5b4a21-7f98-4d37-b83b-fb40a5047b63');
INSERT INTO address(id, version, address, date_created, last_updated, municipality_id, postal_code, settlement_id, state_id) VALUES('998c9da5-8727-429b-975e-55ac37717d94', 0, 'MARGARITAS No. 116', current_timestamp, current_timestamp, (select municipality_id from settlement where postal_code = '89357' limit 1), '89357', (select id from settlement where postal_code = '89357' limit 1), (select state_id from settlement where postal_code = '89357' limit 1));
INSERT INTO job_detail(id, version, base_salary, job_name, date_created, last_updated) VALUES('f4117394-34d7-423f-8a9b-c5117fdb9c9a', 0, 4000.0, 'Operador', current_timestamp, current_timestamp);
INSERT INTO individual(id, version, address_id, date_created, last_name, last_updated, name, second_last_name, class, driver_license_id, email, employee_position_id, employee_type, job_detail_id, personal_data_id, employee_number) VALUES('96a42a2b-a675-4fa0-800e-a993267047ba', 0, '998c9da5-8727-429b-975e-55ac37717d94', current_timestamp, 'CALDERON', current_timestamp, 'DANIEL', 'MORALES', 'justcloud.tickets.domain.Employee', null, '', 'operator-id', 'REGULAR_EMPLOYEE', 'f4117394-34d7-423f-8a9b-c5117fdb9c9a', null, '1397');
INSERT INTO address(id, version, address, date_created, last_updated, municipality_id, postal_code, settlement_id, state_id) VALUES('28367208-0486-49a3-b177-bf34158ec661', 0, 'PEDRO J. MENDEZ No. 428', current_timestamp, current_timestamp, (select municipality_id from settlement where postal_code = '89520' limit 1), '89520', (select id from settlement where postal_code = '89520' limit 1), (select state_id from settlement where postal_code = '89520' limit 1));
INSERT INTO job_detail(id, version, base_salary, job_name, date_created, last_updated) VALUES('72cb0765-6dc3-4440-aa96-aa17c544c536', 0, 4000.0, 'Operador', current_timestamp, current_timestamp);
INSERT INTO driver_license(id, version, antiqueness, date_created, last_updated, expedition, expiration, license_number, license_type) VALUES('4d86ced7-010f-400e-8172-f2dfbdfd7544', 0, current_timestamp, current_timestamp, current_timestamp, current_timestamp, date('4/27/15'), 'TAMP301686', 'A');
INSERT INTO individual(id, version, address_id, date_created, last_name, last_updated, name, second_last_name, class, driver_license_id, email, employee_position_id, employee_type, job_detail_id, personal_data_id, employee_number) VALUES('ee1b1721-585d-4956-ba82-6f4436237cec', 0, '28367208-0486-49a3-b177-bf34158ec661', current_timestamp, 'CARREON', current_timestamp, 'MARTIN', 'VILLAGOMEZ', 'justcloud.tickets.domain.Employee', '4d86ced7-010f-400e-8172-f2dfbdfd7544', '', 'operator-id', 'REGULAR_EMPLOYEE', '72cb0765-6dc3-4440-aa96-aa17c544c536', null, '1375');
INSERT INTO phone(id, version, date_created, last_updated, number, type) VALUES('4ef59799-9a48-4f29-b85b-dda763db4ec3', 0, current_timestamp, current_timestamp, '8332566683', 'MOBILE');
INSERT INTO employee_phone(employee_phones_id, phone_id) VALUES('ee1b1721-585d-4956-ba82-6f4436237cec', '4ef59799-9a48-4f29-b85b-dda763db4ec3');
INSERT INTO job_detail(id, version, base_salary, job_name, date_created, last_updated) VALUES('2b4fb0d8-cd12-4867-84d9-c905e9256ee3', 0, 4000.0, 'Operador', current_timestamp, current_timestamp);
INSERT INTO driver_license(id, version, antiqueness, date_created, last_updated, expedition, expiration, license_number, license_type) VALUES('dfcd88ff-c62d-462d-b47d-8846bd8fe0a0', 0, current_timestamp, current_timestamp, current_timestamp, current_timestamp, date('2/10/12'), 'OAX103129', 'A');
INSERT INTO individual(id, version, address_id, date_created, last_name, last_updated, name, second_last_name, class, driver_license_id, email, employee_position_id, employee_type, job_detail_id, personal_data_id, employee_number) VALUES('03184904-aba9-4b61-b591-e08f68b4752a', 0, null, current_timestamp, 'CASTELLANOS ', current_timestamp, 'JOAQUIN', 'HERNANDEZ', 'justcloud.tickets.domain.Employee', 'dfcd88ff-c62d-462d-b47d-8846bd8fe0a0', '', 'operator-id', 'REGULAR_EMPLOYEE', '2b4fb0d8-cd12-4867-84d9-c905e9256ee3', null, '1321');
INSERT INTO address(id, version, address, date_created, last_updated, municipality_id, postal_code, settlement_id, state_id) VALUES('62cbf750-e04d-4381-96a3-c7d3d235847b', 0, 'AV. TULTEPEC COND. II CASA 12', current_timestamp, current_timestamp, (select municipality_id from settlement where postal_code = '54930' limit 1), '54930', (select id from settlement where postal_code = '54930' limit 1), (select state_id from settlement where postal_code = '54930' limit 1));
INSERT INTO job_detail(id, version, base_salary, job_name, date_created, last_updated) VALUES('4bdec3cf-9974-4458-8ea3-7a86997f2b40', 0, 4000.0, 'Operador', current_timestamp, current_timestamp);
INSERT INTO individual(id, version, address_id, date_created, last_name, last_updated, name, second_last_name, class, driver_license_id, email, employee_position_id, employee_type, job_detail_id, personal_data_id, employee_number) VALUES('d6bd5bda-946f-47a1-b7c6-3fd48efd4816', 0, '62cbf750-e04d-4381-96a3-c7d3d235847b', current_timestamp, 'DELGADO', current_timestamp, 'ARTURO', 'PERALTA', 'justcloud.tickets.domain.Employee', null, '', 'operator-id', 'REGULAR_EMPLOYEE', '4bdec3cf-9974-4458-8ea3-7a86997f2b40', null, '1302');
INSERT INTO address(id, version, address, date_created, last_updated, municipality_id, postal_code, settlement_id, state_id) VALUES('bed9f8f0-d726-41bb-b6c3-2ef51f5a107e', 0, 'CALLE CUAUHTEMOC 210 SUR', current_timestamp, current_timestamp, (select municipality_id from settlement where postal_code = '89520' limit 1), '89520', (select id from settlement where postal_code = '89520' limit 1), (select state_id from settlement where postal_code = '89520' limit 1));
INSERT INTO job_detail(id, version, base_salary, job_name, date_created, last_updated) VALUES('4213fbdf-c026-42be-97e8-3f33f613dd0c', 0, 4000.0, 'Operador', current_timestamp, current_timestamp);
INSERT INTO driver_license(id, version, antiqueness, date_created, last_updated, expedition, expiration, license_number, license_type) VALUES('370d6091-bfe4-49ec-b15b-2eaeae826044', 0, current_timestamp, current_timestamp, current_timestamp, current_timestamp, date('8/1/11'), 'TAMP306101', 'A');
INSERT INTO individual(id, version, address_id, date_created, last_name, last_updated, name, second_last_name, class, driver_license_id, email, employee_position_id, employee_type, job_detail_id, personal_data_id, employee_number) VALUES('39ff4e29-844d-4866-8c2c-e2624adf13da', 0, 'bed9f8f0-d726-41bb-b6c3-2ef51f5a107e', current_timestamp, 'CORDOBA', current_timestamp, 'ROBERTO', 'RODRIGUEZ', 'justcloud.tickets.domain.Employee', '370d6091-bfe4-49ec-b15b-2eaeae826044', '', 'operator-id', 'REGULAR_EMPLOYEE', '4213fbdf-c026-42be-97e8-3f33f613dd0c', null, '1383');
INSERT INTO phone(id, version, date_created, last_updated, number, type) VALUES('ba28c46c-97e8-469d-869f-96da57610b54', 0, current_timestamp, current_timestamp, '833 256 64 19', 'HOME');
INSERT INTO employee_phone(employee_phones_id, phone_id) VALUES('39ff4e29-844d-4866-8c2c-e2624adf13da', 'ba28c46c-97e8-469d-869f-96da57610b54');
INSERT INTO phone(id, version, date_created, last_updated, number, type) VALUES('0813d129-7f74-4303-a9e5-07f1393a3ee7', 0, current_timestamp, current_timestamp, '833 171 86 01', 'MOBILE');
INSERT INTO employee_phone(employee_phones_id, phone_id) VALUES('39ff4e29-844d-4866-8c2c-e2624adf13da', '0813d129-7f74-4303-a9e5-07f1393a3ee7');
INSERT INTO address(id, version, address, date_created, last_updated, municipality_id, postal_code, settlement_id, state_id) VALUES('9c52da28-becd-4f3f-8f56-1a9a4507cfdb', 0, 'FRANCISCO VILLA ENTRE 9 Y 10', current_timestamp, current_timestamp, (select municipality_id from settlement where postal_code = '92000' limit 1), '92000', (select id from settlement where postal_code = '92000' limit 1), (select state_id from settlement where postal_code = '92000' limit 1));
INSERT INTO job_detail(id, version, base_salary, job_name, date_created, last_updated) VALUES('444b3c7d-a31e-4028-a251-6cacfca651d9', 0, 4000.0, 'Operador', current_timestamp, current_timestamp);
INSERT INTO driver_license(id, version, antiqueness, date_created, last_updated, expedition, expiration, license_number, license_type) VALUES('716f554e-8a3e-4c6d-bee5-cc5c491d0cf5', 0, current_timestamp, current_timestamp, current_timestamp, current_timestamp, date('9/29/10'), 'TAMP306818', 'A');
INSERT INTO individual(id, version, address_id, date_created, last_name, last_updated, name, second_last_name, class, driver_license_id, email, employee_position_id, employee_type, job_detail_id, personal_data_id, employee_number) VALUES('3823ed71-7b98-4a58-9a54-f19f490e51ae', 0, '9c52da28-becd-4f3f-8f56-1a9a4507cfdb', current_timestamp, 'CRUZ', current_timestamp, 'EDMUNDO', 'MELLADO', 'justcloud.tickets.domain.Employee', '716f554e-8a3e-4c6d-bee5-cc5c491d0cf5', '', 'operator-id', 'REGULAR_EMPLOYEE', '444b3c7d-a31e-4028-a251-6cacfca651d9', null, '1354');
INSERT INTO phone(id, version, date_created, last_updated, number, type) VALUES('cd4cbcd5-6cc5-49b4-9fd6-7b0df8c3679a', 0, current_timestamp, current_timestamp, '833 262 08 30', 'HOME');
INSERT INTO employee_phone(employee_phones_id, phone_id) VALUES('3823ed71-7b98-4a58-9a54-f19f490e51ae', 'cd4cbcd5-6cc5-49b4-9fd6-7b0df8c3679a');
INSERT INTO phone(id, version, date_created, last_updated, number, type) VALUES('59228406-9c67-4cf7-93da-413aaf1f8811', 0, current_timestamp, current_timestamp, '458331544164', 'MOBILE');
INSERT INTO employee_phone(employee_phones_id, phone_id) VALUES('3823ed71-7b98-4a58-9a54-f19f490e51ae', '59228406-9c67-4cf7-93da-413aaf1f8811');
INSERT INTO address(id, version, address, date_created, last_updated, municipality_id, postal_code, settlement_id, state_id) VALUES('7aa0b1e5-5070-4dd5-950d-a9fdbbf13cab', 0, 'FRANCISCO VILLA S/N', current_timestamp, current_timestamp, (select municipality_id from settlement where postal_code = '92000' limit 1), '92000', (select id from settlement where postal_code = '92000' limit 1), (select state_id from settlement where postal_code = '92000' limit 1));
INSERT INTO job_detail(id, version, base_salary, job_name, date_created, last_updated) VALUES('8b20eeb1-3e28-4d18-a826-24f5f34090ef', 0, 4000.0, 'Operador', current_timestamp, current_timestamp);
INSERT INTO driver_license(id, version, antiqueness, date_created, last_updated, expedition, expiration, license_number, license_type) VALUES('daa9eda5-de01-402e-9ed8-f56968674ec5', 0, current_timestamp, current_timestamp, current_timestamp, current_timestamp, date('11/24/10'), 'TAM308455', 'A');
INSERT INTO individual(id, version, address_id, date_created, last_name, last_updated, name, second_last_name, class, driver_license_id, email, employee_position_id, employee_type, job_detail_id, personal_data_id, employee_number) VALUES('3f253aba-8623-4a7e-a589-484288cc1e7f', 0, '7aa0b1e5-5070-4dd5-950d-a9fdbbf13cab', current_timestamp, 'ESQUIVEL', current_timestamp, 'JUAN', 'GUZMAN', 'justcloud.tickets.domain.Employee', 'daa9eda5-de01-402e-9ed8-f56968674ec5', '', 'operator-id', 'REGULAR_EMPLOYEE', '8b20eeb1-3e28-4d18-a826-24f5f34090ef', null, '2040');
INSERT INTO phone(id, version, date_created, last_updated, number, type) VALUES('abd5fe54-3313-4faf-9144-cc123fad23a0', 0, current_timestamp, current_timestamp, '833 262 08 30', 'HOME');
INSERT INTO employee_phone(employee_phones_id, phone_id) VALUES('3f253aba-8623-4a7e-a589-484288cc1e7f', 'abd5fe54-3313-4faf-9144-cc123fad23a0');
INSERT INTO address(id, version, address, date_created, last_updated, municipality_id, postal_code, settlement_id, state_id) VALUES('1e2a50ae-e61d-4fb9-b1a8-15f9d24417e9', 0, 'ANDADOR PLAZA CEDRO No. 720', current_timestamp, current_timestamp, (select municipality_id from settlement where postal_code = '89600' limit 1), '89600', (select id from settlement where postal_code = '89600' limit 1), (select state_id from settlement where postal_code = '89600' limit 1));
INSERT INTO job_detail(id, version, base_salary, job_name, date_created, last_updated) VALUES('40000524-4471-4647-90a1-e9aac7e72380', 0, 4000.0, 'Operador', current_timestamp, current_timestamp);
INSERT INTO individual(id, version, address_id, date_created, last_name, last_updated, name, second_last_name, class, driver_license_id, email, employee_position_id, employee_type, job_detail_id, personal_data_id, employee_number) VALUES('dae743bc-73cd-4af1-a5d3-2eac4befc202', 0, '1e2a50ae-e61d-4fb9-b1a8-15f9d24417e9', current_timestamp, 'FLORES', current_timestamp, 'DANIEL', 'MARTINEZ', 'justcloud.tickets.domain.Employee', null, '', 'operator-id', 'REGULAR_EMPLOYEE', '40000524-4471-4647-90a1-e9aac7e72380', null, '1393');
INSERT INTO phone(id, version, date_created, last_updated, number, type) VALUES('e29ef8c5-2808-4353-b581-dfa5bf6e1aa2', 0, current_timestamp, current_timestamp, '833 302 28 72', 'HOME');
INSERT INTO employee_phone(employee_phones_id, phone_id) VALUES('dae743bc-73cd-4af1-a5d3-2eac4befc202', 'e29ef8c5-2808-4353-b581-dfa5bf6e1aa2');
INSERT INTO address(id, version, address, date_created, last_updated, municipality_id, postal_code, settlement_id, state_id) VALUES('6ade877e-e1cd-4914-9493-feca028e2ccd', 0, 'UGANDA No. 313', current_timestamp, current_timestamp, (select municipality_id from settlement where postal_code = '89317' limit 1), '89317', (select id from settlement where postal_code = '89317' limit 1), (select state_id from settlement where postal_code = '89317' limit 1));
INSERT INTO job_detail(id, version, base_salary, job_name, date_created, last_updated) VALUES('359434ab-2ea4-4615-ba23-d78594112742', 0, 4000.0, 'Operador', current_timestamp, current_timestamp);
INSERT INTO driver_license(id, version, antiqueness, date_created, last_updated, expedition, expiration, license_number, license_type) VALUES('6b04b445-6b04-48f8-9905-51bebf3e4128', 0, current_timestamp, current_timestamp, current_timestamp, current_timestamp, date('1/31/15'), 'TAMP303138', 'A');
INSERT INTO individual(id, version, address_id, date_created, last_name, last_updated, name, second_last_name, class, driver_license_id, email, employee_position_id, employee_type, job_detail_id, personal_data_id, employee_number) VALUES('5ee0a569-c922-4e2d-a4cb-320d509e6f15', 0, '6ade877e-e1cd-4914-9493-feca028e2ccd', current_timestamp, 'GAMEZ', current_timestamp, 'JORGE ALBERTO', 'COLME', 'justcloud.tickets.domain.Employee', '6b04b445-6b04-48f8-9905-51bebf3e4128', '', 'operator-id', 'REGULAR_EMPLOYEE', '359434ab-2ea4-4615-ba23-d78594112742', null, '1429');
INSERT INTO phone(id, version, date_created, last_updated, number, type) VALUES('8daa0bc8-7265-44ed-be57-79b15e6b6415', 0, current_timestamp, current_timestamp, '833 127 48 98', 'MOBILE');
INSERT INTO employee_phone(employee_phones_id, phone_id) VALUES('5ee0a569-c922-4e2d-a4cb-320d509e6f15', '8daa0bc8-7265-44ed-be57-79b15e6b6415');
INSERT INTO address(id, version, address, date_created, last_updated, municipality_id, postal_code, settlement_id, state_id) VALUES('6e8944b9-5a0f-4bbe-b976-02130df08240', 0, 'IGNACIO DE LA LLAVE No. 405', current_timestamp, current_timestamp, (select municipality_id from settlement where postal_code = '93990' limit 1), '93990', (select id from settlement where postal_code = '93990' limit 1), (select state_id from settlement where postal_code = '93990' limit 1));
INSERT INTO job_detail(id, version, base_salary, job_name, date_created, last_updated) VALUES('41da9708-7201-46ba-8536-eb4c8553861f', 0, 4000.0, 'Operador', current_timestamp, current_timestamp);
INSERT INTO driver_license(id, version, antiqueness, date_created, last_updated, expedition, expiration, license_number, license_type) VALUES('dac62604-bfff-47d2-ab3f-fcbfdf0d770f', 0, current_timestamp, current_timestamp, current_timestamp, current_timestamp, date('10/27/11'), 'VER0132612', 'A');
INSERT INTO individual(id, version, address_id, date_created, last_name, last_updated, name, second_last_name, class, driver_license_id, email, employee_position_id, employee_type, job_detail_id, personal_data_id, employee_number) VALUES('5f1d9a51-a30a-49eb-b32a-a54a66b4f87c', 0, '6e8944b9-5a0f-4bbe-b976-02130df08240', current_timestamp, 'GIL DE LEYVA', current_timestamp, 'ALDO CESAR', 'ARELLANO', 'justcloud.tickets.domain.Employee', 'dac62604-bfff-47d2-ab3f-fcbfdf0d770f', '', 'operator-id', 'REGULAR_EMPLOYEE', '41da9708-7201-46ba-8536-eb4c8553861f', null, '1349');
INSERT INTO phone(id, version, date_created, last_updated, number, type) VALUES('20dae53d-9a24-4429-8aa2-acde814f0efa', 0, current_timestamp, current_timestamp, '846 104 92 58', 'HOME');
INSERT INTO employee_phone(employee_phones_id, phone_id) VALUES('5f1d9a51-a30a-49eb-b32a-a54a66b4f87c', '20dae53d-9a24-4429-8aa2-acde814f0efa');
INSERT INTO phone(id, version, date_created, last_updated, number, type) VALUES('20bb3a9e-2793-41c1-a8ce-3a44c4d24178', 0, current_timestamp, current_timestamp, '846 100 33 54', 'MOBILE');
INSERT INTO employee_phone(employee_phones_id, phone_id) VALUES('5f1d9a51-a30a-49eb-b32a-a54a66b4f87c', '20bb3a9e-2793-41c1-a8ce-3a44c4d24178');
INSERT INTO address(id, version, address, date_created, last_updated, municipality_id, postal_code, settlement_id, state_id) VALUES('3baf9003-3d62-44e1-ad44-0727cb2e45a5', 0, 'GARDENIAS No. 227', current_timestamp, current_timestamp, (select municipality_id from settlement where postal_code = '89000' limit 1), '89000', (select id from settlement where postal_code = '89000' limit 1), (select state_id from settlement where postal_code = '89000' limit 1));
INSERT INTO job_detail(id, version, base_salary, job_name, date_created, last_updated) VALUES('bd1d05c0-24a0-41fc-ac6a-e6b80367980a', 0, 4000.0, 'Operador', current_timestamp, current_timestamp);
INSERT INTO driver_license(id, version, antiqueness, date_created, last_updated, expedition, expiration, license_number, license_type) VALUES('ab3f1505-0095-4c77-a53a-d7f19c68cc61', 0, current_timestamp, current_timestamp, current_timestamp, current_timestamp, date('7/17/10'), 'TAMP208002', 'A');
INSERT INTO individual(id, version, address_id, date_created, last_name, last_updated, name, second_last_name, class, driver_license_id, email, employee_position_id, employee_type, job_detail_id, personal_data_id, employee_number) VALUES('ecf911f2-df97-4057-aa63-667d4a98965e', 0, '3baf9003-3d62-44e1-ad44-0727cb2e45a5', current_timestamp, 'GUERRERO', current_timestamp, 'JOSE SERAFIN', 'CRUZ', 'justcloud.tickets.domain.Employee', 'ab3f1505-0095-4c77-a53a-d7f19c68cc61', '', 'operator-id', 'REGULAR_EMPLOYEE', 'bd1d05c0-24a0-41fc-ac6a-e6b80367980a', null, '1031');
INSERT INTO phone(id, version, date_created, last_updated, number, type) VALUES('108bc4c5-de30-476e-85c9-bd0e1245d6a4', 0, current_timestamp, current_timestamp, '833 227 69 18', 'HOME');
INSERT INTO employee_phone(employee_phones_id, phone_id) VALUES('ecf911f2-df97-4057-aa63-667d4a98965e', '108bc4c5-de30-476e-85c9-bd0e1245d6a4');
INSERT INTO address(id, version, address, date_created, last_updated, municipality_id, postal_code, settlement_id, state_id) VALUES('da8df104-2c34-46be-9a3a-dcbb831fd370', 0, 'CATALPA No. 11', current_timestamp, current_timestamp, (select municipality_id from settlement where postal_code = '89600' limit 1), '89600', (select id from settlement where postal_code = '89600' limit 1), (select state_id from settlement where postal_code = '89600' limit 1));
INSERT INTO job_detail(id, version, base_salary, job_name, date_created, last_updated) VALUES('5e5469c7-cf2d-46b5-9474-c6301ef48896', 0, 4000.0, 'Operador', current_timestamp, current_timestamp);
INSERT INTO driver_license(id, version, antiqueness, date_created, last_updated, expedition, expiration, license_number, license_type) VALUES('a7fb786a-9869-43d8-b91e-9c553104fa62', 0, current_timestamp, current_timestamp, current_timestamp, current_timestamp, date('9/8/11'), 'TAMP304255', 'A');
INSERT INTO individual(id, version, address_id, date_created, last_name, last_updated, name, second_last_name, class, driver_license_id, email, employee_position_id, employee_type, job_detail_id, personal_data_id, employee_number) VALUES('fc21b972-5578-4f57-9860-c8880dd00dcd', 0, 'da8df104-2c34-46be-9a3a-dcbb831fd370', current_timestamp, 'GUERRERO', current_timestamp, 'ALEJANDRO', 'VELAZQUEZ', 'justcloud.tickets.domain.Employee', 'a7fb786a-9869-43d8-b91e-9c553104fa62', '', 'operator-id', 'REGULAR_EMPLOYEE', '5e5469c7-cf2d-46b5-9474-c6301ef48896', null, '1382');
INSERT INTO phone(id, version, date_created, last_updated, number, type) VALUES('98378dcc-1ead-4a1e-928d-9ed2ced0e278', 0, current_timestamp, current_timestamp, '833 123 26 80', 'MOBILE');
INSERT INTO employee_phone(employee_phones_id, phone_id) VALUES('fc21b972-5578-4f57-9860-c8880dd00dcd', '98378dcc-1ead-4a1e-928d-9ed2ced0e278');
INSERT INTO job_detail(id, version, base_salary, job_name, date_created, last_updated) VALUES('0eae8814-c6c4-48a1-b4e2-5f2ed7d2f288', 0, 4000.0, 'Operador', current_timestamp, current_timestamp);
INSERT INTO driver_license(id, version, antiqueness, date_created, last_updated, expedition, expiration, license_number, license_type) VALUES('3624ecb5-fe3c-45ff-a7ef-c8ff40c45a48', 0, current_timestamp, current_timestamp, current_timestamp, current_timestamp, date('7/13/11'), 'TAMP306169', 'A');
INSERT INTO individual(id, version, address_id, date_created, last_name, last_updated, name, second_last_name, class, driver_license_id, email, employee_position_id, employee_type, job_detail_id, personal_data_id, employee_number) VALUES('b0079a8b-4244-42bd-9f8d-17d0cf4349a6', 0, null, current_timestamp, 'GUEVARA', current_timestamp, 'JUAN', 'COCA', 'justcloud.tickets.domain.Employee', '3624ecb5-fe3c-45ff-a7ef-c8ff40c45a48', '', 'operator-id', 'REGULAR_EMPLOYEE', '0eae8814-c6c4-48a1-b4e2-5f2ed7d2f288', null, '1032');
INSERT INTO job_detail(id, version, base_salary, job_name, date_created, last_updated) VALUES('9be80e18-c9e8-45af-9780-5ef4eee4da4f', 0, 4000.0, 'Operador', current_timestamp, current_timestamp);
INSERT INTO individual(id, version, address_id, date_created, last_name, last_updated, name, second_last_name, class, driver_license_id, email, employee_position_id, employee_type, job_detail_id, personal_data_id, employee_number) VALUES('75cabbc1-6933-4405-b55a-d04ac09c2ac5', 0, null, current_timestamp, 'GUTIERREZ', current_timestamp, 'MARTIN', 'GUZMAN', 'justcloud.tickets.domain.Employee', null, '', 'operator-id', 'REGULAR_EMPLOYEE', '9be80e18-c9e8-45af-9780-5ef4eee4da4f', null, '1263');
INSERT INTO job_detail(id, version, base_salary, job_name, date_created, last_updated) VALUES('2313f1d9-94fb-4821-9e21-829c56a6f94d', 0, 4000.0, 'Operador', current_timestamp, current_timestamp);
INSERT INTO individual(id, version, address_id, date_created, last_name, last_updated, name, second_last_name, class, driver_license_id, email, employee_position_id, employee_type, job_detail_id, personal_data_id, employee_number) VALUES('c62d523a-7095-4523-9535-4a4b10f63c54', 0, null, current_timestamp, 'GUZMAN', current_timestamp, 'MANUEL ALFREDO', 'CORONA', 'justcloud.tickets.domain.Employee', null, '', 'operator-id', 'REGULAR_EMPLOYEE', '2313f1d9-94fb-4821-9e21-829c56a6f94d', null, '1216');
INSERT INTO job_detail(id, version, base_salary, job_name, date_created, last_updated) VALUES('269f9821-96e5-46b6-acbc-7fb6c6ec9963', 0, 4000.0, 'Operador', current_timestamp, current_timestamp);
INSERT INTO individual(id, version, address_id, date_created, last_name, last_updated, name, second_last_name, class, driver_license_id, email, employee_position_id, employee_type, job_detail_id, personal_data_id, employee_number) VALUES('1b72ffd2-f701-4d1f-936a-3b9a783db40c', 0, null, current_timestamp, 'HERNANDEZ', current_timestamp, 'EDGAR', 'GARCIA', 'justcloud.tickets.domain.Employee', null, '', 'operator-id', 'REGULAR_EMPLOYEE', '269f9821-96e5-46b6-acbc-7fb6c6ec9963', null, '1035');
INSERT INTO job_detail(id, version, base_salary, job_name, date_created, last_updated) VALUES('d99397b4-5fc1-41f1-a793-7685ac2b2b63', 0, 4000.0, 'Operador', current_timestamp, current_timestamp);
INSERT INTO driver_license(id, version, antiqueness, date_created, last_updated, expedition, expiration, license_number, license_type) VALUES('19f05891-5926-4d31-9367-f6e29d93ec70', 0, current_timestamp, current_timestamp, current_timestamp, current_timestamp, date('11/13/10'), 'TAMP102859', 'A');
INSERT INTO individual(id, version, address_id, date_created, last_name, last_updated, name, second_last_name, class, driver_license_id, email, employee_position_id, employee_type, job_detail_id, personal_data_id, employee_number) VALUES('9786f1d6-4014-4ffa-8047-428cac61a234', 0, null, current_timestamp, 'HERNANDEZ', current_timestamp, 'GUADALUPE', 'GONZALEZ', 'justcloud.tickets.domain.Employee', '19f05891-5926-4d31-9367-f6e29d93ec70', '', 'operator-id', 'REGULAR_EMPLOYEE', 'd99397b4-5fc1-41f1-a793-7685ac2b2b63', null, '1307');
INSERT INTO job_detail(id, version, base_salary, job_name, date_created, last_updated) VALUES('bc46ca31-fad4-4ac5-b20a-2cf1417e6e0c', 0, 4000.0, 'Operador', current_timestamp, current_timestamp);
INSERT INTO driver_license(id, version, antiqueness, date_created, last_updated, expedition, expiration, license_number, license_type) VALUES('669f1bb4-cdd1-47f0-997b-7cf1ce56a26a', 0, current_timestamp, current_timestamp, current_timestamp, current_timestamp, date('11/30/10'), 'VER0208364', 'A');
INSERT INTO individual(id, version, address_id, date_created, last_name, last_updated, name, second_last_name, class, driver_license_id, email, employee_position_id, employee_type, job_detail_id, personal_data_id, employee_number) VALUES('2215189a-9a39-497d-9d9d-9c8f0c1256fc', 0, null, current_timestamp, 'HERNANDEZ', current_timestamp, 'JORGE ELIAS', 'GONZALEZ', 'justcloud.tickets.domain.Employee', '669f1bb4-cdd1-47f0-997b-7cf1ce56a26a', '', 'operator-id', 'REGULAR_EMPLOYEE', 'bc46ca31-fad4-4ac5-b20a-2cf1417e6e0c', null, '1408');
INSERT INTO job_detail(id, version, base_salary, job_name, date_created, last_updated) VALUES('f97cfe66-1f18-41ab-8278-fc1cf7d98f45', 0, 4000.0, 'Operador', current_timestamp, current_timestamp);
INSERT INTO driver_license(id, version, antiqueness, date_created, last_updated, expedition, expiration, license_number, license_type) VALUES('aab6363e-17b9-4048-bb97-28bb654cda1f', 0, current_timestamp, current_timestamp, current_timestamp, current_timestamp, date('3/18/11'), 'TAMP309997', 'A');
INSERT INTO individual(id, version, address_id, date_created, last_name, last_updated, name, second_last_name, class, driver_license_id, email, employee_position_id, employee_type, job_detail_id, personal_data_id, employee_number) VALUES('7572e7e7-b48f-4e9d-a555-5958ff930ebe', 0, null, current_timestamp, 'HERNANDEZ', current_timestamp, 'FRANCISCO JAVIER', 'JUAREZ', 'justcloud.tickets.domain.Employee', 'aab6363e-17b9-4048-bb97-28bb654cda1f', '', 'operator-id', 'REGULAR_EMPLOYEE', 'f97cfe66-1f18-41ab-8278-fc1cf7d98f45', null, '1153');
INSERT INTO job_detail(id, version, base_salary, job_name, date_created, last_updated) VALUES('132ab017-7fcb-4c68-8063-d12fc4749ec6', 0, 4000.0, 'Operador', current_timestamp, current_timestamp);
INSERT INTO driver_license(id, version, antiqueness, date_created, last_updated, expedition, expiration, license_number, license_type) VALUES('b0a45b01-880b-4460-95c2-5f53f74484ef', 0, current_timestamp, current_timestamp, current_timestamp, current_timestamp, date('5/11/11'), 'TAMP310784', 'A');
INSERT INTO individual(id, version, address_id, date_created, last_name, last_updated, name, second_last_name, class, driver_license_id, email, employee_position_id, employee_type, job_detail_id, personal_data_id, employee_number) VALUES('c33c1013-baf7-4edb-b25d-4a514ec3ab3b', 0, null, current_timestamp, 'HERNANDEZ', current_timestamp, 'JULIO CESAR', 'MARTINEZ', 'justcloud.tickets.domain.Employee', 'b0a45b01-880b-4460-95c2-5f53f74484ef', '', 'operator-id', 'REGULAR_EMPLOYEE', '132ab017-7fcb-4c68-8063-d12fc4749ec6', null, '1315');
INSERT INTO job_detail(id, version, base_salary, job_name, date_created, last_updated) VALUES('aa52a4b5-d675-4f0b-805a-7f7ed24276da', 0, 4000.0, 'Operador', current_timestamp, current_timestamp);
INSERT INTO individual(id, version, address_id, date_created, last_name, last_updated, name, second_last_name, class, driver_license_id, email, employee_position_id, employee_type, job_detail_id, personal_data_id, employee_number) VALUES('afdd61d4-1f61-439c-8e4b-90fccb5ef93e', 0, null, current_timestamp, 'HERNANDEZ', current_timestamp, 'DANIEL', 'RAMIREZ', 'justcloud.tickets.domain.Employee', null, '', 'operator-id', 'REGULAR_EMPLOYEE', 'aa52a4b5-d675-4f0b-805a-7f7ed24276da', null, '1417');
INSERT INTO job_detail(id, version, base_salary, job_name, date_created, last_updated) VALUES('2f278477-899c-4411-a8e8-13a69915b94b', 0, 4000.0, 'Operador', current_timestamp, current_timestamp);
INSERT INTO individual(id, version, address_id, date_created, last_name, last_updated, name, second_last_name, class, driver_license_id, email, employee_position_id, employee_type, job_detail_id, personal_data_id, employee_number) VALUES('cee1080e-a31c-4ca5-a950-f95a13f62312', 0, null, current_timestamp, 'JIMENEZ', current_timestamp, 'ELI', 'HERNANDEZ', 'justcloud.tickets.domain.Employee', null, '', 'operator-id', 'REGULAR_EMPLOYEE', '2f278477-899c-4411-a8e8-13a69915b94b', null, '1376');
INSERT INTO job_detail(id, version, base_salary, job_name, date_created, last_updated) VALUES('bc7dec67-7e1d-4293-a2ad-4a64ededf4e2', 0, 4000.0, 'Operador', current_timestamp, current_timestamp);
INSERT INTO driver_license(id, version, antiqueness, date_created, last_updated, expedition, expiration, license_number, license_type) VALUES('d2842a26-8221-4c79-94f9-1ea4d27fe1d7', 0, current_timestamp, current_timestamp, current_timestamp, current_timestamp, date('9/22/10'), 'TAMP310633', 'A');
INSERT INTO individual(id, version, address_id, date_created, last_name, last_updated, name, second_last_name, class, driver_license_id, email, employee_position_id, employee_type, job_detail_id, personal_data_id, employee_number) VALUES('918e64af-8239-47ae-bde0-efd59e612393', 0, null, current_timestamp, 'LOZANO', current_timestamp, 'JUAN CARLOS', 'IZAGUIRRE', 'justcloud.tickets.domain.Employee', 'd2842a26-8221-4c79-94f9-1ea4d27fe1d7', '', 'operator-id', 'REGULAR_EMPLOYEE', 'bc7dec67-7e1d-4293-a2ad-4a64ededf4e2', null, '1384');
INSERT INTO job_detail(id, version, base_salary, job_name, date_created, last_updated) VALUES('83c89322-bc2c-463f-8ed1-72adccabf0f6', 0, 4000.0, 'Operador', current_timestamp, current_timestamp);
INSERT INTO individual(id, version, address_id, date_created, last_name, last_updated, name, second_last_name, class, driver_license_id, email, employee_position_id, employee_type, job_detail_id, personal_data_id, employee_number) VALUES('4dfb4fe1-ffcf-4821-b7c6-861589372755', 0, null, current_timestamp, 'MALDONADO', current_timestamp, 'JESUS ISIDRO', 'CRUZ', 'justcloud.tickets.domain.Employee', null, '', 'operator-id', 'REGULAR_EMPLOYEE', '83c89322-bc2c-463f-8ed1-72adccabf0f6', null, '1391');
INSERT INTO job_detail(id, version, base_salary, job_name, date_created, last_updated) VALUES('a893a878-5546-4c14-ace2-49fcc3ce7d4d', 0, 4000.0, 'Operador', current_timestamp, current_timestamp);
INSERT INTO driver_license(id, version, antiqueness, date_created, last_updated, expedition, expiration, license_number, license_type) VALUES('90dbed7c-4a40-4a76-ae82-cf8eb48776ec', 0, current_timestamp, current_timestamp, current_timestamp, current_timestamp, date('10/25/10'), 'TAMP305294', 'A');
INSERT INTO individual(id, version, address_id, date_created, last_name, last_updated, name, second_last_name, class, driver_license_id, email, employee_position_id, employee_type, job_detail_id, personal_data_id, employee_number) VALUES('a84bff5f-49f3-4a92-8cd7-581e7c09f481', 0, null, current_timestamp, 'MARIN', current_timestamp, 'RAUL', 'NUÑEZ', 'justcloud.tickets.domain.Employee', '90dbed7c-4a40-4a76-ae82-cf8eb48776ec', '', 'operator-id', 'REGULAR_EMPLOYEE', 'a893a878-5546-4c14-ace2-49fcc3ce7d4d', null, '2036');
INSERT INTO job_detail(id, version, base_salary, job_name, date_created, last_updated) VALUES('a0fb68e8-3adc-4585-aa4e-942e33271cea', 0, 4000.0, 'Operador', current_timestamp, current_timestamp);
INSERT INTO driver_license(id, version, antiqueness, date_created, last_updated, expedition, expiration, license_number, license_type) VALUES('a86d794f-d2be-4e32-8c20-d87a2f6e11ff', 0, current_timestamp, current_timestamp, current_timestamp, current_timestamp, date('1/8/12'), 'TAMP306538', 'A');
INSERT INTO individual(id, version, address_id, date_created, last_name, last_updated, name, second_last_name, class, driver_license_id, email, employee_position_id, employee_type, job_detail_id, personal_data_id, employee_number) VALUES('dc827b83-d25f-490a-8312-ae15a868da57', 0, null, current_timestamp, 'MARTINEZ', current_timestamp, 'RAMON', 'MARIÑO', 'justcloud.tickets.domain.Employee', 'a86d794f-d2be-4e32-8c20-d87a2f6e11ff', '', 'operator-id', 'REGULAR_EMPLOYEE', 'a0fb68e8-3adc-4585-aa4e-942e33271cea', null, '1271');
INSERT INTO job_detail(id, version, base_salary, job_name, date_created, last_updated) VALUES('b79ae358-c071-4ca1-8945-5c3aa8aa60e1', 0, 4000.0, 'Operador', current_timestamp, current_timestamp);
INSERT INTO driver_license(id, version, antiqueness, date_created, last_updated, expedition, expiration, license_number, license_type) VALUES('2d78e17e-3961-470b-b6bd-2f64d54e5cc6', 0, current_timestamp, current_timestamp, current_timestamp, current_timestamp, date('7/20/11'), 'TAMP303464', 'A');
INSERT INTO individual(id, version, address_id, date_created, last_name, last_updated, name, second_last_name, class, driver_license_id, email, employee_position_id, employee_type, job_detail_id, personal_data_id, employee_number) VALUES('b7f24bf2-7b7c-4c23-a7ff-661b31c02e2e', 0, null, current_timestamp, 'MARTINEZ', current_timestamp, 'JUAN PABLO', 'DE LA ROSA', 'justcloud.tickets.domain.Employee', '2d78e17e-3961-470b-b6bd-2f64d54e5cc6', '', 'operator-id', 'REGULAR_EMPLOYEE', 'b79ae358-c071-4ca1-8945-5c3aa8aa60e1', null, '2038');
INSERT INTO job_detail(id, version, base_salary, job_name, date_created, last_updated) VALUES('e94f38da-90e6-44dd-8d1b-a6726bdac8dc', 0, 4000.0, 'Operador', current_timestamp, current_timestamp);
INSERT INTO driver_license(id, version, antiqueness, date_created, last_updated, expedition, expiration, license_number, license_type) VALUES('f026a623-58d8-4d4c-a448-b7dce98ac713', 0, current_timestamp, current_timestamp, current_timestamp, current_timestamp, date('7/31/11'), 'TAMP309587', 'A');
INSERT INTO individual(id, version, address_id, date_created, last_name, last_updated, name, second_last_name, class, driver_license_id, email, employee_position_id, employee_type, job_detail_id, personal_data_id, employee_number) VALUES('5e3e589b-039f-4087-bc3d-07bec7485311', 0, null, current_timestamp, 'MARTINEZ', current_timestamp, 'JOSE LUIS', 'MENESES', 'justcloud.tickets.domain.Employee', 'f026a623-58d8-4d4c-a448-b7dce98ac713', '', 'operator-id', 'REGULAR_EMPLOYEE', 'e94f38da-90e6-44dd-8d1b-a6726bdac8dc', null, '2032');
INSERT INTO job_detail(id, version, base_salary, job_name, date_created, last_updated) VALUES('3d38376b-be9e-4719-85ce-56235499c2e9', 0, 4000.0, 'Operador', current_timestamp, current_timestamp);
INSERT INTO driver_license(id, version, antiqueness, date_created, last_updated, expedition, expiration, license_number, license_type) VALUES('3aaecfd8-94d7-4223-b42c-a1af16f3e690', 0, current_timestamp, current_timestamp, current_timestamp, current_timestamp, date('7/31/11'), 'TAMP309587', 'A');
INSERT INTO individual(id, version, address_id, date_created, last_name, last_updated, name, second_last_name, class, driver_license_id, email, employee_position_id, employee_type, job_detail_id, personal_data_id, employee_number) VALUES('08eac6fd-067e-4aac-ab20-952e16555c50', 0, null, current_timestamp, 'MARTINEZ', current_timestamp, 'JOSE LUIS', 'PEREZ', 'justcloud.tickets.domain.Employee', '3aaecfd8-94d7-4223-b42c-a1af16f3e690', '', 'operator-id', 'REGULAR_EMPLOYEE', '3d38376b-be9e-4719-85ce-56235499c2e9', null, '1386');
INSERT INTO job_detail(id, version, base_salary, job_name, date_created, last_updated) VALUES('10f8afe9-a4b4-4a51-975e-b94ee32ca159', 0, 4000.0, 'Operador', current_timestamp, current_timestamp);
INSERT INTO individual(id, version, address_id, date_created, last_name, last_updated, name, second_last_name, class, driver_license_id, email, employee_position_id, employee_type, job_detail_id, personal_data_id, employee_number) VALUES('92e6167a-b0e7-40cc-b1b5-e94f2ade0847', 0, null, current_timestamp, 'MORENO', current_timestamp, 'FIDEL', 'ARREOLA', 'justcloud.tickets.domain.Employee', null, '', 'operator-id', 'REGULAR_EMPLOYEE', '10f8afe9-a4b4-4a51-975e-b94ee32ca159', null, '2031');
INSERT INTO job_detail(id, version, base_salary, job_name, date_created, last_updated) VALUES('c8bd4d1d-7dbe-40eb-ae03-abbe1487d55a', 0, 4000.0, 'Operador', current_timestamp, current_timestamp);
INSERT INTO driver_license(id, version, antiqueness, date_created, last_updated, expedition, expiration, license_number, license_type) VALUES('0dcd17fa-58ed-47aa-b95c-b593d7954603', 0, current_timestamp, current_timestamp, current_timestamp, current_timestamp, date('8/22/11'), 'TAMP308942', 'A');
INSERT INTO individual(id, version, address_id, date_created, last_name, last_updated, name, second_last_name, class, driver_license_id, email, employee_position_id, employee_type, job_detail_id, personal_data_id, employee_number) VALUES('d8ec4b39-b42f-4d3c-8a8f-473e21cb4a06', 0, null, current_timestamp, 'PADILLA', current_timestamp, 'MIGUEL ANGEL', 'RAMIREZ', 'justcloud.tickets.domain.Employee', '0dcd17fa-58ed-47aa-b95c-b593d7954603', '', 'operator-id', 'REGULAR_EMPLOYEE', 'c8bd4d1d-7dbe-40eb-ae03-abbe1487d55a', null, '1256');
INSERT INTO job_detail(id, version, base_salary, job_name, date_created, last_updated) VALUES('61ff064f-9914-4ced-b61c-92c2e494a45f', 0, 4000.0, 'Operador', current_timestamp, current_timestamp);
INSERT INTO driver_license(id, version, antiqueness, date_created, last_updated, expedition, expiration, license_number, license_type) VALUES('ccb058ac-6757-4041-9839-a9949950017c', 0, current_timestamp, current_timestamp, current_timestamp, current_timestamp, date('4/23/11'), 'VER0304977', 'A');
INSERT INTO individual(id, version, address_id, date_created, last_name, last_updated, name, second_last_name, class, driver_license_id, email, employee_position_id, employee_type, job_detail_id, personal_data_id, employee_number) VALUES('7be277b8-b298-4ff7-ab24-78e5d90244de', 0, null, current_timestamp, 'PONCE DE LEON', current_timestamp, 'LUIS LEON', 'RAMIREZ', 'justcloud.tickets.domain.Employee', 'ccb058ac-6757-4041-9839-a9949950017c', '', 'operator-id', 'REGULAR_EMPLOYEE', '61ff064f-9914-4ced-b61c-92c2e494a45f', null, '2037');
INSERT INTO address(id, version, address, date_created, last_updated, municipality_id, postal_code, settlement_id, state_id) VALUES('1f8de0dd-059f-45d2-b74d-2d107ac5973b', 0, 'GOLFO DE CORTEZ No. 304', current_timestamp, current_timestamp, (select municipality_id from settlement where postal_code = '89400' limit 1), '89400', (select id from settlement where postal_code = '89400' limit 1), (select state_id from settlement where postal_code = '89400' limit 1));
INSERT INTO job_detail(id, version, base_salary, job_name, date_created, last_updated) VALUES('dcca6780-1909-4a32-8d28-d20a7e81d50a', 0, 4000.0, 'Operador', current_timestamp, current_timestamp);
INSERT INTO driver_license(id, version, antiqueness, date_created, last_updated, expedition, expiration, license_number, license_type) VALUES('b7367b8d-0c02-4126-8c0b-160ac208d40a', 0, current_timestamp, current_timestamp, current_timestamp, current_timestamp, date('1/21/11'), 'TAMP305799', 'A');
INSERT INTO individual(id, version, address_id, date_created, last_name, last_updated, name, second_last_name, class, driver_license_id, email, employee_position_id, employee_type, job_detail_id, personal_data_id, employee_number) VALUES('e4ad1144-99f1-4b07-9898-8a47db66019e', 0, '1f8de0dd-059f-45d2-b74d-2d107ac5973b', current_timestamp, 'MARTINEZ', current_timestamp, 'BENITO', 'RAMIREZ', 'justcloud.tickets.domain.Employee', 'b7367b8d-0c02-4126-8c0b-160ac208d40a', '', 'operator-id', 'REGULAR_EMPLOYEE', 'dcca6780-1909-4a32-8d28-d20a7e81d50a', null, '1577');
INSERT INTO phone(id, version, date_created, last_updated, number, type) VALUES('be404c69-48e9-4d5b-96c3-57af9d2d8b0a', 0, current_timestamp, current_timestamp, '8333035200', 'MOBILE');
INSERT INTO employee_phone(employee_phones_id, phone_id) VALUES('e4ad1144-99f1-4b07-9898-8a47db66019e', 'be404c69-48e9-4d5b-96c3-57af9d2d8b0a');
INSERT INTO job_detail(id, version, base_salary, job_name, date_created, last_updated) VALUES('8861d651-4394-4a84-a28e-92f0c4a88589', 0, 4000.0, 'Operador', current_timestamp, current_timestamp);
INSERT INTO driver_license(id, version, antiqueness, date_created, last_updated, expedition, expiration, license_number, license_type) VALUES('40593d31-5890-4982-9996-5632741a5af9', 0, current_timestamp, current_timestamp, current_timestamp, current_timestamp, date('6/9/11'), 'TAMP308805', 'A');
INSERT INTO individual(id, version, address_id, date_created, last_name, last_updated, name, second_last_name, class, driver_license_id, email, employee_position_id, employee_type, job_detail_id, personal_data_id, employee_number) VALUES('9d37f23d-0496-4bd7-8014-ce6009183dd2', 0, null, current_timestamp, 'REYES', current_timestamp, 'JULIO', 'HERNANDEZ', 'justcloud.tickets.domain.Employee', '40593d31-5890-4982-9996-5632741a5af9', '', 'operator-id', 'REGULAR_EMPLOYEE', '8861d651-4394-4a84-a28e-92f0c4a88589', null, '2039');
INSERT INTO job_detail(id, version, base_salary, job_name, date_created, last_updated) VALUES('d4a179bd-22ff-46e6-8143-15ccbe861614', 0, 4000.0, 'Operador', current_timestamp, current_timestamp);
INSERT INTO driver_license(id, version, antiqueness, date_created, last_updated, expedition, expiration, license_number, license_type) VALUES('7764dc74-39fc-4243-aa15-e88fb2e54e1b', 0, current_timestamp, current_timestamp, current_timestamp, current_timestamp, date('5/2/11'), 'TAMP303296', 'A');
INSERT INTO individual(id, version, address_id, date_created, last_name, last_updated, name, second_last_name, class, driver_license_id, email, employee_position_id, employee_type, job_detail_id, personal_data_id, employee_number) VALUES('4b958bf7-b477-4027-8608-3dca2c21883b', 0, null, current_timestamp, 'RIVERA', current_timestamp, 'RAUL', 'LOPEZ', 'justcloud.tickets.domain.Employee', '7764dc74-39fc-4243-aa15-e88fb2e54e1b', '', 'operator-id', 'REGULAR_EMPLOYEE', 'd4a179bd-22ff-46e6-8143-15ccbe861614', null, '1377');
INSERT INTO job_detail(id, version, base_salary, job_name, date_created, last_updated) VALUES('1225bc83-c219-4b68-9a7d-a43aee6274bd', 0, 4000.0, 'Operador', current_timestamp, current_timestamp);
INSERT INTO driver_license(id, version, antiqueness, date_created, last_updated, expedition, expiration, license_number, license_type) VALUES('99db7dca-378d-47b9-ac66-e3479611f5c5', 0, current_timestamp, current_timestamp, current_timestamp, current_timestamp, date('9/5/11'), 'TAMP310175', 'A');
INSERT INTO individual(id, version, address_id, date_created, last_name, last_updated, name, second_last_name, class, driver_license_id, email, employee_position_id, employee_type, job_detail_id, personal_data_id, employee_number) VALUES('995daf95-3a65-4cef-842b-4b4c15cd033c', 0, null, current_timestamp, 'RODRIGUEZ', current_timestamp, 'RICARDO', 'DIAZ', 'justcloud.tickets.domain.Employee', '99db7dca-378d-47b9-ac66-e3479611f5c5', '', 'operator-id', 'REGULAR_EMPLOYEE', '1225bc83-c219-4b68-9a7d-a43aee6274bd', null, '1228');
INSERT INTO job_detail(id, version, base_salary, job_name, date_created, last_updated) VALUES('ca3e02eb-d536-4116-bdd1-0daacdeb695b', 0, 4000.0, 'Operador', current_timestamp, current_timestamp);
INSERT INTO driver_license(id, version, antiqueness, date_created, last_updated, expedition, expiration, license_number, license_type) VALUES('79521084-7641-4413-8ff2-b37d0e0777b0', 0, current_timestamp, current_timestamp, current_timestamp, current_timestamp, date('5/2/15'), 'MICH100535', 'A');
INSERT INTO individual(id, version, address_id, date_created, last_name, last_updated, name, second_last_name, class, driver_license_id, email, employee_position_id, employee_type, job_detail_id, personal_data_id, employee_number) VALUES('965e1ae1-4985-4505-a41e-cbd0993f23c1', 0, null, current_timestamp, 'RONQUILLO', current_timestamp, 'SERGIO', 'FERRETIS', 'justcloud.tickets.domain.Employee', '79521084-7641-4413-8ff2-b37d0e0777b0', '', 'operator-id', 'REGULAR_EMPLOYEE', 'ca3e02eb-d536-4116-bdd1-0daacdeb695b', null, '1353');
INSERT INTO job_detail(id, version, base_salary, job_name, date_created, last_updated) VALUES('829a39c7-fa04-4bce-8fd8-02e07c61a9f6', 0, 4000.0, 'Operador', current_timestamp, current_timestamp);
INSERT INTO individual(id, version, address_id, date_created, last_name, last_updated, name, second_last_name, class, driver_license_id, email, employee_position_id, employee_type, job_detail_id, personal_data_id, employee_number) VALUES('3585888d-72ec-4140-a8be-505afa266a06', 0, null, current_timestamp, 'RUBIO', current_timestamp, 'JORGE', '', 'justcloud.tickets.domain.Employee', null, '', 'operator-id', 'REGULAR_EMPLOYEE', '829a39c7-fa04-4bce-8fd8-02e07c61a9f6', null, '1068');
INSERT INTO job_detail(id, version, base_salary, job_name, date_created, last_updated) VALUES('31ce6f0b-8edc-463d-bec6-6389f4feff11', 0, 4000.0, 'Operador', current_timestamp, current_timestamp);
INSERT INTO driver_license(id, version, antiqueness, date_created, last_updated, expedition, expiration, license_number, license_type) VALUES('b1e9eea6-1fa3-448b-81e6-824a3aedfa4b', 0, current_timestamp, current_timestamp, current_timestamp, current_timestamp, date('5/30/15'), 'TAMP305402', 'A');
INSERT INTO individual(id, version, address_id, date_created, last_name, last_updated, name, second_last_name, class, driver_license_id, email, employee_position_id, employee_type, job_detail_id, personal_data_id, employee_number) VALUES('5be22451-0a11-497f-a098-e4f1b9cf46dc', 0, null, current_timestamp, 'SILVA', current_timestamp, 'JACINTO ARTURO', 'PEDRAZA', 'justcloud.tickets.domain.Employee', 'b1e9eea6-1fa3-448b-81e6-824a3aedfa4b', '', 'operator-id', 'REGULAR_EMPLOYEE', '31ce6f0b-8edc-463d-bec6-6389f4feff11', null, '1160');
INSERT INTO job_detail(id, version, base_salary, job_name, date_created, last_updated) VALUES('a51c5fb3-a2c0-46e9-939d-aa9802e4834d', 0, 4000.0, 'Operador', current_timestamp, current_timestamp);
INSERT INTO driver_license(id, version, antiqueness, date_created, last_updated, expedition, expiration, license_number, license_type) VALUES('d3d980c2-4bf0-4dee-a0ef-223fa80bbfee', 0, current_timestamp, current_timestamp, current_timestamp, current_timestamp, date('3/10/12'), 'TAMP301339', 'A');
INSERT INTO individual(id, version, address_id, date_created, last_name, last_updated, name, second_last_name, class, driver_license_id, email, employee_position_id, employee_type, job_detail_id, personal_data_id, employee_number) VALUES('19017b63-bc05-4317-8d30-274856e67f7b', 0, null, current_timestamp, 'VALDEZ', current_timestamp, 'RAUL', 'LUNA', 'justcloud.tickets.domain.Employee', 'd3d980c2-4bf0-4dee-a0ef-223fa80bbfee', '', 'operator-id', 'REGULAR_EMPLOYEE', 'a51c5fb3-a2c0-46e9-939d-aa9802e4834d', null, '1422');
INSERT INTO job_detail(id, version, base_salary, job_name, date_created, last_updated) VALUES('57858bf9-1930-48bd-b085-d7673011ffc5', 0, 4000.0, 'Operador', current_timestamp, current_timestamp);
INSERT INTO driver_license(id, version, antiqueness, date_created, last_updated, expedition, expiration, license_number, license_type) VALUES('02ff05b2-5093-4742-8a19-07d05366d4b3', 0, current_timestamp, current_timestamp, current_timestamp, current_timestamp, date('5/28/15'), 'TAMP309244', 'A');
INSERT INTO individual(id, version, address_id, date_created, last_name, last_updated, name, second_last_name, class, driver_license_id, email, employee_position_id, employee_type, job_detail_id, personal_data_id, employee_number) VALUES('1ad2ba58-1a2d-45ef-820c-62ce2879e8df', 0, null, current_timestamp, 'VAZQUEZ', current_timestamp, 'CARLOS DANIEL', 'MUÑIS', 'justcloud.tickets.domain.Employee', '02ff05b2-5093-4742-8a19-07d05366d4b3', '', 'operator-id', 'REGULAR_EMPLOYEE', '57858bf9-1930-48bd-b085-d7673011ffc5', null, '1378');
INSERT INTO job_detail(id, version, base_salary, job_name, date_created, last_updated) VALUES('3f4af923-b2b7-4e9f-bdf1-6ead9e03b6b3', 0, 4000.0, 'Operador', current_timestamp, current_timestamp);
INSERT INTO driver_license(id, version, antiqueness, date_created, last_updated, expedition, expiration, license_number, license_type) VALUES('a1f830e2-1f54-44bf-ba5c-e52c69964362', 0, current_timestamp, current_timestamp, current_timestamp, current_timestamp, date('10/14/11'), 'TAMP310251', 'A');
INSERT INTO individual(id, version, address_id, date_created, last_name, last_updated, name, second_last_name, class, driver_license_id, email, employee_position_id, employee_type, job_detail_id, personal_data_id, employee_number) VALUES('079cf3d6-0528-4eed-bab8-b13f06b21328', 0, null, current_timestamp, 'ZEQUERA', current_timestamp, 'PEDRO', 'CASTELLANOS', 'justcloud.tickets.domain.Employee', 'a1f830e2-1f54-44bf-ba5c-e52c69964362', '', 'operator-id', 'REGULAR_EMPLOYEE', '3f4af923-b2b7-4e9f-bdf1-6ead9e03b6b3', null, '1424');
INSERT INTO job_detail(id, version, base_salary, job_name, date_created, last_updated) VALUES('0aecabd2-dd07-4fd5-a9b0-f97f7bc865e2', 0, 4000.0, 'Operador', current_timestamp, current_timestamp);
INSERT INTO driver_license(id, version, antiqueness, date_created, last_updated, expedition, expiration, license_number, license_type) VALUES('7d0b9e93-8641-4649-9846-ac0d8dc2f59e', 0, current_timestamp, current_timestamp, current_timestamp, current_timestamp, date('12/6/11'), 'TAMP307699', 'A');
INSERT INTO individual(id, version, address_id, date_created, last_name, last_updated, name, second_last_name, class, driver_license_id, email, employee_position_id, employee_type, job_detail_id, personal_data_id, employee_number) VALUES('25f9b775-96c4-404d-9b5c-d69d38164d8f', 0, null, current_timestamp, 'MORALES', current_timestamp, 'PEDRO', 'ESPINOSA', 'justcloud.tickets.domain.Employee', '7d0b9e93-8641-4649-9846-ac0d8dc2f59e', '', 'operator-id', 'REGULAR_EMPLOYEE', '0aecabd2-dd07-4fd5-a9b0-f97f7bc865e2', null, '1444');
INSERT INTO job_detail(id, version, base_salary, job_name, date_created, last_updated) VALUES('d8d97fed-8628-45d4-a6ec-329fc30138ec', 0, 4000.0, 'Operador', current_timestamp, current_timestamp);
INSERT INTO individual(id, version, address_id, date_created, last_name, last_updated, name, second_last_name, class, driver_license_id, email, employee_position_id, employee_type, job_detail_id, personal_data_id, employee_number) VALUES('03c1a494-e763-4ba7-a3b8-dfa0f3b6c4f8', 0, null, current_timestamp, 'SALINAS', current_timestamp, 'JOSE', 'PUENTES', 'justcloud.tickets.domain.Employee', null, '', 'operator-id', 'REGULAR_EMPLOYEE', 'd8d97fed-8628-45d4-a6ec-329fc30138ec', null, '1446');
INSERT INTO job_detail(id, version, base_salary, job_name, date_created, last_updated) VALUES('6f6a7172-8eef-4b47-a4dd-5b251126e40b', 0, 4000.0, 'Operador', current_timestamp, current_timestamp);
INSERT INTO driver_license(id, version, antiqueness, date_created, last_updated, expedition, expiration, license_number, license_type) VALUES('62e70859-bcc2-46e9-aab5-92f7a264354b', 0, current_timestamp, current_timestamp, current_timestamp, current_timestamp, date('2/15/12'), 'DF111752', 'A');
INSERT INTO individual(id, version, address_id, date_created, last_name, last_updated, name, second_last_name, class, driver_license_id, email, employee_position_id, employee_type, job_detail_id, personal_data_id, employee_number) VALUES('2e198e4b-8045-45d0-a3cb-072bb069045e', 0, null, current_timestamp, 'TABARES', current_timestamp, 'JOSE GUADALUPE', 'GARCIA', 'justcloud.tickets.domain.Employee', '62e70859-bcc2-46e9-aab5-92f7a264354b', '', 'operator-id', 'REGULAR_EMPLOYEE', '6f6a7172-8eef-4b47-a4dd-5b251126e40b', null, '1072');
INSERT INTO job_detail(id, version, base_salary, job_name, date_created, last_updated) VALUES('d1101632-e631-44a2-a3cb-fb75dbd4094f', 0, 4000.0, 'Operador', current_timestamp, current_timestamp);
INSERT INTO driver_license(id, version, antiqueness, date_created, last_updated, expedition, expiration, license_number, license_type) VALUES('d4bdacc8-ab26-46f0-b7c2-02444f31f3a1', 0, current_timestamp, current_timestamp, current_timestamp, current_timestamp, date('3/11/10'), 'TAMP309180', 'A');
INSERT INTO individual(id, version, address_id, date_created, last_name, last_updated, name, second_last_name, class, driver_license_id, email, employee_position_id, employee_type, job_detail_id, personal_data_id, employee_number) VALUES('ff069033-c698-4713-945e-e8951f8bdf66', 0, null, current_timestamp, 'SALMERON', current_timestamp, 'LUIS ENRIQUE', 'ORTIZ', 'justcloud.tickets.domain.Employee', 'd4bdacc8-ab26-46f0-b7c2-02444f31f3a1', '', 'operator-id', 'REGULAR_EMPLOYEE', 'd1101632-e631-44a2-a3cb-fb75dbd4094f', null, '1447');
INSERT INTO job_detail(id, version, base_salary, job_name, date_created, last_updated) VALUES('073ca964-5ca9-47bb-92bc-a86be52df579', 0, 4000.0, 'Operador', current_timestamp, current_timestamp);
INSERT INTO driver_license(id, version, antiqueness, date_created, last_updated, expedition, expiration, license_number, license_type) VALUES('da4b286e-9cee-446e-b942-bb2db416d0ac', 0, current_timestamp, current_timestamp, current_timestamp, current_timestamp, date('1/16/11'), 'DF00117944', 'A');
INSERT INTO individual(id, version, address_id, date_created, last_name, last_updated, name, second_last_name, class, driver_license_id, email, employee_position_id, employee_type, job_detail_id, personal_data_id, employee_number) VALUES('93573b7f-a6fa-4655-baef-041a9d56d5f8', 0, null, current_timestamp, 'GUTIERREZ', current_timestamp, 'JOSE LUIS', 'MACORRA', 'justcloud.tickets.domain.Employee', 'da4b286e-9cee-446e-b942-bb2db416d0ac', '', 'operator-id', 'REGULAR_EMPLOYEE', '073ca964-5ca9-47bb-92bc-a86be52df579', null, '1319');
INSERT INTO job_detail(id, version, base_salary, job_name, date_created, last_updated) VALUES('383fe35f-cf49-4ed2-89e0-ac113de9ab37', 0, 4000.0, 'Operador', current_timestamp, current_timestamp);
INSERT INTO driver_license(id, version, antiqueness, date_created, last_updated, expedition, expiration, license_number, license_type) VALUES('b434e6b0-baa9-4e0b-9e5b-1206299d70f0', 0, current_timestamp, current_timestamp, current_timestamp, current_timestamp, date('3/24/12'), 'HGO03425', 'A');
INSERT INTO individual(id, version, address_id, date_created, last_name, last_updated, name, second_last_name, class, driver_license_id, email, employee_position_id, employee_type, job_detail_id, personal_data_id, employee_number) VALUES('4fa5229c-14db-41ba-aa91-7fc7ff774daa', 0, null, current_timestamp, 'OLVERA', current_timestamp, 'ATANASIO', 'OSORIO', 'justcloud.tickets.domain.Employee', 'b434e6b0-baa9-4e0b-9e5b-1206299d70f0', '', 'operator-id', 'REGULAR_EMPLOYEE', '383fe35f-cf49-4ed2-89e0-ac113de9ab37', null, '1416');
INSERT INTO address(id, version, address, date_created, last_updated, municipality_id, postal_code, settlement_id, state_id) VALUES('0aa376bb-9c53-4e2d-819c-7296473e376d', 0, 'PRIV. EBANO EDIF. 17-3', current_timestamp, current_timestamp, (select municipality_id from settlement where postal_code = '89550' limit 1), '89550', (select id from settlement where postal_code = '89550' limit 1), (select state_id from settlement where postal_code = '89550' limit 1));
INSERT INTO job_detail(id, version, base_salary, job_name, date_created, last_updated) VALUES('24e8faea-be71-44f3-8dc6-05f47a5b98bf', 0, 4000.0, 'Operador', current_timestamp, current_timestamp);
INSERT INTO driver_license(id, version, antiqueness, date_created, last_updated, expedition, expiration, license_number, license_type) VALUES('28b0a304-76e8-4bbc-a722-285468820a14', 0, current_timestamp, current_timestamp, current_timestamp, current_timestamp, date('10/14/09'), 'TAMP310244', 'A');
INSERT INTO individual(id, version, address_id, date_created, last_name, last_updated, name, second_last_name, class, driver_license_id, email, employee_position_id, employee_type, job_detail_id, personal_data_id, employee_number) VALUES('0f2d7148-ec6a-473c-8bb5-753e16b7283d', 0, '0aa376bb-9c53-4e2d-819c-7296473e376d', current_timestamp, 'BRAVO', current_timestamp, 'JOSE LUIS', 'GARZA', 'justcloud.tickets.domain.Employee', '28b0a304-76e8-4bbc-a722-285468820a14', '', 'operator-id', 'REGULAR_EMPLOYEE', '24e8faea-be71-44f3-8dc6-05f47a5b98bf', null, '1443');
INSERT INTO phone(id, version, date_created, last_updated, number, type) VALUES('7d453bda-4b38-437d-aad4-ba37e185dad4', 0, current_timestamp, current_timestamp, '8991860870', 'HOME');
INSERT INTO employee_phone(employee_phones_id, phone_id) VALUES('0f2d7148-ec6a-473c-8bb5-753e16b7283d', '7d453bda-4b38-437d-aad4-ba37e185dad4');
INSERT INTO job_detail(id, version, base_salary, job_name, date_created, last_updated) VALUES('a5b04a48-5461-4cd8-bcdc-9eb91828fe14', 0, 4000.0, 'Operador', current_timestamp, current_timestamp);
INSERT INTO driver_license(id, version, antiqueness, date_created, last_updated, expedition, expiration, license_number, license_type) VALUES('884b3f7d-809c-4df4-8e30-e528569584e5', 0, current_timestamp, current_timestamp, current_timestamp, current_timestamp, date('12/13/11'), 'TAMP306488', 'A');
INSERT INTO individual(id, version, address_id, date_created, last_name, last_updated, name, second_last_name, class, driver_license_id, email, employee_position_id, employee_type, job_detail_id, personal_data_id, employee_number) VALUES('4e674b2e-d607-47e4-8546-05cebf464632', 0, null, current_timestamp, 'VELASCO', current_timestamp, 'MARCOS', 'LOPEZ', 'justcloud.tickets.domain.Employee', '884b3f7d-809c-4df4-8e30-e528569584e5', '', 'operator-id', 'REGULAR_EMPLOYEE', 'a5b04a48-5461-4cd8-bcdc-9eb91828fe14', null, '1448');
INSERT INTO job_detail(id, version, base_salary, job_name, date_created, last_updated) VALUES('66715e34-dd2f-40d8-a3c7-7e8a6cb18cbd', 0, 4000.0, 'Operador', current_timestamp, current_timestamp);
INSERT INTO driver_license(id, version, antiqueness, date_created, last_updated, expedition, expiration, license_number, license_type) VALUES('e659151a-1327-4798-ba7d-ad19a946557c', 0, current_timestamp, current_timestamp, current_timestamp, current_timestamp, date('5/17/11'), 'DF104019', 'A');
INSERT INTO individual(id, version, address_id, date_created, last_name, last_updated, name, second_last_name, class, driver_license_id, email, employee_position_id, employee_type, job_detail_id, personal_data_id, employee_number) VALUES('f440cbed-1b4d-4f2c-83e9-92dde8702ee6', 0, null, current_timestamp, 'PAZ', current_timestamp, 'ENRIQUE', 'GONZALEZ', 'justcloud.tickets.domain.Employee', 'e659151a-1327-4798-ba7d-ad19a946557c', '', 'operator-id', 'REGULAR_EMPLOYEE', '66715e34-dd2f-40d8-a3c7-7e8a6cb18cbd', null, '1164');
INSERT INTO job_detail(id, version, base_salary, job_name, date_created, last_updated) VALUES('a5f494a2-5569-4692-bbb0-7a26ad929a97', 0, 4000.0, 'Operador', current_timestamp, current_timestamp);
INSERT INTO driver_license(id, version, antiqueness, date_created, last_updated, expedition, expiration, license_number, license_type) VALUES('51ed5091-d8b1-46e8-a0c6-d81da4f41e4f', 0, current_timestamp, current_timestamp, current_timestamp, current_timestamp, date('5/18/10'), 'df00216938', 'A');
INSERT INTO individual(id, version, address_id, date_created, last_name, last_updated, name, second_last_name, class, driver_license_id, email, employee_position_id, employee_type, job_detail_id, personal_data_id, employee_number) VALUES('7da150ce-4e27-4f34-8abe-aa76ec7ad5a6', 0, null, current_timestamp, 'MARTINEZ', current_timestamp, 'ROBERTO', '', 'justcloud.tickets.domain.Employee', '51ed5091-d8b1-46e8-a0c6-d81da4f41e4f', '', 'operator-id', 'REGULAR_EMPLOYEE', 'a5f494a2-5569-4692-bbb0-7a26ad929a97', null, '1330');
INSERT INTO job_detail(id, version, base_salary, job_name, date_created, last_updated) VALUES('ed86bd9e-10f5-4c0b-aaa6-82ef50279d99', 0, 4000.0, 'Operador', current_timestamp, current_timestamp);
INSERT INTO driver_license(id, version, antiqueness, date_created, last_updated, expedition, expiration, license_number, license_type) VALUES('6d1d0ea1-c155-40c5-a500-a74c3f76d2dc', 0, current_timestamp, current_timestamp, current_timestamp, current_timestamp, date('5/10/11'), 'VER0105682', 'A');
INSERT INTO individual(id, version, address_id, date_created, last_name, last_updated, name, second_last_name, class, driver_license_id, email, employee_position_id, employee_type, job_detail_id, personal_data_id, employee_number) VALUES('c387dae8-b639-4e8c-a9dd-f5a9ec1ebf0c', 0, null, current_timestamp, 'VEGA', current_timestamp, 'JOSE MARGARITO', 'HERNANDEZ', 'justcloud.tickets.domain.Employee', '6d1d0ea1-c155-40c5-a500-a74c3f76d2dc', '', 'operator-id', 'REGULAR_EMPLOYEE', 'ed86bd9e-10f5-4c0b-aaa6-82ef50279d99', null, '2035');
INSERT INTO address(id, version, address, date_created, last_updated, municipality_id, postal_code, settlement_id, state_id) VALUES('c4766cd0-f5d6-4dc6-a6ce-7772f5ce408c', 0, 'FRANCISCO COVARRUBIAS No.61', current_timestamp, current_timestamp, (select municipality_id from settlement where postal_code = '54457' limit 1), '54457', (select id from settlement where postal_code = '54457' limit 1), (select state_id from settlement where postal_code = '54457' limit 1));
INSERT INTO job_detail(id, version, base_salary, job_name, date_created, last_updated) VALUES('ac1c2356-5887-4baf-93c6-95d24b73669b', 0, 4000.0, 'Operador', current_timestamp, current_timestamp);
INSERT INTO driver_license(id, version, antiqueness, date_created, last_updated, expedition, expiration, license_number, license_type) VALUES('07906f7d-119c-419b-a589-39ca3aaea417', 0, current_timestamp, current_timestamp, current_timestamp, current_timestamp, date('10/12/10'), 'QRO14790', 'A');
INSERT INTO individual(id, version, address_id, date_created, last_name, last_updated, name, second_last_name, class, driver_license_id, email, employee_position_id, employee_type, job_detail_id, personal_data_id, employee_number) VALUES('1e43d0d1-253b-4a79-99ba-ef31a5ab8379', 0, 'c4766cd0-f5d6-4dc6-a6ce-7772f5ce408c', current_timestamp, 'VIDAL', current_timestamp, 'ARTURO', 'ALCANTARA', 'justcloud.tickets.domain.Employee', '07906f7d-119c-419b-a589-39ca3aaea417', '', 'operator-id', 'REGULAR_EMPLOYEE', 'ac1c2356-5887-4baf-93c6-95d24b73669b', null, '1464');
INSERT INTO phone(id, version, date_created, last_updated, number, type) VALUES('f90c7ef2-3663-4a76-8c18-f804c8563359', 0, current_timestamp, current_timestamp, '42033128', 'HOME');
INSERT INTO employee_phone(employee_phones_id, phone_id) VALUES('1e43d0d1-253b-4a79-99ba-ef31a5ab8379', 'f90c7ef2-3663-4a76-8c18-f804c8563359');
INSERT INTO phone(id, version, date_created, last_updated, number, type) VALUES('b72a74dc-58c6-47b1-8b7e-40e7ec460bf6', 0, current_timestamp, current_timestamp, '58280080', 'WORK');
INSERT INTO employee_phone(employee_phones_id, phone_id) VALUES('1e43d0d1-253b-4a79-99ba-ef31a5ab8379', 'b72a74dc-58c6-47b1-8b7e-40e7ec460bf6');
INSERT INTO job_detail(id, version, base_salary, job_name, date_created, last_updated) VALUES('9d68bd0d-32ab-4cb9-abd9-d1bfe5335ea7', 0, 4000.0, 'Operador', current_timestamp, current_timestamp);
INSERT INTO individual(id, version, address_id, date_created, last_name, last_updated, name, second_last_name, class, driver_license_id, email, employee_position_id, employee_type, job_detail_id, personal_data_id, employee_number) VALUES('22abe330-044e-4be0-b7b8-949b560ef50c', 0, null, current_timestamp, 'CERDA', current_timestamp, 'MARTIN', 'MENDEZ', 'justcloud.tickets.domain.Employee', null, '', 'operator-id', 'REGULAR_EMPLOYEE', '9d68bd0d-32ab-4cb9-abd9-d1bfe5335ea7', null, '1440');
INSERT INTO address(id, version, address, date_created, last_updated, municipality_id, postal_code, settlement_id, state_id) VALUES('469cfcfd-f682-47c1-8429-7c4213a248dc', 0, 'MANGOS No. 523', current_timestamp, current_timestamp, (select municipality_id from settlement where postal_code = '89367' limit 1), '89367', (select id from settlement where postal_code = '89367' limit 1), (select state_id from settlement where postal_code = '89367' limit 1));
INSERT INTO job_detail(id, version, base_salary, job_name, date_created, last_updated) VALUES('a233422b-9e65-4fa4-b52b-f8e63c88a05b', 0, 4000.0, 'Operador', current_timestamp, current_timestamp);
INSERT INTO driver_license(id, version, antiqueness, date_created, last_updated, expedition, expiration, license_number, license_type) VALUES('cc34fc1b-f54f-457c-974c-c654351522a4', 0, current_timestamp, current_timestamp, current_timestamp, current_timestamp, date('3/19/11'), 'VER303760', 'A');
INSERT INTO individual(id, version, address_id, date_created, last_name, last_updated, name, second_last_name, class, driver_license_id, email, employee_position_id, employee_type, job_detail_id, personal_data_id, employee_number) VALUES('edaade9e-a7db-4986-8a82-5b6ede4a621c', 0, '469cfcfd-f682-47c1-8429-7c4213a248dc', current_timestamp, 'CANDIA', current_timestamp, 'JAIME', 'VILLEGAS', 'justcloud.tickets.domain.Employee', 'cc34fc1b-f54f-457c-974c-c654351522a4', '', 'operator-id', 'REGULAR_EMPLOYEE', 'a233422b-9e65-4fa4-b52b-f8e63c88a05b', null, '1453');
INSERT INTO phone(id, version, date_created, last_updated, number, type) VALUES('1e2e425f-95c1-494a-8644-96fffaf641ec', 0, current_timestamp, current_timestamp, '8333134248', 'MOBILE');
INSERT INTO employee_phone(employee_phones_id, phone_id) VALUES('edaade9e-a7db-4986-8a82-5b6ede4a621c', '1e2e425f-95c1-494a-8644-96fffaf641ec');
INSERT INTO job_detail(id, version, base_salary, job_name, date_created, last_updated) VALUES('000c94e7-c65c-42e2-aaa6-4de415d77fff', 0, 4000.0, 'Operador', current_timestamp, current_timestamp);
INSERT INTO individual(id, version, address_id, date_created, last_name, last_updated, name, second_last_name, class, driver_license_id, email, employee_position_id, employee_type, job_detail_id, personal_data_id, employee_number) VALUES('217c7665-7f32-4e94-8ab9-e2dd6e83613a', 0, null, current_timestamp, 'GUZMAN', current_timestamp, 'RICARDO', 'CORONA', 'justcloud.tickets.domain.Employee', null, '', 'operator-id', 'REGULAR_EMPLOYEE', '000c94e7-c65c-42e2-aaa6-4de415d77fff', null, '1455');
INSERT INTO job_detail(id, version, base_salary, job_name, date_created, last_updated) VALUES('d3d8faf6-24dc-460d-a123-c545e2b10650', 0, 4000.0, 'Operador', current_timestamp, current_timestamp);
INSERT INTO driver_license(id, version, antiqueness, date_created, last_updated, expedition, expiration, license_number, license_type) VALUES('9eabbe68-054f-4505-a400-a53fad140b56', 0, current_timestamp, current_timestamp, current_timestamp, current_timestamp, date('10/26/10'), 'TAMP309877', 'A');
INSERT INTO individual(id, version, address_id, date_created, last_name, last_updated, name, second_last_name, class, driver_license_id, email, employee_position_id, employee_type, job_detail_id, personal_data_id, employee_number) VALUES('a73b176e-1cf9-4f44-be36-8284e4499405', 0, null, current_timestamp, 'HERNANDEZ', current_timestamp, 'FRANCISCO JAVIER', 'CORZO', 'justcloud.tickets.domain.Employee', '9eabbe68-054f-4505-a400-a53fad140b56', '', 'operator-id', 'REGULAR_EMPLOYEE', 'd3d8faf6-24dc-460d-a123-c545e2b10650', null, '1456');
INSERT INTO address(id, version, address, date_created, last_updated, municipality_id, postal_code, settlement_id, state_id) VALUES('50a24a7e-f886-4d15-842b-442e9fb58f07', 0, 'CALLE SUR 7 NO. 18', current_timestamp, current_timestamp, (select municipality_id from settlement where postal_code = '94295' limit 1), '94295', (select id from settlement where postal_code = '94295' limit 1), (select state_id from settlement where postal_code = '94295' limit 1));
INSERT INTO job_detail(id, version, base_salary, job_name, date_created, last_updated) VALUES('87c475d7-caec-4ddd-bedd-975e68cac440', 0, 4000.0, 'Operador', current_timestamp, current_timestamp);
INSERT INTO driver_license(id, version, antiqueness, date_created, last_updated, expedition, expiration, license_number, license_type) VALUES('90df6980-bc0f-4563-93d1-032c67242d74', 0, current_timestamp, current_timestamp, current_timestamp, current_timestamp, date('12/2/10'), 'VER 118924', 'A');
INSERT INTO individual(id, version, address_id, date_created, last_name, last_updated, name, second_last_name, class, driver_license_id, email, employee_position_id, employee_type, job_detail_id, personal_data_id, employee_number) VALUES('c7cb7a89-d539-46b0-8333-a679a1ca6073', 0, '50a24a7e-f886-4d15-842b-442e9fb58f07', current_timestamp, 'SERRANO', current_timestamp, 'FERNANDO', 'VIVANCO', 'justcloud.tickets.domain.Employee', '90df6980-bc0f-4563-93d1-032c67242d74', '', 'operator-id', 'REGULAR_EMPLOYEE', '87c475d7-caec-4ddd-bedd-975e68cac440', null, '1457');
INSERT INTO phone(id, version, date_created, last_updated, number, type) VALUES('200c96aa-024c-484b-8622-df426ba76fc3', 0, current_timestamp, current_timestamp, '012299 21 04 4 ext. 7', 'HOME');
INSERT INTO employee_phone(employee_phones_id, phone_id) VALUES('c7cb7a89-d539-46b0-8333-a679a1ca6073', '200c96aa-024c-484b-8622-df426ba76fc3');
INSERT INTO phone(id, version, date_created, last_updated, number, type) VALUES('b9af4ab0-b646-4d6b-a7b2-beffe92debca', 0, current_timestamp, current_timestamp, '045 833 293 51 ext. 43', 'WORK');
INSERT INTO employee_phone(employee_phones_id, phone_id) VALUES('c7cb7a89-d539-46b0-8333-a679a1ca6073', 'b9af4ab0-b646-4d6b-a7b2-beffe92debca');
INSERT INTO address(id, version, address, date_created, last_updated, municipality_id, postal_code, settlement_id, state_id) VALUES('ebf0bc8b-d045-4de0-bd00-b4c7761cc0f2', 0, 'REPUBLICA DE IRLANDA No. 908', current_timestamp, current_timestamp, (select municipality_id from settlement where postal_code = '87049' limit 1), '87049', (select id from settlement where postal_code = '87049' limit 1), (select state_id from settlement where postal_code = '87049' limit 1));
INSERT INTO job_detail(id, version, base_salary, job_name, date_created, last_updated) VALUES('36d9d73c-876d-465f-8f2c-54fdcc0a6ad5', 0, 4000.0, 'Operador', current_timestamp, current_timestamp);
INSERT INTO driver_license(id, version, antiqueness, date_created, last_updated, expedition, expiration, license_number, license_type) VALUES('a3f92bf1-4132-4ad3-b79f-8a95298338f5', 0, current_timestamp, current_timestamp, current_timestamp, current_timestamp, date('6/26/10'), 'TAMP308084', 'A');
INSERT INTO individual(id, version, address_id, date_created, last_name, last_updated, name, second_last_name, class, driver_license_id, email, employee_position_id, employee_type, job_detail_id, personal_data_id, employee_number) VALUES('e68b36a2-8bb0-46bc-a9f6-707a0466e7b4', 0, 'ebf0bc8b-d045-4de0-bd00-b4c7761cc0f2', current_timestamp, 'BANDA', current_timestamp, 'NORBERTO', 'DE LEON', 'justcloud.tickets.domain.Employee', 'a3f92bf1-4132-4ad3-b79f-8a95298338f5', '', 'operator-id', 'REGULAR_EMPLOYEE', '36d9d73c-876d-465f-8f2c-54fdcc0a6ad5', null, '1458');
INSERT INTO phone(id, version, date_created, last_updated, number, type) VALUES('c88bd130-caef-4cc6-96dd-449ae823bc70', 0, current_timestamp, current_timestamp, '8341214584', 'HOME');
INSERT INTO employee_phone(employee_phones_id, phone_id) VALUES('e68b36a2-8bb0-46bc-a9f6-707a0466e7b4', 'c88bd130-caef-4cc6-96dd-449ae823bc70');
INSERT INTO phone(id, version, date_created, last_updated, number, type) VALUES('b3785e40-4a73-4911-8c03-cd33a52df59a', 0, current_timestamp, current_timestamp, '8341214384', 'MOBILE');
INSERT INTO employee_phone(employee_phones_id, phone_id) VALUES('e68b36a2-8bb0-46bc-a9f6-707a0466e7b4', 'b3785e40-4a73-4911-8c03-cd33a52df59a');
INSERT INTO address(id, version, address, date_created, last_updated, municipality_id, postal_code, settlement_id, state_id) VALUES('2b412c52-03a3-488b-9fa4-ed03944f9000', 0, 'HIDALGO No. 116', current_timestamp, current_timestamp, (select municipality_id from settlement where postal_code = '89320' limit 1), '89320', (select id from settlement where postal_code = '89320' limit 1), (select state_id from settlement where postal_code = '89320' limit 1));
INSERT INTO job_detail(id, version, base_salary, job_name, date_created, last_updated) VALUES('0f93ee3a-b9d6-43c4-bb9f-aca4e7b6458c', 0, 4000.0, 'Operador', current_timestamp, current_timestamp);
INSERT INTO driver_license(id, version, antiqueness, date_created, last_updated, expedition, expiration, license_number, license_type) VALUES('99911ae8-f341-4826-8ab2-9be08d47c91a', 0, current_timestamp, current_timestamp, current_timestamp, current_timestamp, date('1/11/13'), 'TAMP301411', 'A');
INSERT INTO individual(id, version, address_id, date_created, last_name, last_updated, name, second_last_name, class, driver_license_id, email, employee_position_id, employee_type, job_detail_id, personal_data_id, employee_number) VALUES('4eeea499-3811-416c-ad16-4e179ecc6ec5', 0, '2b412c52-03a3-488b-9fa4-ed03944f9000', current_timestamp, 'DEL ANGEL', current_timestamp, 'GUADALUPE', 'SANCHEZ', 'justcloud.tickets.domain.Employee', '99911ae8-f341-4826-8ab2-9be08d47c91a', '', 'operator-id', 'REGULAR_EMPLOYEE', '0f93ee3a-b9d6-43c4-bb9f-aca4e7b6458c', null, '1459');
INSERT INTO phone(id, version, date_created, last_updated, number, type) VALUES('c3043ee5-5ded-4f06-a5e4-0f400ddcc4a5', 0, current_timestamp, current_timestamp, '833 228 61 15', 'HOME');
INSERT INTO employee_phone(employee_phones_id, phone_id) VALUES('4eeea499-3811-416c-ad16-4e179ecc6ec5', 'c3043ee5-5ded-4f06-a5e4-0f400ddcc4a5');
INSERT INTO job_detail(id, version, base_salary, job_name, date_created, last_updated) VALUES('f41c50b2-4089-4f65-874a-9e16bf775bd2', 0, 4000.0, 'Operador', current_timestamp, current_timestamp);
INSERT INTO driver_license(id, version, antiqueness, date_created, last_updated, expedition, expiration, license_number, license_type) VALUES('5e3b4ee5-fcc6-4b42-93f8-ea956569babd', 0, current_timestamp, current_timestamp, current_timestamp, current_timestamp, date('6/26/11'), 'DF209418', 'A');
INSERT INTO individual(id, version, address_id, date_created, last_name, last_updated, name, second_last_name, class, driver_license_id, email, employee_position_id, employee_type, job_detail_id, personal_data_id, employee_number) VALUES('d359ebb0-7aae-4256-8c70-9c4cbc18f7f1', 0, null, current_timestamp, 'NUÑEZ', current_timestamp, 'ALBERTO', 'MARTINEZ', 'justcloud.tickets.domain.Employee', '5e3b4ee5-fcc6-4b42-93f8-ea956569babd', '', 'operator-id', 'REGULAR_EMPLOYEE', 'f41c50b2-4089-4f65-874a-9e16bf775bd2', null, '1251');
INSERT INTO job_detail(id, version, base_salary, job_name, date_created, last_updated) VALUES('fcbcde17-d2a8-435d-aa52-871be9dd266b', 0, 4000.0, 'Operador', current_timestamp, current_timestamp);
INSERT INTO driver_license(id, version, antiqueness, date_created, last_updated, expedition, expiration, license_number, license_type) VALUES('bbe145b3-1781-4b81-9893-e84430fdd252', 0, current_timestamp, current_timestamp, current_timestamp, current_timestamp, date('7/16/11'), 'DF109591', 'A');
INSERT INTO individual(id, version, address_id, date_created, last_name, last_updated, name, second_last_name, class, driver_license_id, email, employee_position_id, employee_type, job_detail_id, personal_data_id, employee_number) VALUES('df7436b9-3006-4de5-b245-319ae8c5625f', 0, null, current_timestamp, 'JIMENEZ', current_timestamp, 'SERGIO', 'CEJA', 'justcloud.tickets.domain.Employee', 'bbe145b3-1781-4b81-9893-e84430fdd252', '', 'operator-id', 'REGULAR_EMPLOYEE', 'fcbcde17-d2a8-435d-aa52-871be9dd266b', null, '1436');
INSERT INTO address(id, version, address, date_created, last_updated, municipality_id, postal_code, settlement_id, state_id) VALUES('419d5ad1-4b21-4ff7-b6ad-bee799f8b89a', 0, 'FRANCISCO VILLA 2105', current_timestamp, current_timestamp, (select municipality_id from settlement where postal_code = '89600' limit 1), '89600', (select id from settlement where postal_code = '89600' limit 1), (select state_id from settlement where postal_code = '89600' limit 1));
INSERT INTO job_detail(id, version, base_salary, job_name, date_created, last_updated) VALUES('d936f486-40f7-49ea-b43f-c7347ae8590d', 0, 4000.0, 'Operador', current_timestamp, current_timestamp);
INSERT INTO driver_license(id, version, antiqueness, date_created, last_updated, expedition, expiration, license_number, license_type) VALUES('c86c1b4d-24fd-4ef5-9e6c-6199d9988afb', 0, current_timestamp, current_timestamp, current_timestamp, current_timestamp, date('6/23/11'), 'TAMP303399', 'A');
INSERT INTO individual(id, version, address_id, date_created, last_name, last_updated, name, second_last_name, class, driver_license_id, email, employee_position_id, employee_type, job_detail_id, personal_data_id, employee_number) VALUES('78738fff-9609-4a07-9d3a-2fc84dabe548', 0, '419d5ad1-4b21-4ff7-b6ad-bee799f8b89a', current_timestamp, 'CALDERON', current_timestamp, 'JUAN', 'DE LEON', 'justcloud.tickets.domain.Employee', 'c86c1b4d-24fd-4ef5-9e6c-6199d9988afb', '', 'operator-id', 'REGULAR_EMPLOYEE', 'd936f486-40f7-49ea-b43f-c7347ae8590d', null, '1470');
INSERT INTO phone(id, version, date_created, last_updated, number, type) VALUES('b7fa92d4-ea8c-4be2-b6d5-3ee7377a2373', 0, current_timestamp, current_timestamp, '8333029780', 'MOBILE');
INSERT INTO employee_phone(employee_phones_id, phone_id) VALUES('78738fff-9609-4a07-9d3a-2fc84dabe548', 'b7fa92d4-ea8c-4be2-b6d5-3ee7377a2373');
INSERT INTO job_detail(id, version, base_salary, job_name, date_created, last_updated) VALUES('e5d031e2-fef3-4f9c-9074-7d9c0cb180ae', 0, 4000.0, 'Operador', current_timestamp, current_timestamp);
INSERT INTO driver_license(id, version, antiqueness, date_created, last_updated, expedition, expiration, license_number, license_type) VALUES('61ce6aee-cf2c-42d6-8f8c-c7c6ba84f4c8', 0, current_timestamp, current_timestamp, current_timestamp, current_timestamp, date('11/7/11'), 'TAMP309047', 'A');
INSERT INTO individual(id, version, address_id, date_created, last_name, last_updated, name, second_last_name, class, driver_license_id, email, employee_position_id, employee_type, job_detail_id, personal_data_id, employee_number) VALUES('d39138f6-92ad-432a-9fb3-c66b080d112a', 0, null, current_timestamp, 'NIETO', current_timestamp, 'MARTIN', 'BALDERAS', 'justcloud.tickets.domain.Employee', '61ce6aee-cf2c-42d6-8f8c-c7c6ba84f4c8', '', 'operator-id', 'REGULAR_EMPLOYEE', 'e5d031e2-fef3-4f9c-9074-7d9c0cb180ae', null, '1471');
INSERT INTO address(id, version, address, date_created, last_updated, municipality_id, postal_code, settlement_id, state_id) VALUES('743c0bf8-d3d0-4b47-b2c1-9d33a38c90fb', 0, 'REYNOSA NUM. 109 A', current_timestamp, current_timestamp, (select municipality_id from settlement where postal_code = '89367' limit 1), '89367', (select id from settlement where postal_code = '89367' limit 1), (select state_id from settlement where postal_code = '89367' limit 1));
INSERT INTO job_detail(id, version, base_salary, job_name, date_created, last_updated) VALUES('605792b1-617c-4eb7-8835-63ced87160ad', 0, 4000.0, 'Operador', current_timestamp, current_timestamp);
INSERT INTO driver_license(id, version, antiqueness, date_created, last_updated, expedition, expiration, license_number, license_type) VALUES('26c632e9-3d4c-40a9-9a1f-7939181f82bc', 0, current_timestamp, current_timestamp, current_timestamp, current_timestamp, date('10/15/10'), 'TAMP306835', 'A');
INSERT INTO individual(id, version, address_id, date_created, last_name, last_updated, name, second_last_name, class, driver_license_id, email, employee_position_id, employee_type, job_detail_id, personal_data_id, employee_number) VALUES('397bf338-1bc0-4da2-8585-638de06311be', 0, '743c0bf8-d3d0-4b47-b2c1-9d33a38c90fb', current_timestamp, 'ROMERO', current_timestamp, 'ROBERTO', 'BARRON', 'justcloud.tickets.domain.Employee', '26c632e9-3d4c-40a9-9a1f-7939181f82bc', '', 'operator-id', 'REGULAR_EMPLOYEE', '605792b1-617c-4eb7-8835-63ced87160ad', null, '1472');
INSERT INTO phone(id, version, date_created, last_updated, number, type) VALUES('eba31638-ad31-45fb-8cc2-dc394cfa48dd', 0, current_timestamp, current_timestamp, '833 228 94 14', 'HOME');
INSERT INTO employee_phone(employee_phones_id, phone_id) VALUES('397bf338-1bc0-4da2-8585-638de06311be', 'eba31638-ad31-45fb-8cc2-dc394cfa48dd');
INSERT INTO job_detail(id, version, base_salary, job_name, date_created, last_updated) VALUES('bd4f6b2b-acc5-43d4-b61f-d8a005a9cac3', 0, 4000.0, 'Operador', current_timestamp, current_timestamp);
INSERT INTO individual(id, version, address_id, date_created, last_name, last_updated, name, second_last_name, class, driver_license_id, email, employee_position_id, employee_type, job_detail_id, personal_data_id, employee_number) VALUES('fc232771-e6a4-4573-a532-280600a3a5b7', 0, null, current_timestamp, 'VELAZQUEZ', current_timestamp, 'ROGELIO', 'DIAZ', 'justcloud.tickets.domain.Employee', null, '', 'operator-id', 'REGULAR_EMPLOYEE', 'bd4f6b2b-acc5-43d4-b61f-d8a005a9cac3', null, '1473');
INSERT INTO job_detail(id, version, base_salary, job_name, date_created, last_updated) VALUES('d5b1120a-31cc-4624-ad6e-3bc2567be286', 0, 4000.0, 'Operador', current_timestamp, current_timestamp);
INSERT INTO individual(id, version, address_id, date_created, last_name, last_updated, name, second_last_name, class, driver_license_id, email, employee_position_id, employee_type, job_detail_id, personal_data_id, employee_number) VALUES('cb845948-e672-4c02-82cd-775dbe7cabe8', 0, null, current_timestamp, 'CRUZ', current_timestamp, 'JOSE ALFREDO', 'RODRIGUEZ', 'justcloud.tickets.domain.Employee', null, '', 'operator-id', 'REGULAR_EMPLOYEE', 'd5b1120a-31cc-4624-ad6e-3bc2567be286', null, '1474');
INSERT INTO job_detail(id, version, base_salary, job_name, date_created, last_updated) VALUES('153d0d38-8956-423e-8a44-d18c6a0a3a63', 0, 4000.0, 'Operador', current_timestamp, current_timestamp);
INSERT INTO individual(id, version, address_id, date_created, last_name, last_updated, name, second_last_name, class, driver_license_id, email, employee_position_id, employee_type, job_detail_id, personal_data_id, employee_number) VALUES('52fe6c51-9245-4353-b83e-9367cdbe5e41', 0, null, current_timestamp, 'MENDIETA', current_timestamp, 'LUIS LEONARDO', 'FLORES', 'justcloud.tickets.domain.Employee', null, '', 'operator-id', 'REGULAR_EMPLOYEE', '153d0d38-8956-423e-8a44-d18c6a0a3a63', null, '1475');
INSERT INTO address(id, version, address, date_created, last_updated, municipality_id, postal_code, settlement_id, state_id) VALUES('00cad878-d863-4a72-a9f3-bfab96dc5913', 0, 'CALLE ANDADOR AUTRIA No.412', current_timestamp, current_timestamp, (select municipality_id from settlement where postal_code = '89368' limit 1), '89368', (select id from settlement where postal_code = '89368' limit 1), (select state_id from settlement where postal_code = '89368' limit 1));
INSERT INTO job_detail(id, version, base_salary, job_name, date_created, last_updated) VALUES('1284f043-ea45-49ae-b99b-ca6725e40d2b', 0, 4000.0, 'Operador', current_timestamp, current_timestamp);
INSERT INTO individual(id, version, address_id, date_created, last_name, last_updated, name, second_last_name, class, driver_license_id, email, employee_position_id, employee_type, job_detail_id, personal_data_id, employee_number) VALUES('7558b52f-8eb2-4e5b-bb4e-24118ecc6ab2', 0, '00cad878-d863-4a72-a9f3-bfab96dc5913', current_timestamp, 'GONZALEZ', current_timestamp, 'CARLOS ALBERTO', 'MELGAREJO', 'justcloud.tickets.domain.Employee', null, '', 'operator-id', 'REGULAR_EMPLOYEE', '1284f043-ea45-49ae-b99b-ca6725e40d2b', null, '1480');
INSERT INTO address(id, version, address, date_created, last_updated, municipality_id, postal_code, settlement_id, state_id) VALUES('7a0b47be-c656-456b-b456-e3b439662380', 0, 'CALLE ANDADOR AUSTRIA 412', current_timestamp, current_timestamp, (select municipality_id from settlement where postal_code = '89368' limit 1), '89368', (select id from settlement where postal_code = '89368' limit 1), (select state_id from settlement where postal_code = '89368' limit 1));
INSERT INTO job_detail(id, version, base_salary, job_name, date_created, last_updated) VALUES('02b539ce-6c55-43e4-b7e0-f84130435fa9', 0, 4000.0, 'Operador', current_timestamp, current_timestamp);
INSERT INTO driver_license(id, version, antiqueness, date_created, last_updated, expedition, expiration, license_number, license_type) VALUES('b3bd6e32-1290-4891-951d-f9c25840dc62', 0, current_timestamp, current_timestamp, current_timestamp, current_timestamp, date('10/11/10'), 'TAMP308333', 'A');
INSERT INTO individual(id, version, address_id, date_created, last_name, last_updated, name, second_last_name, class, driver_license_id, email, employee_position_id, employee_type, job_detail_id, personal_data_id, employee_number) VALUES('dcc4fb7f-1a06-472d-b9ff-386d1ca6f23d', 0, '7a0b47be-c656-456b-b456-e3b439662380', current_timestamp, 'GONZALEZ', current_timestamp, 'ALEJANDRO', 'GOMEZ', 'justcloud.tickets.domain.Employee', 'b3bd6e32-1290-4891-951d-f9c25840dc62', '', 'operator-id', 'REGULAR_EMPLOYEE', '02b539ce-6c55-43e4-b7e0-f84130435fa9', null, '1481');
INSERT INTO address(id, version, address, date_created, last_updated, municipality_id, postal_code, settlement_id, state_id) VALUES('710a01d9-2614-4dc3-bb30-8074b740a986', 0, 'PABLO A GUTIERREZ 501', current_timestamp, current_timestamp, (select municipality_id from settlement where postal_code = '92030' limit 1), '92030', (select id from settlement where postal_code = '92030' limit 1), (select state_id from settlement where postal_code = '92030' limit 1));
INSERT INTO job_detail(id, version, base_salary, job_name, date_created, last_updated) VALUES('28b0873f-7f9f-4300-81b0-e914f55f6188', 0, 4000.0, 'Operador', current_timestamp, current_timestamp);
INSERT INTO individual(id, version, address_id, date_created, last_name, last_updated, name, second_last_name, class, driver_license_id, email, employee_position_id, employee_type, job_detail_id, personal_data_id, employee_number) VALUES('745b861c-d972-41ff-a9e9-d41aa1882e74', 0, '710a01d9-2614-4dc3-bb30-8074b740a986', current_timestamp, 'GUERRERO', current_timestamp, 'OSCAR', 'CASTILLO', 'justcloud.tickets.domain.Employee', null, '', 'operator-id', 'REGULAR_EMPLOYEE', '28b0873f-7f9f-4300-81b0-e914f55f6188', null, '1482');
INSERT INTO address(id, version, address, date_created, last_updated, municipality_id, postal_code, settlement_id, state_id) VALUES('b8d0c9e9-70dd-441d-8fcb-3c2d56a965d5', 0, 'VICENTE GUERRERO 905', current_timestamp, current_timestamp, (select municipality_id from settlement where postal_code = '89490' limit 1), '89490', (select id from settlement where postal_code = '89490' limit 1), (select state_id from settlement where postal_code = '89490' limit 1));
INSERT INTO job_detail(id, version, base_salary, job_name, date_created, last_updated) VALUES('e81bb9cc-1599-4e5c-926e-dfff5a1f464c', 0, 4000.0, 'Operador', current_timestamp, current_timestamp);
INSERT INTO individual(id, version, address_id, date_created, last_name, last_updated, name, second_last_name, class, driver_license_id, email, employee_position_id, employee_type, job_detail_id, personal_data_id, employee_number) VALUES('dba399ae-5135-4b00-a7dd-892308671790', 0, 'b8d0c9e9-70dd-441d-8fcb-3c2d56a965d5', current_timestamp, 'HERMOSILLO', current_timestamp, 'CESAR ANTONIO', 'PANTOJA', 'justcloud.tickets.domain.Employee', null, '', 'operator-id', 'REGULAR_EMPLOYEE', 'e81bb9cc-1599-4e5c-926e-dfff5a1f464c', null, '1483');
INSERT INTO address(id, version, address, date_created, last_updated, municipality_id, postal_code, settlement_id, state_id) VALUES('079ecfda-8eea-4788-8339-6a1780982310', 0, 'BLVD ADOLFO LOPEZ MATEOS 2600', current_timestamp, current_timestamp, (select municipality_id from settlement where postal_code = '89160' limit 1), '89160', (select id from settlement where postal_code = '89160' limit 1), (select state_id from settlement where postal_code = '89160' limit 1));
INSERT INTO job_detail(id, version, base_salary, job_name, date_created, last_updated) VALUES('64246f96-266d-4276-9dde-f123db60d4db', 0, 4000.0, 'Operador', current_timestamp, current_timestamp);
INSERT INTO driver_license(id, version, antiqueness, date_created, last_updated, expedition, expiration, license_number, license_type) VALUES('bdacda26-4009-40d5-8c8c-b45633667d58', 0, current_timestamp, current_timestamp, current_timestamp, current_timestamp, date('5/21/15'), 'VER131115', 'A');
INSERT INTO individual(id, version, address_id, date_created, last_name, last_updated, name, second_last_name, class, driver_license_id, email, employee_position_id, employee_type, job_detail_id, personal_data_id, employee_number) VALUES('44819c28-2cb3-48a5-a2aa-f03c9d5b4b57', 0, '079ecfda-8eea-4788-8339-6a1780982310', current_timestamp, 'MOSCOSO', current_timestamp, 'CARLOS', 'GARCIA', 'justcloud.tickets.domain.Employee', 'bdacda26-4009-40d5-8c8c-b45633667d58', '', 'operator-id', 'REGULAR_EMPLOYEE', '64246f96-266d-4276-9dde-f123db60d4db', null, '1484');
INSERT INTO address(id, version, address, date_created, last_updated, municipality_id, postal_code, settlement_id, state_id) VALUES('fd1c0705-bd58-4b11-a873-919eefe4bdca', 0, 'SERAPIO VENEGAS No. 629', current_timestamp, current_timestamp, (select municipality_id from settlement where postal_code = '89510' limit 1), '89510', (select id from settlement where postal_code = '89510' limit 1), (select state_id from settlement where postal_code = '89510' limit 1));
INSERT INTO job_detail(id, version, base_salary, job_name, date_created, last_updated) VALUES('7de36c7b-7cd9-45c6-9b63-1ede740edec9', 0, 4000.0, 'Operador', current_timestamp, current_timestamp);
INSERT INTO driver_license(id, version, antiqueness, date_created, last_updated, expedition, expiration, license_number, license_type) VALUES('29214267-e753-492f-920f-3e6ac54ed99c', 0, current_timestamp, current_timestamp, current_timestamp, current_timestamp, date('6/5/11'), 'TAMP303967', 'A');
INSERT INTO individual(id, version, address_id, date_created, last_name, last_updated, name, second_last_name, class, driver_license_id, email, employee_position_id, employee_type, job_detail_id, personal_data_id, employee_number) VALUES('29721ed0-602b-4dae-98dc-d116c6e4e51f', 0, 'fd1c0705-bd58-4b11-a873-919eefe4bdca', current_timestamp, 'GARCIA', current_timestamp, 'JULIO CESAR', 'HERNANDEZ', 'justcloud.tickets.domain.Employee', '29214267-e753-492f-920f-3e6ac54ed99c', '', 'operator-id', 'REGULAR_EMPLOYEE', '7de36c7b-7cd9-45c6-9b63-1ede740edec9', null, '1494');
INSERT INTO phone(id, version, date_created, last_updated, number, type) VALUES('40602c81-a9d1-406e-8df7-7596748543b7', 0, current_timestamp, current_timestamp, '833 1 43 68 02', 'HOME');
INSERT INTO employee_phone(employee_phones_id, phone_id) VALUES('29721ed0-602b-4dae-98dc-d116c6e4e51f', '40602c81-a9d1-406e-8df7-7596748543b7');
INSERT INTO phone(id, version, date_created, last_updated, number, type) VALUES('d0f37c72-8003-476e-afdc-effca8258170', 0, current_timestamp, current_timestamp, '833 1 49 99 23', 'MOBILE');
INSERT INTO employee_phone(employee_phones_id, phone_id) VALUES('29721ed0-602b-4dae-98dc-d116c6e4e51f', 'd0f37c72-8003-476e-afdc-effca8258170');
INSERT INTO address(id, version, address, date_created, last_updated, municipality_id, postal_code, settlement_id, state_id) VALUES('449bbb45-daa9-48df-8859-debf6f2a4292', 0, '', current_timestamp, current_timestamp, (select municipality_id from settlement where postal_code = '89600' limit 1), '89600', (select id from settlement where postal_code = '89600' limit 1), (select state_id from settlement where postal_code = '89600' limit 1));
INSERT INTO job_detail(id, version, base_salary, job_name, date_created, last_updated) VALUES('fad03ad9-85ee-485e-b968-c09ec04677fb', 0, 4000.0, 'Operador', current_timestamp, current_timestamp);
INSERT INTO driver_license(id, version, antiqueness, date_created, last_updated, expedition, expiration, license_number, license_type) VALUES('9f6f315a-4c5a-454a-88ad-a1c65a06dd2f', 0, current_timestamp, current_timestamp, current_timestamp, current_timestamp, date('5/14/18'), 'TAM311389', 'A');
INSERT INTO individual(id, version, address_id, date_created, last_name, last_updated, name, second_last_name, class, driver_license_id, email, employee_position_id, employee_type, job_detail_id, personal_data_id, employee_number) VALUES('75eaa98a-b7d8-413d-898d-fc6a38a66a5d', 0, '449bbb45-daa9-48df-8859-debf6f2a4292', current_timestamp, 'DELGADO', current_timestamp, 'LEOPOLDO', 'GONZALEZ', 'justcloud.tickets.domain.Employee', '9f6f315a-4c5a-454a-88ad-a1c65a06dd2f', '', 'operator-id', 'REGULAR_EMPLOYEE', 'fad03ad9-85ee-485e-b968-c09ec04677fb', null, '1499');
INSERT INTO phone(id, version, date_created, last_updated, number, type) VALUES('e50b4251-a4f7-4a05-8e0d-3b22a4c4fb2a', 0, current_timestamp, current_timestamp, '833 304 3412', 'MOBILE');
INSERT INTO employee_phone(employee_phones_id, phone_id) VALUES('75eaa98a-b7d8-413d-898d-fc6a38a66a5d', 'e50b4251-a4f7-4a05-8e0d-3b22a4c4fb2a');
INSERT INTO address(id, version, address, date_created, last_updated, municipality_id, postal_code, settlement_id, state_id) VALUES('39d2e5f4-c16b-43bc-a9d2-5a40b4fcee88', 0, 'EMILIO PORTES GIL No.1613', current_timestamp, current_timestamp, (select municipality_id from settlement where postal_code = '89600' limit 1), '89600', (select id from settlement where postal_code = '89600' limit 1), (select state_id from settlement where postal_code = '89600' limit 1));
INSERT INTO job_detail(id, version, base_salary, job_name, date_created, last_updated) VALUES('a8ddb1fe-6f79-4096-8ea4-e7b042a60f93', 0, 4000.0, 'Operador', current_timestamp, current_timestamp);
INSERT INTO driver_license(id, version, antiqueness, date_created, last_updated, expedition, expiration, license_number, license_type) VALUES('0a4cf6f1-713f-4592-b0d9-9717e6e271ad', 0, current_timestamp, current_timestamp, current_timestamp, current_timestamp, date('11/3/11'), 'TAM312162', 'A');
INSERT INTO individual(id, version, address_id, date_created, last_name, last_updated, name, second_last_name, class, driver_license_id, email, employee_position_id, employee_type, job_detail_id, personal_data_id, employee_number) VALUES('0a4e37b3-5bcf-4848-8329-39b8a56fbd1b', 0, '39d2e5f4-c16b-43bc-a9d2-5a40b4fcee88', current_timestamp, 'GARCIA', current_timestamp, 'ERICK FRANCISCO', 'GUERRERO', 'justcloud.tickets.domain.Employee', '0a4cf6f1-713f-4592-b0d9-9717e6e271ad', '', 'operator-id', 'REGULAR_EMPLOYEE', 'a8ddb1fe-6f79-4096-8ea4-e7b042a60f93', null, '1500');
INSERT INTO phone(id, version, date_created, last_updated, number, type) VALUES('97de188e-bb92-43ee-b143-20e5acbd36fb', 0, current_timestamp, current_timestamp, '833 1 69 84 54', 'HOME');
INSERT INTO employee_phone(employee_phones_id, phone_id) VALUES('0a4e37b3-5bcf-4848-8329-39b8a56fbd1b', '97de188e-bb92-43ee-b143-20e5acbd36fb');
INSERT INTO address(id, version, address, date_created, last_updated, municipality_id, postal_code, settlement_id, state_id) VALUES('b5f89dbd-ce57-48fe-ba4b-1d0de9695bb6', 0, 'CALLE REFORMA No. 302', current_timestamp, current_timestamp, (select municipality_id from settlement where postal_code = '89600' limit 1), '89600', (select id from settlement where postal_code = '89600' limit 1), (select state_id from settlement where postal_code = '89600' limit 1));
INSERT INTO job_detail(id, version, base_salary, job_name, date_created, last_updated) VALUES('a22fdaa9-e560-4349-818d-3f68bc49f2dc', 0, 4000.0, 'Operador', current_timestamp, current_timestamp);
INSERT INTO driver_license(id, version, antiqueness, date_created, last_updated, expedition, expiration, license_number, license_type) VALUES('cf98dc0e-e1f4-4b49-9fdd-b7230a505d0e', 0, current_timestamp, current_timestamp, current_timestamp, current_timestamp, date('5/14/18'), 'TAM311389', 'A');
INSERT INTO individual(id, version, address_id, date_created, last_name, last_updated, name, second_last_name, class, driver_license_id, email, employee_position_id, employee_type, job_detail_id, personal_data_id, employee_number) VALUES('1a7f5d1d-2391-4836-984a-04fe63f9be5c', 0, 'b5f89dbd-ce57-48fe-ba4b-1d0de9695bb6', current_timestamp, 'COSNTANTINO', current_timestamp, 'CARLOS ISRAEL', 'ZARATE', 'justcloud.tickets.domain.Employee', 'cf98dc0e-e1f4-4b49-9fdd-b7230a505d0e', '', 'operator-id', 'REGULAR_EMPLOYEE', 'a22fdaa9-e560-4349-818d-3f68bc49f2dc', null, '1498');
INSERT INTO phone(id, version, date_created, last_updated, number, type) VALUES('80b6db95-3af2-4ea2-a1dd-1dc499333573', 0, current_timestamp, current_timestamp, '833 304 3412', 'MOBILE');
INSERT INTO employee_phone(employee_phones_id, phone_id) VALUES('1a7f5d1d-2391-4836-984a-04fe63f9be5c', '80b6db95-3af2-4ea2-a1dd-1dc499333573');
INSERT INTO address(id, version, address, date_created, last_updated, municipality_id, postal_code, settlement_id, state_id) VALUES('a202a8c5-0bac-426d-bb70-d5e8e5d5d351', 0, 'MARIA MORELOS PONIENTE MZ.4 LT.24 CASA 25', current_timestamp, current_timestamp, (select municipality_id from settlement where postal_code = '55023' limit 1), '55023', (select id from settlement where postal_code = '55023' limit 1), (select state_id from settlement where postal_code = '55023' limit 1));
INSERT INTO job_detail(id, version, base_salary, job_name, date_created, last_updated) VALUES('669b72eb-836e-4ff8-ada0-551c105ebdee', 0, 4000.0, 'Operador', current_timestamp, current_timestamp);
INSERT INTO driver_license(id, version, antiqueness, date_created, last_updated, expedition, expiration, license_number, license_type) VALUES('aed3efde-6b93-4fd2-b84d-416f7893d6fc', 0, current_timestamp, current_timestamp, current_timestamp, current_timestamp, date('10/26/10'), 'DF00204093', 'A');
INSERT INTO individual(id, version, address_id, date_created, last_name, last_updated, name, second_last_name, class, driver_license_id, email, employee_position_id, employee_type, job_detail_id, personal_data_id, employee_number) VALUES('bc7edcbc-89ff-45ff-b577-cc11d33fdbf5', 0, 'a202a8c5-0bac-426d-bb70-d5e8e5d5d351', current_timestamp, 'BLANCAS', current_timestamp, 'FRANCISCO RAMON', 'VALDEZ', 'justcloud.tickets.domain.Employee', 'aed3efde-6b93-4fd2-b84d-416f7893d6fc', '', 'operator-id', 'REGULAR_EMPLOYEE', '669b72eb-836e-4ff8-ada0-551c105ebdee', null, '1150');
INSERT INTO phone(id, version, date_created, last_updated, number, type) VALUES('5c5125a9-a71d-4c7b-8ca6-3a8446cbd722', 0, current_timestamp, current_timestamp, '5510142070', 'HOME');
INSERT INTO employee_phone(employee_phones_id, phone_id) VALUES('bc7edcbc-89ff-45ff-b577-cc11d33fdbf5', '5c5125a9-a71d-4c7b-8ca6-3a8446cbd722');
INSERT INTO address(id, version, address, date_created, last_updated, municipality_id, postal_code, settlement_id, state_id) VALUES('a0e4da12-00c8-4645-b708-00536e98d614', 0, 'CALLE SINALOA No. 512', current_timestamp, current_timestamp, (select municipality_id from settlement where postal_code = '79060' limit 1), '79060', (select id from settlement where postal_code = '79060' limit 1), (select state_id from settlement where postal_code = '79060' limit 1));
INSERT INTO job_detail(id, version, base_salary, job_name, date_created, last_updated) VALUES('2e0f2987-8aeb-4a96-ac76-ce19c65892a0', 0, 4000.0, 'Operador', current_timestamp, current_timestamp);
INSERT INTO driver_license(id, version, antiqueness, date_created, last_updated, expedition, expiration, license_number, license_type) VALUES('531f9534-4ce6-474f-b308-5be01aa3bc68', 0, current_timestamp, current_timestamp, current_timestamp, current_timestamp, date('5/31/11'), 'TAMP 307278', 'A');
INSERT INTO individual(id, version, address_id, date_created, last_name, last_updated, name, second_last_name, class, driver_license_id, email, employee_position_id, employee_type, job_detail_id, personal_data_id, employee_number) VALUES('ee6c273c-74c2-4492-88b4-fdd4740a685f', 0, 'a0e4da12-00c8-4645-b708-00536e98d614', current_timestamp, 'GALICIA', current_timestamp, 'JOSE ALFREDO', 'VILLEGAS', 'justcloud.tickets.domain.Employee', '531f9534-4ce6-474f-b308-5be01aa3bc68', '', 'operator-id', 'REGULAR_EMPLOYEE', '2e0f2987-8aeb-4a96-ac76-ce19c65892a0', null, '1264');
INSERT INTO phone(id, version, date_created, last_updated, number, type) VALUES('28b9c4fe-9aee-4313-a986-01802e34c7c6', 0, current_timestamp, current_timestamp, '14813811137', 'HOME');
INSERT INTO employee_phone(employee_phones_id, phone_id) VALUES('ee6c273c-74c2-4492-88b4-fdd4740a685f', '28b9c4fe-9aee-4313-a986-01802e34c7c6');
INSERT INTO phone(id, version, date_created, last_updated, number, type) VALUES('64ea1d36-5b97-40c9-8a5f-728798091666', 0, current_timestamp, current_timestamp, '045 48 111 25 063', 'MOBILE');
INSERT INTO employee_phone(employee_phones_id, phone_id) VALUES('ee6c273c-74c2-4492-88b4-fdd4740a685f', '64ea1d36-5b97-40c9-8a5f-728798091666');
INSERT INTO address(id, version, address, date_created, last_updated, municipality_id, postal_code, settlement_id, state_id) VALUES('bd4d61c9-597e-4722-ba45-6e86cb388b52', 0, 'PRIVADA HACIENDA MONTESINOS No.103', current_timestamp, current_timestamp, (select municipality_id from settlement where postal_code = '42083' limit 1), '42083', (select id from settlement where postal_code = '42083' limit 1), (select state_id from settlement where postal_code = '42083' limit 1));
INSERT INTO job_detail(id, version, base_salary, job_name, date_created, last_updated) VALUES('9a0311ba-7dac-44b2-837d-44650ada9bca', 0, 4000.0, 'Operador', current_timestamp, current_timestamp);
INSERT INTO driver_license(id, version, antiqueness, date_created, last_updated, expedition, expiration, license_number, license_type) VALUES('3aac5eb9-9aa7-4dd9-8cf5-ce1a918bc1b3', 0, current_timestamp, current_timestamp, current_timestamp, current_timestamp, date('11/21/10'), 'DF117776', 'A');
INSERT INTO individual(id, version, address_id, date_created, last_name, last_updated, name, second_last_name, class, driver_license_id, email, employee_position_id, employee_type, job_detail_id, personal_data_id, employee_number) VALUES('46a9a2b5-3d4e-4289-9e4b-2f229ba08d22', 0, 'bd4d61c9-597e-4722-ba45-6e86cb388b52', current_timestamp, 'RIVERO', current_timestamp, 'LUIS', 'VALDEZ', 'justcloud.tickets.domain.Employee', '3aac5eb9-9aa7-4dd9-8cf5-ce1a918bc1b3', '', 'operator-id', 'REGULAR_EMPLOYEE', '9a0311ba-7dac-44b2-837d-44650ada9bca', null, '1505');
INSERT INTO phone(id, version, date_created, last_updated, number, type) VALUES('6b844d2b-dcfb-410c-b4c3-5f7bb57a25d9', 0, current_timestamp, current_timestamp, '5531776163', 'HOME');
INSERT INTO employee_phone(employee_phones_id, phone_id) VALUES('46a9a2b5-3d4e-4289-9e4b-2f229ba08d22', '6b844d2b-dcfb-410c-b4c3-5f7bb57a25d9');
INSERT INTO address(id, version, address, date_created, last_updated, municipality_id, postal_code, settlement_id, state_id) VALUES('8c6159e3-fbb7-4850-8c57-b7747550c648', 0, 'MZA.G. LT. 33 EDIF N INT 301', current_timestamp, current_timestamp, (select municipality_id from settlement where postal_code = '55719' limit 1), '55719', (select id from settlement where postal_code = '55719' limit 1), (select state_id from settlement where postal_code = '55719' limit 1));
INSERT INTO job_detail(id, version, base_salary, job_name, date_created, last_updated) VALUES('8ce63ffe-589b-4f93-ad8e-7680ff0a3288', 0, 4000.0, 'Operador', current_timestamp, current_timestamp);
INSERT INTO driver_license(id, version, antiqueness, date_created, last_updated, expedition, expiration, license_number, license_type) VALUES('562efbc3-84ff-4d2b-88fd-5478f1eb6bc0', 0, current_timestamp, current_timestamp, current_timestamp, current_timestamp, date('2/21/12'), '222620', 'A');
INSERT INTO individual(id, version, address_id, date_created, last_name, last_updated, name, second_last_name, class, driver_license_id, email, employee_position_id, employee_type, job_detail_id, personal_data_id, employee_number) VALUES('68b75e99-f5cc-4bd2-8a65-ce6cbfa917d0', 0, '8c6159e3-fbb7-4850-8c57-b7747550c648', current_timestamp, 'GONZALEZ', current_timestamp, 'NOE', 'MEDINA', 'justcloud.tickets.domain.Employee', '562efbc3-84ff-4d2b-88fd-5478f1eb6bc0', '', 'operator-id', 'REGULAR_EMPLOYEE', '8ce63ffe-589b-4f93-ad8e-7680ff0a3288', null, '1512');
INSERT INTO phone(id, version, date_created, last_updated, number, type) VALUES('0707783d-b8e8-4fc8-942e-174bdd84f950', 0, current_timestamp, current_timestamp, '58797545', 'HOME');
INSERT INTO employee_phone(employee_phones_id, phone_id) VALUES('68b75e99-f5cc-4bd2-8a65-ce6cbfa917d0', '0707783d-b8e8-4fc8-942e-174bdd84f950');
INSERT INTO phone(id, version, date_created, last_updated, number, type) VALUES('1fae4fa2-90c2-493c-ae07-a929e52dbad2', 0, current_timestamp, current_timestamp, '5514078616', 'MOBILE');
INSERT INTO employee_phone(employee_phones_id, phone_id) VALUES('68b75e99-f5cc-4bd2-8a65-ce6cbfa917d0', '1fae4fa2-90c2-493c-ae07-a929e52dbad2');
INSERT INTO address(id, version, address, date_created, last_updated, municipality_id, postal_code, settlement_id, state_id) VALUES('16572846-e6e2-4021-88e0-89a9b667a751', 0, 'PRIVADA CUAUHTEMOC 206 ENTRE MORELIA Y NECAXA', current_timestamp, current_timestamp, (select municipality_id from settlement where postal_code = '89400' limit 1), '89400', (select id from settlement where postal_code = '89400' limit 1), (select state_id from settlement where postal_code = '89400' limit 1));
INSERT INTO job_detail(id, version, base_salary, job_name, date_created, last_updated) VALUES('5dce2beb-11e2-4ab7-bce4-3e2b2f00a32a', 0, 4000.0, 'Operador', current_timestamp, current_timestamp);
INSERT INTO driver_license(id, version, antiqueness, date_created, last_updated, expedition, expiration, license_number, license_type) VALUES('860e81ec-78ba-4b35-b55c-182cb1f34cdf', 0, current_timestamp, current_timestamp, current_timestamp, current_timestamp, date('4/28/11'), 'TAMP307208', 'A');
INSERT INTO individual(id, version, address_id, date_created, last_name, last_updated, name, second_last_name, class, driver_license_id, email, employee_position_id, employee_type, job_detail_id, personal_data_id, employee_number) VALUES('ce6fa4bd-2b81-4841-a9d6-aa7a37ed5c08', 0, '16572846-e6e2-4021-88e0-89a9b667a751', current_timestamp, 'PORRAS', current_timestamp, 'HECTOR GABRIEL', 'RAMIREZ', 'justcloud.tickets.domain.Employee', '860e81ec-78ba-4b35-b55c-182cb1f34cdf', '', 'operator-id', 'REGULAR_EMPLOYEE', '5dce2beb-11e2-4ab7-bce4-3e2b2f00a32a', null, '1515');
INSERT INTO phone(id, version, date_created, last_updated, number, type) VALUES('bb70e144-1463-435e-a796-40bce14607c9', 0, current_timestamp, current_timestamp, '833 2106169', 'HOME');
INSERT INTO employee_phone(employee_phones_id, phone_id) VALUES('ce6fa4bd-2b81-4841-a9d6-aa7a37ed5c08', 'bb70e144-1463-435e-a796-40bce14607c9');
INSERT INTO phone(id, version, date_created, last_updated, number, type) VALUES('485c7128-865d-4e3e-99a0-599732a66e23', 0, current_timestamp, current_timestamp, '833 16 9 50 12', 'MOBILE');
INSERT INTO employee_phone(employee_phones_id, phone_id) VALUES('ce6fa4bd-2b81-4841-a9d6-aa7a37ed5c08', '485c7128-865d-4e3e-99a0-599732a66e23');
INSERT INTO address(id, version, address, date_created, last_updated, municipality_id, postal_code, settlement_id, state_id) VALUES('61602104-573c-4f0c-a88b-e45f9da457b4', 0, 'FICUS 156', current_timestamp, current_timestamp, (select municipality_id from settlement where postal_code = '89600' limit 1), '89600', (select id from settlement where postal_code = '89600' limit 1), (select state_id from settlement where postal_code = '89600' limit 1));
INSERT INTO job_detail(id, version, base_salary, job_name, date_created, last_updated) VALUES('a0467498-e1e7-44c5-b7a2-e741e2fed667', 0, 4000.0, 'Operador', current_timestamp, current_timestamp);
INSERT INTO driver_license(id, version, antiqueness, date_created, last_updated, expedition, expiration, license_number, license_type) VALUES('04ce3b69-6ad0-4ebc-a215-a88ac70b3fdb', 0, current_timestamp, current_timestamp, current_timestamp, current_timestamp, date('5/28/12'), 'TAMP309244', 'A');
INSERT INTO individual(id, version, address_id, date_created, last_name, last_updated, name, second_last_name, class, driver_license_id, email, employee_position_id, employee_type, job_detail_id, personal_data_id, employee_number) VALUES('51aa3007-7126-4b8f-ae47-5f088bf5230b', 0, '61602104-573c-4f0c-a88b-e45f9da457b4', current_timestamp, 'VAZQUEZ', current_timestamp, 'CARLOS DANIEL', 'MUÑIS', 'justcloud.tickets.domain.Employee', '04ce3b69-6ad0-4ebc-a215-a88ac70b3fdb', '', 'operator-id', 'REGULAR_EMPLOYEE', 'a0467498-e1e7-44c5-b7a2-e741e2fed667', null, '1516');
INSERT INTO phone(id, version, date_created, last_updated, number, type) VALUES('da506b40-9ef0-45c0-be2e-7c82557e252f', 0, current_timestamp, current_timestamp, '833 3088810', 'HOME');
INSERT INTO employee_phone(employee_phones_id, phone_id) VALUES('51aa3007-7126-4b8f-ae47-5f088bf5230b', 'da506b40-9ef0-45c0-be2e-7c82557e252f');
INSERT INTO phone(id, version, date_created, last_updated, number, type) VALUES('29590841-2101-4ff9-89d9-b0e6aa5107c2', 0, current_timestamp, current_timestamp, '1 23 21 21', 'WORK');
INSERT INTO employee_phone(employee_phones_id, phone_id) VALUES('51aa3007-7126-4b8f-ae47-5f088bf5230b', '29590841-2101-4ff9-89d9-b0e6aa5107c2');
INSERT INTO address(id, version, address, date_created, last_updated, municipality_id, postal_code, settlement_id, state_id) VALUES('5aee6391-5940-4c7b-894c-268902fbe7e4', 0, 'PICO DE ORIZABA No.103', current_timestamp, current_timestamp, (select municipality_id from settlement where postal_code = '89347' limit 1), '89347', (select id from settlement where postal_code = '89347' limit 1), (select state_id from settlement where postal_code = '89347' limit 1));
INSERT INTO job_detail(id, version, base_salary, job_name, date_created, last_updated) VALUES('11191af4-570d-4bce-ac31-e090e52b8afd', 0, 4000.0, 'Operador', current_timestamp, current_timestamp);
INSERT INTO driver_license(id, version, antiqueness, date_created, last_updated, expedition, expiration, license_number, license_type) VALUES('88dc67f8-aa62-4b3c-aa9a-48a4020c508d', 0, current_timestamp, current_timestamp, current_timestamp, current_timestamp, date('9/20/10'), 'TAMP309371', 'A');
INSERT INTO individual(id, version, address_id, date_created, last_name, last_updated, name, second_last_name, class, driver_license_id, email, employee_position_id, employee_type, job_detail_id, personal_data_id, employee_number) VALUES('7e80a3c2-f9f8-4280-8429-a0654094b69b', 0, '5aee6391-5940-4c7b-894c-268902fbe7e4', current_timestamp, 'BALDERAS', current_timestamp, 'SERGIO', 'HERNANDEZ', 'justcloud.tickets.domain.Employee', '88dc67f8-aa62-4b3c-aa9a-48a4020c508d', '', 'operator-id', 'REGULAR_EMPLOYEE', '11191af4-570d-4bce-ac31-e090e52b8afd', null, '1514');
INSERT INTO phone(id, version, date_created, last_updated, number, type) VALUES('0840ca35-bab3-4222-b65f-3e01e6d2edc6', 0, current_timestamp, current_timestamp, '833 3 06 36 37', 'HOME');
INSERT INTO employee_phone(employee_phones_id, phone_id) VALUES('7e80a3c2-f9f8-4280-8429-a0654094b69b', '0840ca35-bab3-4222-b65f-3e01e6d2edc6');
INSERT INTO phone(id, version, date_created, last_updated, number, type) VALUES('fc4dcb99-32b9-4076-9acb-e57f1a585879', 0, current_timestamp, current_timestamp, '81 11 99 51 17', 'MOBILE');
INSERT INTO employee_phone(employee_phones_id, phone_id) VALUES('7e80a3c2-f9f8-4280-8429-a0654094b69b', 'fc4dcb99-32b9-4076-9acb-e57f1a585879');
INSERT INTO address(id, version, address, date_created, last_updated, municipality_id, postal_code, settlement_id, state_id) VALUES('ba4f84e0-1276-4a98-a2e2-77ddece7e708', 0, 'FRANCISCO SARABIA No.1', current_timestamp, current_timestamp, (select municipality_id from settlement where postal_code = '54980' limit 1), '54980', (select id from settlement where postal_code = '54980' limit 1), (select state_id from settlement where postal_code = '54980' limit 1));
INSERT INTO job_detail(id, version, base_salary, job_name, date_created, last_updated) VALUES('6d739c1b-3ef7-4e57-a0cb-4447b874168d', 0, 4000.0, 'Operador', current_timestamp, current_timestamp);
INSERT INTO driver_license(id, version, antiqueness, date_created, last_updated, expedition, expiration, license_number, license_type) VALUES('baedf584-aedc-4ac4-87d6-9b31c2cf9502', 0, current_timestamp, current_timestamp, current_timestamp, current_timestamp, date('8/13/10'), 'DF00224757', 'A');
INSERT INTO individual(id, version, address_id, date_created, last_name, last_updated, name, second_last_name, class, driver_license_id, email, employee_position_id, employee_type, job_detail_id, personal_data_id, employee_number) VALUES('8afcd85e-53c6-489a-a642-3b801035321b', 0, 'ba4f84e0-1276-4a98-a2e2-77ddece7e708', current_timestamp, 'CORTES', current_timestamp, 'LEONEL', 'GONZALEZ', 'justcloud.tickets.domain.Employee', 'baedf584-aedc-4ac4-87d6-9b31c2cf9502', '', 'operator-id', 'REGULAR_EMPLOYEE', '6d739c1b-3ef7-4e57-a0cb-4447b874168d', null, '1521');
INSERT INTO phone(id, version, date_created, last_updated, number, type) VALUES('809776e4-e376-4c5a-9d26-15fc49b5916f', 0, current_timestamp, current_timestamp, '58854161', 'HOME');
INSERT INTO employee_phone(employee_phones_id, phone_id) VALUES('8afcd85e-53c6-489a-a642-3b801035321b', '809776e4-e376-4c5a-9d26-15fc49b5916f');
INSERT INTO phone(id, version, date_created, last_updated, number, type) VALUES('2166257e-da60-44d8-9b89-89f33c48f75f', 0, current_timestamp, current_timestamp, '5531598473', 'MOBILE');
INSERT INTO employee_phone(employee_phones_id, phone_id) VALUES('8afcd85e-53c6-489a-a642-3b801035321b', '2166257e-da60-44d8-9b89-89f33c48f75f');
INSERT INTO address(id, version, address, date_created, last_updated, municipality_id, postal_code, settlement_id, state_id) VALUES('2e436975-70be-41ec-b8d2-4cd2abef7628', 0, 'CUARTA AVENIDA 607-L', current_timestamp, current_timestamp, (select municipality_id from settlement where postal_code = '89310' limit 1), '89310', (select id from settlement where postal_code = '89310' limit 1), (select state_id from settlement where postal_code = '89310' limit 1));
INSERT INTO job_detail(id, version, base_salary, job_name, date_created, last_updated) VALUES('3c4663f8-bd00-41a1-9702-982c6656d1bb', 0, 4000.0, 'Operador', current_timestamp, current_timestamp);
INSERT INTO driver_license(id, version, antiqueness, date_created, last_updated, expedition, expiration, license_number, license_type) VALUES('8c02b8a3-5b87-4f01-b861-9f7b7bca937c', 0, current_timestamp, current_timestamp, current_timestamp, current_timestamp, date('8/31/11'), 'VER106605', 'A');
INSERT INTO individual(id, version, address_id, date_created, last_name, last_updated, name, second_last_name, class, driver_license_id, email, employee_position_id, employee_type, job_detail_id, personal_data_id, employee_number) VALUES('0ccba7d1-6208-40fe-9f66-73dd1f834c56', 0, '2e436975-70be-41ec-b8d2-4cd2abef7628', current_timestamp, 'CERVANTES', current_timestamp, 'GUSTAVO', 'CARBALLO', 'justcloud.tickets.domain.Employee', '8c02b8a3-5b87-4f01-b861-9f7b7bca937c', '', 'operator-id', 'REGULAR_EMPLOYEE', '3c4663f8-bd00-41a1-9702-982c6656d1bb', null, '1522');
INSERT INTO phone(id, version, date_created, last_updated, number, type) VALUES('7baa76b7-8f7f-48ec-90cd-855eb81b1339', 0, current_timestamp, current_timestamp, '8331115864', 'MOBILE');
INSERT INTO employee_phone(employee_phones_id, phone_id) VALUES('0ccba7d1-6208-40fe-9f66-73dd1f834c56', '7baa76b7-8f7f-48ec-90cd-855eb81b1339');
INSERT INTO address(id, version, address, date_created, last_updated, municipality_id, postal_code, settlement_id, state_id) VALUES('72470b2c-7a33-4089-ba56-b5cfdbff0dc0', 0, 'CALLE SONORA 304 SUR', current_timestamp, current_timestamp, (select municipality_id from settlement where postal_code = '89050' limit 1), '89050', (select id from settlement where postal_code = '89050' limit 1), (select state_id from settlement where postal_code = '89050' limit 1));
INSERT INTO job_detail(id, version, base_salary, job_name, date_created, last_updated) VALUES('2df1ddca-f7bf-4eb9-be68-79f2aee52ce0', 0, 4000.0, 'Operador', current_timestamp, current_timestamp);
INSERT INTO driver_license(id, version, antiqueness, date_created, last_updated, expedition, expiration, license_number, license_type) VALUES('a86d11c7-3756-42a0-876d-907b94205088', 0, current_timestamp, current_timestamp, current_timestamp, current_timestamp, date('2/16/15'), 'TAMP309952', 'A');
INSERT INTO individual(id, version, address_id, date_created, last_name, last_updated, name, second_last_name, class, driver_license_id, email, employee_position_id, employee_type, job_detail_id, personal_data_id, employee_number) VALUES('e4ff2857-2fcb-476b-bf0a-cd3b31125d10', 0, '72470b2c-7a33-4089-ba56-b5cfdbff0dc0', current_timestamp, 'GARCIA', current_timestamp, 'ALFREDO', 'BRIONES', 'justcloud.tickets.domain.Employee', 'a86d11c7-3756-42a0-876d-907b94205088', '', 'operator-id', 'REGULAR_EMPLOYEE', '2df1ddca-f7bf-4eb9-be68-79f2aee52ce0', null, '1527');
INSERT INTO address(id, version, address, date_created, last_updated, municipality_id, postal_code, settlement_id, state_id) VALUES('ebe82149-775e-416b-a622-883a696f1dca', 0, 'CALLE VALLE DORADO No.70', current_timestamp, current_timestamp, (select municipality_id from settlement where postal_code = '89600' limit 1), '89600', (select id from settlement where postal_code = '89600' limit 1), (select state_id from settlement where postal_code = '89600' limit 1));
INSERT INTO job_detail(id, version, base_salary, job_name, date_created, last_updated) VALUES('ae8a90c8-9064-42ad-b975-3c1ca63823a2', 0, 4000.0, 'Operador', current_timestamp, current_timestamp);
INSERT INTO driver_license(id, version, antiqueness, date_created, last_updated, expedition, expiration, license_number, license_type) VALUES('02c7a233-55b4-429e-b3f6-1f54fd7729b4', 0, current_timestamp, current_timestamp, current_timestamp, current_timestamp, date('5/11/15'), 'TAMP307979', 'A');
INSERT INTO individual(id, version, address_id, date_created, last_name, last_updated, name, second_last_name, class, driver_license_id, email, employee_position_id, employee_type, job_detail_id, personal_data_id, employee_number) VALUES('672dbca9-1cea-4f19-91b8-d734cdd1c282', 0, 'ebe82149-775e-416b-a622-883a696f1dca', current_timestamp, 'BARRIENTOS', current_timestamp, 'RAYMUNDO', 'PALOMO', 'justcloud.tickets.domain.Employee', '02c7a233-55b4-429e-b3f6-1f54fd7729b4', '', 'operator-id', 'REGULAR_EMPLOYEE', 'ae8a90c8-9064-42ad-b975-3c1ca63823a2', null, '1528');
INSERT INTO address(id, version, address, date_created, last_updated, municipality_id, postal_code, settlement_id, state_id) VALUES('5d155117-54b3-498b-b144-76acfdc29f70', 0, 'RIO CONCEPCION No.11 A', current_timestamp, current_timestamp, (select municipality_id from settlement where postal_code = '54744' limit 1), '54744', (select id from settlement where postal_code = '54744' limit 1), (select state_id from settlement where postal_code = '54744' limit 1));
INSERT INTO job_detail(id, version, base_salary, job_name, date_created, last_updated) VALUES('39de838e-e3e4-47b3-84a4-f6214c2c264a', 0, 4000.0, 'Operador', current_timestamp, current_timestamp);
INSERT INTO driver_license(id, version, antiqueness, date_created, last_updated, expedition, expiration, license_number, license_type) VALUES('0b411cff-3aea-4bc4-a457-94bf20f4af48', 0, current_timestamp, current_timestamp, current_timestamp, current_timestamp, date('7/2/20'), 'HGO0011525', 'A');
INSERT INTO individual(id, version, address_id, date_created, last_name, last_updated, name, second_last_name, class, driver_license_id, email, employee_position_id, employee_type, job_detail_id, personal_data_id, employee_number) VALUES('c0c2ed10-a3ba-45a2-8c1d-14689f3dce69', 0, '5d155117-54b3-498b-b144-76acfdc29f70', current_timestamp, 'ROMERO', current_timestamp, 'EDGAR', 'COLIN', 'justcloud.tickets.domain.Employee', '0b411cff-3aea-4bc4-a457-94bf20f4af48', '', 'operator-id', 'REGULAR_EMPLOYEE', '39de838e-e3e4-47b3-84a4-f6214c2c264a', null, '1529');
INSERT INTO phone(id, version, date_created, last_updated, number, type) VALUES('ffabff49-e45a-455e-b852-a5eebe14f056', 0, current_timestamp, current_timestamp, '58739022', 'HOME');
INSERT INTO employee_phone(employee_phones_id, phone_id) VALUES('c0c2ed10-a3ba-45a2-8c1d-14689f3dce69', 'ffabff49-e45a-455e-b852-a5eebe14f056');
INSERT INTO phone(id, version, date_created, last_updated, number, type) VALUES('73dc137e-6c86-4bf2-bf80-b5547e79f406', 0, current_timestamp, current_timestamp, '5538484969', 'MOBILE');
INSERT INTO employee_phone(employee_phones_id, phone_id) VALUES('c0c2ed10-a3ba-45a2-8c1d-14689f3dce69', '73dc137e-6c86-4bf2-bf80-b5547e79f406');
INSERT INTO address(id, version, address, date_created, last_updated, municipality_id, postal_code, settlement_id, state_id) VALUES('1e6a8c9f-71ac-4af5-9e2e-fb3d156727c3', 0, 'EMILIO PORTES GIL No.601 PLANTA ALTA', current_timestamp, current_timestamp, (select municipality_id from settlement where postal_code = '89060' limit 1), '89060', (select id from settlement where postal_code = '89060' limit 1), (select state_id from settlement where postal_code = '89060' limit 1));
INSERT INTO job_detail(id, version, base_salary, job_name, date_created, last_updated) VALUES('cdabad8c-25f6-428d-aea3-41888d6092e0', 0, 4000.0, 'Operador', current_timestamp, current_timestamp);
INSERT INTO driver_license(id, version, antiqueness, date_created, last_updated, expedition, expiration, license_number, license_type) VALUES('fd4250a0-cbb1-4597-b715-0e243889e76f', 0, current_timestamp, current_timestamp, current_timestamp, current_timestamp, date('11/15/11'), 'TAMP 104100', 'A');
INSERT INTO individual(id, version, address_id, date_created, last_name, last_updated, name, second_last_name, class, driver_license_id, email, employee_position_id, employee_type, job_detail_id, personal_data_id, employee_number) VALUES('ee8af6d8-a24b-401b-8c76-a78193805733', 0, '1e6a8c9f-71ac-4af5-9e2e-fb3d156727c3', current_timestamp, 'MARTINEZ', current_timestamp, 'HUMBERTO', 'FRANCO', 'justcloud.tickets.domain.Employee', 'fd4250a0-cbb1-4597-b715-0e243889e76f', '', 'operator-id', 'REGULAR_EMPLOYEE', 'cdabad8c-25f6-428d-aea3-41888d6092e0', null, '1531');
INSERT INTO address(id, version, address, date_created, last_updated, municipality_id, postal_code, settlement_id, state_id) VALUES('17ca8bbd-f192-484d-a920-83d471e814d8', 0, 'CALLE 20 DE NOVIEMBRE S/N', current_timestamp, current_timestamp, (select municipality_id from settlement where postal_code = '56300' limit 1), '56300', (select id from settlement where postal_code = '56300' limit 1), (select state_id from settlement where postal_code = '56300' limit 1));
INSERT INTO job_detail(id, version, base_salary, job_name, date_created, last_updated) VALUES('278a73f9-5bd7-46cb-ade4-6104fcc03e9e', 0, 4000.0, 'Operador', current_timestamp, current_timestamp);
INSERT INTO driver_license(id, version, antiqueness, date_created, last_updated, expedition, expiration, license_number, license_type) VALUES('c7e1f424-2110-42ab-959a-96840459855b', 0, current_timestamp, current_timestamp, current_timestamp, current_timestamp, date('7/14/11'), 'TLAX04908', 'A');
INSERT INTO individual(id, version, address_id, date_created, last_name, last_updated, name, second_last_name, class, driver_license_id, email, employee_position_id, employee_type, job_detail_id, personal_data_id, employee_number) VALUES('9b1d6285-6e53-403c-99f2-77c2caddd1e2', 0, '17ca8bbd-f192-484d-a920-83d471e814d8', current_timestamp, 'JIMENEZ', current_timestamp, 'JOSE ALEJANDRO', 'MENESES', 'justcloud.tickets.domain.Employee', 'c7e1f424-2110-42ab-959a-96840459855b', '', 'operator-id', 'REGULAR_EMPLOYEE', '278a73f9-5bd7-46cb-ade4-6104fcc03e9e', null, '1530');
INSERT INTO phone(id, version, date_created, last_updated, number, type) VALUES('6a086de8-fcab-4569-b15d-c7a716c2a985', 0, current_timestamp, current_timestamp, '5585749861', 'HOME');
INSERT INTO employee_phone(employee_phones_id, phone_id) VALUES('9b1d6285-6e53-403c-99f2-77c2caddd1e2', '6a086de8-fcab-4569-b15d-c7a716c2a985');
INSERT INTO address(id, version, address, date_created, last_updated, municipality_id, postal_code, settlement_id, state_id) VALUES('83ae3c73-c7ba-4ed2-bfd6-289e011e1392', 0, 'CALLE 5 MZ.6 LT.13', current_timestamp, current_timestamp, (select municipality_id from settlement where postal_code = '56377' limit 1), '56377', (select id from settlement where postal_code = '56377' limit 1), (select state_id from settlement where postal_code = '56377' limit 1));
INSERT INTO job_detail(id, version, base_salary, job_name, date_created, last_updated) VALUES('4e1ddc9d-6686-4b0b-80c5-fbc6b90e5a87', 0, 4000.0, 'Operador', current_timestamp, current_timestamp);
INSERT INTO driver_license(id, version, antiqueness, date_created, last_updated, expedition, expiration, license_number, license_type) VALUES('b18d38db-a8b8-49b5-a19a-5619667651b6', 0, current_timestamp, current_timestamp, current_timestamp, current_timestamp, date('5/20/15'), 'GRO04389', 'A');
INSERT INTO individual(id, version, address_id, date_created, last_name, last_updated, name, second_last_name, class, driver_license_id, email, employee_position_id, employee_type, job_detail_id, personal_data_id, employee_number) VALUES('67fd99ab-3667-448d-bd09-e19fb37de987', 0, '83ae3c73-c7ba-4ed2-bfd6-289e011e1392', current_timestamp, 'RODRIGUEZ', current_timestamp, 'JORGE', 'ALANIZ', 'justcloud.tickets.domain.Employee', 'b18d38db-a8b8-49b5-a19a-5619667651b6', '', 'operator-id', 'REGULAR_EMPLOYEE', '4e1ddc9d-6686-4b0b-80c5-fbc6b90e5a87', null, '1533');
INSERT INTO phone(id, version, date_created, last_updated, number, type) VALUES('db269475-f301-4ea3-88ca-71043964753f', 0, current_timestamp, current_timestamp, '58328349', 'HOME');
INSERT INTO employee_phone(employee_phones_id, phone_id) VALUES('67fd99ab-3667-448d-bd09-e19fb37de987', 'db269475-f301-4ea3-88ca-71043964753f');
INSERT INTO address(id, version, address, date_created, last_updated, municipality_id, postal_code, settlement_id, state_id) VALUES('bc81db16-2597-46b3-a0f2-2bc792aa5d9b', 0, 'CARRETERA CHALCO - MIXQUIC S/N', current_timestamp, current_timestamp, (select municipality_id from settlement where postal_code = '56625' limit 1), '56625', (select id from settlement where postal_code = '56625' limit 1), (select state_id from settlement where postal_code = '56625' limit 1));
INSERT INTO job_detail(id, version, base_salary, job_name, date_created, last_updated) VALUES('805fd6ba-25a1-4258-8748-4d0cd9becaa1', 0, 4000.0, 'Operador', current_timestamp, current_timestamp);
INSERT INTO driver_license(id, version, antiqueness, date_created, last_updated, expedition, expiration, license_number, license_type) VALUES('b00a8076-7e10-46d9-86a5-810631981d2c', 0, current_timestamp, current_timestamp, current_timestamp, current_timestamp, date('6/28/15'), 'DF00100022', 'A');
INSERT INTO individual(id, version, address_id, date_created, last_name, last_updated, name, second_last_name, class, driver_license_id, email, employee_position_id, employee_type, job_detail_id, personal_data_id, employee_number) VALUES('9729911b-8a12-427d-8c93-7ebb86ee332d', 0, 'bc81db16-2597-46b3-a0f2-2bc792aa5d9b', current_timestamp, 'MEZA', current_timestamp, 'JOSE CONCEPCION', 'JIMENEZ', 'justcloud.tickets.domain.Employee', 'b00a8076-7e10-46d9-86a5-810631981d2c', '', 'operator-id', 'REGULAR_EMPLOYEE', '805fd6ba-25a1-4258-8748-4d0cd9becaa1', null, '1532');
INSERT INTO phone(id, version, date_created, last_updated, number, type) VALUES('833e4393-0905-4d87-856b-e21770626557', 0, current_timestamp, current_timestamp, '22367656', 'HOME');
INSERT INTO employee_phone(employee_phones_id, phone_id) VALUES('9729911b-8a12-427d-8c93-7ebb86ee332d', '833e4393-0905-4d87-856b-e21770626557');
INSERT INTO address(id, version, address, date_created, last_updated, municipality_id, postal_code, settlement_id, state_id) VALUES('3a4dd7c6-eac6-454c-9082-ee676ac195de', 0, 'SOR JUANA INES DE LA CRUZ S/N', current_timestamp, current_timestamp, (select municipality_id from settlement where postal_code = '55800' limit 1), '55800', (select id from settlement where postal_code = '55800' limit 1), (select state_id from settlement where postal_code = '55800' limit 1));
INSERT INTO job_detail(id, version, base_salary, job_name, date_created, last_updated) VALUES('b55b12b7-4fa6-43e0-a814-434983c13485', 0, 4000.0, 'Operador', current_timestamp, current_timestamp);
INSERT INTO driver_license(id, version, antiqueness, date_created, last_updated, expedition, expiration, license_number, license_type) VALUES('0eddbf15-8b33-4f3e-81d6-c45aadeaac87', 0, current_timestamp, current_timestamp, current_timestamp, current_timestamp, date('7/21/15'), 'DF00202150', 'A');
INSERT INTO individual(id, version, address_id, date_created, last_name, last_updated, name, second_last_name, class, driver_license_id, email, employee_position_id, employee_type, job_detail_id, personal_data_id, employee_number) VALUES('556a3aef-b25d-48ee-b5f1-019fcb1537e9', 0, '3a4dd7c6-eac6-454c-9082-ee676ac195de', current_timestamp, 'SOSA', current_timestamp, 'BERNARDO', 'OLVERA', 'justcloud.tickets.domain.Employee', '0eddbf15-8b33-4f3e-81d6-c45aadeaac87', '', 'operator-id', 'REGULAR_EMPLOYEE', 'b55b12b7-4fa6-43e0-a814-434983c13485', null, '1534');
INSERT INTO phone(id, version, date_created, last_updated, number, type) VALUES('309aa1bb-7944-480b-a5f3-ab60ce7c782d', 0, current_timestamp, current_timestamp, '15949562961', 'HOME');
INSERT INTO employee_phone(employee_phones_id, phone_id) VALUES('556a3aef-b25d-48ee-b5f1-019fcb1537e9', '309aa1bb-7944-480b-a5f3-ab60ce7c782d');
INSERT INTO phone(id, version, date_created, last_updated, number, type) VALUES('4f346c1f-72dc-4fdb-94d2-a1f4b31dace0', 0, current_timestamp, current_timestamp, '5528895859', 'MOBILE');
INSERT INTO employee_phone(employee_phones_id, phone_id) VALUES('556a3aef-b25d-48ee-b5f1-019fcb1537e9', '4f346c1f-72dc-4fdb-94d2-a1f4b31dace0');
INSERT INTO address(id, version, address, date_created, last_updated, municipality_id, postal_code, settlement_id, state_id) VALUES('565a96d0-209a-4888-ac58-0e681bffc713', 0, 'CALLE TURIN No.26', current_timestamp, current_timestamp, (select municipality_id from settlement where postal_code = '55027' limit 1), '55027', (select id from settlement where postal_code = '55027' limit 1), (select state_id from settlement where postal_code = '55027' limit 1));
INSERT INTO job_detail(id, version, base_salary, job_name, date_created, last_updated) VALUES('c9c5f9eb-43bf-4318-a3b6-f85d0c71310e', 0, 4000.0, 'Operador', current_timestamp, current_timestamp);
INSERT INTO driver_license(id, version, antiqueness, date_created, last_updated, expedition, expiration, license_number, license_type) VALUES('9312b63f-cf5c-42c3-989f-2feb04117764', 0, current_timestamp, current_timestamp, current_timestamp, current_timestamp, date('3/16/11'), 'DF227075', 'A');
INSERT INTO individual(id, version, address_id, date_created, last_name, last_updated, name, second_last_name, class, driver_license_id, email, employee_position_id, employee_type, job_detail_id, personal_data_id, employee_number) VALUES('51ef877b-bb98-43b4-80a9-b1031a31c0d1', 0, '565a96d0-209a-4888-ac58-0e681bffc713', current_timestamp, 'GOMEZ', current_timestamp, 'JOSE MARTIN', 'URQUIZA', 'justcloud.tickets.domain.Employee', '9312b63f-cf5c-42c3-989f-2feb04117764', '', 'operator-id', 'REGULAR_EMPLOYEE', 'c9c5f9eb-43bf-4318-a3b6-f85d0c71310e', null, '1535');
INSERT INTO phone(id, version, date_created, last_updated, number, type) VALUES('e9ce76c3-50c1-4fc3-91cf-6b1f86065c6d', 0, current_timestamp, current_timestamp, '26008780', 'HOME');
INSERT INTO employee_phone(employee_phones_id, phone_id) VALUES('51ef877b-bb98-43b4-80a9-b1031a31c0d1', 'e9ce76c3-50c1-4fc3-91cf-6b1f86065c6d');
INSERT INTO phone(id, version, date_created, last_updated, number, type) VALUES('cb926b0c-153d-4989-b42d-601430c1f8ed', 0, current_timestamp, current_timestamp, '5585743825', 'MOBILE');
INSERT INTO employee_phone(employee_phones_id, phone_id) VALUES('51ef877b-bb98-43b4-80a9-b1031a31c0d1', 'cb926b0c-153d-4989-b42d-601430c1f8ed');
INSERT INTO address(id, version, address, date_created, last_updated, municipality_id, postal_code, settlement_id, state_id) VALUES('8692a2a1-95a0-41da-8470-a4d1095019eb', 0, 'CALLE MEDIANIA No.22', current_timestamp, current_timestamp, (select municipality_id from settlement where postal_code = '56030' limit 1), '56030', (select id from settlement where postal_code = '56030' limit 1), (select state_id from settlement where postal_code = '56030' limit 1));
INSERT INTO job_detail(id, version, base_salary, job_name, date_created, last_updated) VALUES('7474490f-5ad7-4161-990d-d95444f11458', 0, 4000.0, 'Operador', current_timestamp, current_timestamp);
INSERT INTO driver_license(id, version, antiqueness, date_created, last_updated, expedition, expiration, license_number, license_type) VALUES('8603ad18-37b6-49a8-b67f-bca5890326e0', 0, current_timestamp, current_timestamp, current_timestamp, current_timestamp, date('9/12/11'), 'MOR0003946', 'A');
INSERT INTO individual(id, version, address_id, date_created, last_name, last_updated, name, second_last_name, class, driver_license_id, email, employee_position_id, employee_type, job_detail_id, personal_data_id, employee_number) VALUES('9e2d3e79-7539-4780-a9f5-983e65f19221', 0, '8692a2a1-95a0-41da-8470-a4d1095019eb', current_timestamp, 'PERALTA', current_timestamp, 'JOSE ANTONIO', 'GODOY', 'justcloud.tickets.domain.Employee', '8603ad18-37b6-49a8-b67f-bca5890326e0', '', 'operator-id', 'REGULAR_EMPLOYEE', '7474490f-5ad7-4161-990d-d95444f11458', null, '1536');
INSERT INTO phone(id, version, date_created, last_updated, number, type) VALUES('e06cc670-097e-4de2-a397-fab550b432bf', 0, current_timestamp, current_timestamp, '5959313261', 'HOME');
INSERT INTO employee_phone(employee_phones_id, phone_id) VALUES('9e2d3e79-7539-4780-a9f5-983e65f19221', 'e06cc670-097e-4de2-a397-fab550b432bf');
INSERT INTO address(id, version, address, date_created, last_updated, municipality_id, postal_code, settlement_id, state_id) VALUES('2732d576-d727-4dc7-8bf3-2b70475fb959', 0, 'CALLE ORIENTAOL No.43', current_timestamp, current_timestamp, (select municipality_id from settlement where postal_code = '93550' limit 1), '93550', (select id from settlement where postal_code = '93550' limit 1), (select state_id from settlement where postal_code = '93550' limit 1));
INSERT INTO job_detail(id, version, base_salary, job_name, date_created, last_updated) VALUES('aab3f0c5-dc24-4881-aea3-207a4a65aeee', 0, 4000.0, 'Operador', current_timestamp, current_timestamp);
INSERT INTO driver_license(id, version, antiqueness, date_created, last_updated, expedition, expiration, license_number, license_type) VALUES('321b3c48-2c04-4f7e-b696-e1a9e6329aa1', 0, current_timestamp, current_timestamp, current_timestamp, current_timestamp, date('9/5/11'), 'DF114656', 'A');
INSERT INTO individual(id, version, address_id, date_created, last_name, last_updated, name, second_last_name, class, driver_license_id, email, employee_position_id, employee_type, job_detail_id, personal_data_id, employee_number) VALUES('a585dd7b-9169-42ef-9e2b-b0b1cbd2105a', 0, '2732d576-d727-4dc7-8bf3-2b70475fb959', current_timestamp, 'ACOSTA', current_timestamp, ' TIBERIO AVELINO', 'RIVERA', 'justcloud.tickets.domain.Employee', '321b3c48-2c04-4f7e-b696-e1a9e6329aa1', '', 'operator-id', 'REGULAR_EMPLOYEE', 'aab3f0c5-dc24-4881-aea3-207a4a65aeee', null, '1540');
INSERT INTO phone(id, version, date_created, last_updated, number, type) VALUES('5b18ee79-73c0-4782-b717-c7dcc6e95777', 0, current_timestamp, current_timestamp, '7668451993', 'HOME');
INSERT INTO employee_phone(employee_phones_id, phone_id) VALUES('a585dd7b-9169-42ef-9e2b-b0b1cbd2105a', '5b18ee79-73c0-4782-b717-c7dcc6e95777');
INSERT INTO phone(id, version, date_created, last_updated, number, type) VALUES('ca618d8c-3302-42d0-a566-3c11083229c1', 0, current_timestamp, current_timestamp, '5537880347', 'MOBILE');
INSERT INTO employee_phone(employee_phones_id, phone_id) VALUES('a585dd7b-9169-42ef-9e2b-b0b1cbd2105a', 'ca618d8c-3302-42d0-a566-3c11083229c1');
INSERT INTO address(id, version, address, date_created, last_updated, municipality_id, postal_code, settlement_id, state_id) VALUES('32e7c89b-dda2-4054-ba4e-4a20b47db566', 0, 'EMILIO PORTES GIL No.307', current_timestamp, current_timestamp, (select municipality_id from settlement where postal_code = '89847' limit 1), '89847', (select id from settlement where postal_code = '89847' limit 1), (select state_id from settlement where postal_code = '89847' limit 1));
INSERT INTO job_detail(id, version, base_salary, job_name, date_created, last_updated) VALUES('ed6345fb-c653-4ccd-a29e-e1adb2b3d9d6', 0, 4000.0, 'Operador', current_timestamp, current_timestamp);
INSERT INTO driver_license(id, version, antiqueness, date_created, last_updated, expedition, expiration, license_number, license_type) VALUES('396e8e32-4f20-495b-9de8-93b4f7e1f4f6', 0, current_timestamp, current_timestamp, current_timestamp, current_timestamp, date('10/12/10'), 'TAMP308336', 'A');
INSERT INTO individual(id, version, address_id, date_created, last_name, last_updated, name, second_last_name, class, driver_license_id, email, employee_position_id, employee_type, job_detail_id, personal_data_id, employee_number) VALUES('c496e965-3c23-4f43-98af-edc11204932a', 0, '32e7c89b-dda2-4054-ba4e-4a20b47db566', current_timestamp, 'MONTALVO', current_timestamp, 'TITO', 'MONTALVO', 'justcloud.tickets.domain.Employee', '396e8e32-4f20-495b-9de8-93b4f7e1f4f6', '', 'operator-id', 'REGULAR_EMPLOYEE', 'ed6345fb-c653-4ccd-a29e-e1adb2b3d9d6', null, '1546');
INSERT INTO phone(id, version, date_created, last_updated, number, type) VALUES('ef30b164-3ec9-4be4-89c9-6b817033a930', 0, current_timestamp, current_timestamp, '8312343029', 'HOME');
INSERT INTO employee_phone(employee_phones_id, phone_id) VALUES('c496e965-3c23-4f43-98af-edc11204932a', 'ef30b164-3ec9-4be4-89c9-6b817033a930');
INSERT INTO phone(id, version, date_created, last_updated, number, type) VALUES('90ede379-cbd7-45a2-8eb7-cbfd8a72c658', 0, current_timestamp, current_timestamp, '8311149334', 'MOBILE');
INSERT INTO employee_phone(employee_phones_id, phone_id) VALUES('c496e965-3c23-4f43-98af-edc11204932a', '90ede379-cbd7-45a2-8eb7-cbfd8a72c658');
INSERT INTO address(id, version, address, date_created, last_updated, municipality_id, postal_code, settlement_id, state_id) VALUES('a05c9be9-7b31-4a6c-88d3-f18e972eb895', 0, 'VIRGEN DE LA PAZ ORIENTE MZ.13 LT.71 CASA D', current_timestamp, current_timestamp, (select municipality_id from settlement where postal_code = '55060' limit 1), '55060', (select id from settlement where postal_code = '55060' limit 1), (select state_id from settlement where postal_code = '55060' limit 1));
INSERT INTO job_detail(id, version, base_salary, job_name, date_created, last_updated) VALUES('9f69eaf5-5190-43be-8d28-89f922c4f7a8', 0, 4000.0, 'Operador', current_timestamp, current_timestamp);
INSERT INTO driver_license(id, version, antiqueness, date_created, last_updated, expedition, expiration, license_number, license_type) VALUES('66b0c74f-18d0-45c6-8671-0df0430c02cb', 0, current_timestamp, current_timestamp, current_timestamp, current_timestamp, date('9/7/15'), 'DF00204495', 'A');
INSERT INTO individual(id, version, address_id, date_created, last_name, last_updated, name, second_last_name, class, driver_license_id, email, employee_position_id, employee_type, job_detail_id, personal_data_id, employee_number) VALUES('fa0b7c0e-f2f0-4d4d-8c60-8e3c5ef181ed', 0, 'a05c9be9-7b31-4a6c-88d3-f18e972eb895', current_timestamp, 'TELLEZ', current_timestamp, 'JESUS PABLO', 'MORALES', 'justcloud.tickets.domain.Employee', '66b0c74f-18d0-45c6-8671-0df0430c02cb', '', 'operator-id', 'REGULAR_EMPLOYEE', '9f69eaf5-5190-43be-8d28-89f922c4f7a8', null, '1548');
INSERT INTO phone(id, version, date_created, last_updated, number, type) VALUES('d3e09db8-2aff-429c-a2bc-51896598a743', 0, current_timestamp, current_timestamp, '5516420586', 'HOME');
INSERT INTO employee_phone(employee_phones_id, phone_id) VALUES('fa0b7c0e-f2f0-4d4d-8c60-8e3c5ef181ed', 'd3e09db8-2aff-429c-a2bc-51896598a743');
INSERT INTO address(id, version, address, date_created, last_updated, municipality_id, postal_code, settlement_id, state_id) VALUES('d14e0130-8c65-431c-ac9a-a835d798955c', 0, 'prolongacion juan Aldama s/n', current_timestamp, current_timestamp, (select municipality_id from settlement where postal_code = '93997' limit 1), '93997', (select id from settlement where postal_code = '93997' limit 1), (select state_id from settlement where postal_code = '93997' limit 1));
INSERT INTO job_detail(id, version, base_salary, job_name, date_created, last_updated) VALUES('7f07f842-8e2f-4159-ab24-0b2a0ad8421a', 0, 4000.0, 'Operador', current_timestamp, current_timestamp);
INSERT INTO driver_license(id, version, antiqueness, date_created, last_updated, expedition, expiration, license_number, license_type) VALUES('9e67d879-1c47-458c-9753-2d53e61b6142', 0, current_timestamp, current_timestamp, current_timestamp, current_timestamp, date('3/2/11'), 'TAMP310793', 'A');
INSERT INTO individual(id, version, address_id, date_created, last_name, last_updated, name, second_last_name, class, driver_license_id, email, employee_position_id, employee_type, job_detail_id, personal_data_id, employee_number) VALUES('88e17fb5-0e0f-4112-a328-4ee6d5e0ff4f', 0, 'd14e0130-8c65-431c-ac9a-a835d798955c', current_timestamp, 'MARTINEZ', current_timestamp, 'HERIBERTO', 'CASTRO', 'justcloud.tickets.domain.Employee', '9e67d879-1c47-458c-9753-2d53e61b6142', '', 'operator-id', 'REGULAR_EMPLOYEE', '7f07f842-8e2f-4159-ab24-0b2a0ad8421a', null, '1552');
INSERT INTO phone(id, version, date_created, last_updated, number, type) VALUES('fd572ca4-3d99-45c5-8005-c2d52f09f446', 0, current_timestamp, current_timestamp, '846 1042895', 'MOBILE');
INSERT INTO employee_phone(employee_phones_id, phone_id) VALUES('88e17fb5-0e0f-4112-a328-4ee6d5e0ff4f', 'fd572ca4-3d99-45c5-8005-c2d52f09f446');
INSERT INTO address(id, version, address, date_created, last_updated, municipality_id, postal_code, settlement_id, state_id) VALUES('b3671b3d-a367-46f1-95f1-eca266a5bd5a', 0, 'LAGO MARACAIBO No.27 INT.5', current_timestamp, current_timestamp, (select municipality_id from settlement where postal_code = '11270' limit 1), '11270', (select id from settlement where postal_code = '11270' limit 1), (select state_id from settlement where postal_code = '11270' limit 1));
INSERT INTO job_detail(id, version, base_salary, job_name, date_created, last_updated) VALUES('2342df54-4bd6-4169-9164-7d914d39374e', 0, 4000.0, 'Operador', current_timestamp, current_timestamp);
INSERT INTO driver_license(id, version, antiqueness, date_created, last_updated, expedition, expiration, license_number, license_type) VALUES('fd72efd8-6544-4f0b-99f0-7ea870822e2b', 0, current_timestamp, current_timestamp, current_timestamp, current_timestamp, date('3/7/11'), 'DF00128882', 'A');
INSERT INTO individual(id, version, address_id, date_created, last_name, last_updated, name, second_last_name, class, driver_license_id, email, employee_position_id, employee_type, job_detail_id, personal_data_id, employee_number) VALUES('184e332b-c273-42e9-9c21-a444459b1d04', 0, 'b3671b3d-a367-46f1-95f1-eca266a5bd5a', current_timestamp, 'CASTRO', current_timestamp, 'JOSE ARMANDO', 'GUTIERREZ', 'justcloud.tickets.domain.Employee', 'fd72efd8-6544-4f0b-99f0-7ea870822e2b', '', 'operator-id', 'REGULAR_EMPLOYEE', '2342df54-4bd6-4169-9164-7d914d39374e', null, '1555');
INSERT INTO phone(id, version, date_created, last_updated, number, type) VALUES('06e198a9-54d4-421f-bf9c-9da2426ed312', 0, current_timestamp, current_timestamp, '53998438', 'HOME');
INSERT INTO employee_phone(employee_phones_id, phone_id) VALUES('184e332b-c273-42e9-9c21-a444459b1d04', '06e198a9-54d4-421f-bf9c-9da2426ed312');
INSERT INTO phone(id, version, date_created, last_updated, number, type) VALUES('fd3beaf2-bf78-4d76-81a3-82c1ff14fe9a', 0, current_timestamp, current_timestamp, '5537617082', 'MOBILE');
INSERT INTO employee_phone(employee_phones_id, phone_id) VALUES('184e332b-c273-42e9-9c21-a444459b1d04', 'fd3beaf2-bf78-4d76-81a3-82c1ff14fe9a');
INSERT INTO address(id, version, address, date_created, last_updated, municipality_id, postal_code, settlement_id, state_id) VALUES('f7098a4e-0c01-4240-8ead-082012473bb3', 0, 'CALLE SIN NOMBRE S/N', current_timestamp, current_timestamp, (select municipality_id from settlement where postal_code = '55852' limit 1), '55852', (select id from settlement where postal_code = '55852' limit 1), (select state_id from settlement where postal_code = '55852' limit 1));
INSERT INTO job_detail(id, version, base_salary, job_name, date_created, last_updated) VALUES('78ac6f04-1491-4f49-b0c0-4b91cdb3d727', 0, 4000.0, 'Operador', current_timestamp, current_timestamp);
INSERT INTO driver_license(id, version, antiqueness, date_created, last_updated, expedition, expiration, license_number, license_type) VALUES('9607661c-9c0b-4c45-8b02-079df12d5240', 0, current_timestamp, current_timestamp, current_timestamp, current_timestamp, date('3/1/11'), 'HGO01726', 'A');
INSERT INTO individual(id, version, address_id, date_created, last_name, last_updated, name, second_last_name, class, driver_license_id, email, employee_position_id, employee_type, job_detail_id, personal_data_id, employee_number) VALUES('05fe5313-852d-41e9-8756-3448ac00013c', 0, 'f7098a4e-0c01-4240-8ead-082012473bb3', current_timestamp, 'RODRIGUEZ', current_timestamp, 'SERGIO', 'MEDINA', 'justcloud.tickets.domain.Employee', '9607661c-9c0b-4c45-8b02-079df12d5240', '', 'operator-id', 'REGULAR_EMPLOYEE', '78ac6f04-1491-4f49-b0c0-4b91cdb3d727', null, '1556');
INSERT INTO phone(id, version, date_created, last_updated, number, type) VALUES('72a0b343-91cb-46c7-ad5f-2feb463ce852', 0, current_timestamp, current_timestamp, '5519728789', 'MOBILE');
INSERT INTO employee_phone(employee_phones_id, phone_id) VALUES('05fe5313-852d-41e9-8756-3448ac00013c', '72a0b343-91cb-46c7-ad5f-2feb463ce852');
INSERT INTO address(id, version, address, date_created, last_updated, municipality_id, postal_code, settlement_id, state_id) VALUES('bf44daf1-e694-4e07-9374-e9ff5274d200', 0, 'LUCIA MENDEZ ESQUINA PEDRO INFANTE', current_timestamp, current_timestamp, (select municipality_id from settlement where postal_code = '92830' limit 1), '92830', (select id from settlement where postal_code = '92830' limit 1), (select state_id from settlement where postal_code = '92830' limit 1));
INSERT INTO job_detail(id, version, base_salary, job_name, date_created, last_updated) VALUES('0c5c1ce3-c5a6-41a7-b5e4-13137471113e', 0, 4000.0, 'Operador', current_timestamp, current_timestamp);
INSERT INTO driver_license(id, version, antiqueness, date_created, last_updated, expedition, expiration, license_number, license_type) VALUES('2ea5efe8-f0b7-43c1-8fe7-1b17449a12c3', 0, current_timestamp, current_timestamp, current_timestamp, current_timestamp, date('11/13/10'), 'TAMP301172', 'A');
INSERT INTO individual(id, version, address_id, date_created, last_name, last_updated, name, second_last_name, class, driver_license_id, email, employee_position_id, employee_type, job_detail_id, personal_data_id, employee_number) VALUES('51ffac7f-a065-4f5b-aab2-8edd53ee6b7d', 0, 'bf44daf1-e694-4e07-9374-e9ff5274d200', current_timestamp, 'MEJIA', current_timestamp, 'HUMBERTO MARTIN', 'HERRERA', 'justcloud.tickets.domain.Employee', '2ea5efe8-f0b7-43c1-8fe7-1b17449a12c3', '', 'operator-id', 'REGULAR_EMPLOYEE', '0c5c1ce3-c5a6-41a7-b5e4-13137471113e', null, '1561');
INSERT INTO phone(id, version, date_created, last_updated, number, type) VALUES('b9697631-ca17-48fc-8cb9-88cf03a18cef', 0, current_timestamp, current_timestamp, '7831187488', 'MOBILE');
INSERT INTO employee_phone(employee_phones_id, phone_id) VALUES('51ffac7f-a065-4f5b-aab2-8edd53ee6b7d', 'b9697631-ca17-48fc-8cb9-88cf03a18cef');
INSERT INTO address(id, version, address, date_created, last_updated, municipality_id, postal_code, settlement_id, state_id) VALUES('d00eb67a-e4ea-45da-a3b8-bfe7ffed5951', 0, 'PRIVADA SAN FRANCISCO TEMILPA No.21', current_timestamp, current_timestamp, (select municipality_id from settlement where postal_code = '62130' limit 1), '62130', (select id from settlement where postal_code = '62130' limit 1), (select state_id from settlement where postal_code = '62130' limit 1));
INSERT INTO job_detail(id, version, base_salary, job_name, date_created, last_updated) VALUES('ca1db904-7cdc-4198-a6a1-d9aad1f95176', 0, 4000.0, 'Operador', current_timestamp, current_timestamp);
INSERT INTO driver_license(id, version, antiqueness, date_created, last_updated, expedition, expiration, license_number, license_type) VALUES('aa3dac2f-b1d5-4eab-81d5-b003a1dac92e', 0, current_timestamp, current_timestamp, current_timestamp, current_timestamp, date('2/8/12'), 'MOR0003790', 'A');
INSERT INTO individual(id, version, address_id, date_created, last_name, last_updated, name, second_last_name, class, driver_license_id, email, employee_position_id, employee_type, job_detail_id, personal_data_id, employee_number) VALUES('a92e9706-c3c0-4816-a856-0b0e11ee700c', 0, 'd00eb67a-e4ea-45da-a3b8-bfe7ffed5951', current_timestamp, 'NUÑO', current_timestamp, 'EDUARDO', 'BAHENA', 'justcloud.tickets.domain.Employee', 'aa3dac2f-b1d5-4eab-81d5-b003a1dac92e', '', 'operator-id', 'REGULAR_EMPLOYEE', 'ca1db904-7cdc-4198-a6a1-d9aad1f95176', null, '1566');
INSERT INTO phone(id, version, date_created, last_updated, number, type) VALUES('64ad8594-90e3-4955-92ad-58b9d7fbe528', 0, current_timestamp, current_timestamp, '017773 234549', 'HOME');
INSERT INTO employee_phone(employee_phones_id, phone_id) VALUES('a92e9706-c3c0-4816-a856-0b0e11ee700c', '64ad8594-90e3-4955-92ad-58b9d7fbe528');
INSERT INTO phone(id, version, date_created, last_updated, number, type) VALUES('79853afb-0d89-4a14-902e-44f082feefab', 0, current_timestamp, current_timestamp, '0145 7775134246', 'MOBILE');
INSERT INTO employee_phone(employee_phones_id, phone_id) VALUES('a92e9706-c3c0-4816-a856-0b0e11ee700c', '79853afb-0d89-4a14-902e-44f082feefab');
INSERT INTO address(id, version, address, date_created, last_updated, municipality_id, postal_code, settlement_id, state_id) VALUES('c18b74e2-0f6b-4702-be6e-725bca6fd4d5', 0, 'HACIENDA LA HERRADURA No. 45', current_timestamp, current_timestamp, (select municipality_id from settlement where postal_code = '91808' limit 1), '91808', (select id from settlement where postal_code = '91808' limit 1), (select state_id from settlement where postal_code = '91808' limit 1));
INSERT INTO job_detail(id, version, base_salary, job_name, date_created, last_updated) VALUES('7cb2884d-f6c5-4d20-b4f2-769034154bb4', 0, 4000.0, 'Operador', current_timestamp, current_timestamp);
INSERT INTO driver_license(id, version, antiqueness, date_created, last_updated, expedition, expiration, license_number, license_type) VALUES('b3def6a8-f221-4f3d-bf95-19b55cca76a8', 0, current_timestamp, current_timestamp, current_timestamp, current_timestamp, date('2/23/11'), 'VER123974', 'A');
INSERT INTO individual(id, version, address_id, date_created, last_name, last_updated, name, second_last_name, class, driver_license_id, email, employee_position_id, employee_type, job_detail_id, personal_data_id, employee_number) VALUES('b4a56226-7466-409b-9089-588d1d1e4509', 0, 'c18b74e2-0f6b-4702-be6e-725bca6fd4d5', current_timestamp, 'LECOURTOIZ', current_timestamp, 'JORGE', 'AGUILAR', 'justcloud.tickets.domain.Employee', 'b3def6a8-f221-4f3d-bf95-19b55cca76a8', '', 'operator-id', 'REGULAR_EMPLOYEE', '7cb2884d-f6c5-4d20-b4f2-769034154bb4', null, '1560');
INSERT INTO phone(id, version, date_created, last_updated, number, type) VALUES('32b9a401-b598-4f4a-9057-3ad3f086125e', 0, current_timestamp, current_timestamp, '2291857997', 'MOBILE');
INSERT INTO employee_phone(employee_phones_id, phone_id) VALUES('b4a56226-7466-409b-9089-588d1d1e4509', '32b9a401-b598-4f4a-9057-3ad3f086125e');
INSERT INTO address(id, version, address, date_created, last_updated, municipality_id, postal_code, settlement_id, state_id) VALUES('d77baf46-17b7-46c5-bcae-e33d185e37b4', 0, 'BALUARTE No.  185', current_timestamp, current_timestamp, (select municipality_id from settlement where postal_code = '91808' limit 1), '91808', (select id from settlement where postal_code = '91808' limit 1), (select state_id from settlement where postal_code = '91808' limit 1));
INSERT INTO job_detail(id, version, base_salary, job_name, date_created, last_updated) VALUES('51eec050-a728-404a-93eb-fd6b9e65fe74', 0, 4000.0, 'Operador', current_timestamp, current_timestamp);
INSERT INTO driver_license(id, version, antiqueness, date_created, last_updated, expedition, expiration, license_number, license_type) VALUES('a5cfaee4-2de3-434b-8c1a-d2f8e1e3ce6b', 0, current_timestamp, current_timestamp, current_timestamp, current_timestamp, date('7/22/15'), 'VER101985', 'A');
INSERT INTO individual(id, version, address_id, date_created, last_name, last_updated, name, second_last_name, class, driver_license_id, email, employee_position_id, employee_type, job_detail_id, personal_data_id, employee_number) VALUES('73f6a2a1-80aa-4d40-a338-1114062712b3', 0, 'd77baf46-17b7-46c5-bcae-e33d185e37b4', current_timestamp, 'CARVAJAL', current_timestamp, 'JOSE LUIS', 'MARTINEZ', 'justcloud.tickets.domain.Employee', 'a5cfaee4-2de3-434b-8c1a-d2f8e1e3ce6b', '', 'operator-id', 'REGULAR_EMPLOYEE', '51eec050-a728-404a-93eb-fd6b9e65fe74', null, '1557');
INSERT INTO phone(id, version, date_created, last_updated, number, type) VALUES('f7085766-76d3-4946-8906-2866f6846049', 0, current_timestamp, current_timestamp, '2291016955', 'MOBILE');
INSERT INTO employee_phone(employee_phones_id, phone_id) VALUES('73f6a2a1-80aa-4d40-a338-1114062712b3', 'f7085766-76d3-4946-8906-2866f6846049');
INSERT INTO address(id, version, address, date_created, last_updated, municipality_id, postal_code, settlement_id, state_id) VALUES('decdd5c8-a7b4-411d-971c-f3300a85d535', 0, 'MANGUITO No. 3', current_timestamp, current_timestamp, (select municipality_id from settlement where postal_code = '92880' limit 1), '92880', (select id from settlement where postal_code = '92880' limit 1), (select state_id from settlement where postal_code = '92880' limit 1));
INSERT INTO job_detail(id, version, base_salary, job_name, date_created, last_updated) VALUES('95831b9b-1190-4315-8589-ff129de40cd9', 0, 4000.0, 'Operador', current_timestamp, current_timestamp);
INSERT INTO driver_license(id, version, antiqueness, date_created, last_updated, expedition, expiration, license_number, license_type) VALUES('07633c1f-8411-479e-a72b-99194133c29c', 0, current_timestamp, current_timestamp, current_timestamp, current_timestamp, date('5/21/11'), 'AGS0003204', 'A');
INSERT INTO individual(id, version, address_id, date_created, last_name, last_updated, name, second_last_name, class, driver_license_id, email, employee_position_id, employee_type, job_detail_id, personal_data_id, employee_number) VALUES('4ce79fad-30fd-47a9-9fd5-a1d3bedafe87', 0, 'decdd5c8-a7b4-411d-971c-f3300a85d535', current_timestamp, 'CRUZ', current_timestamp, 'JUAN JESUS', 'AMEZCUA', 'justcloud.tickets.domain.Employee', '07633c1f-8411-479e-a72b-99194133c29c', '', 'operator-id', 'REGULAR_EMPLOYEE', '95831b9b-1190-4315-8589-ff129de40cd9', null, '1558');
INSERT INTO phone(id, version, date_created, last_updated, number, type) VALUES('c7bc0fef-2b83-46b6-ba20-3ed8ac213b0a', 0, current_timestamp, current_timestamp, '78311001160', 'MOBILE');
INSERT INTO employee_phone(employee_phones_id, phone_id) VALUES('4ce79fad-30fd-47a9-9fd5-a1d3bedafe87', 'c7bc0fef-2b83-46b6-ba20-3ed8ac213b0a');
INSERT INTO address(id, version, address, date_created, last_updated, municipality_id, postal_code, settlement_id, state_id) VALUES('5f3bba0e-b796-40cf-a7e2-b4689da9c392', 0, 'CALLE 9 No. 274', current_timestamp, current_timestamp, (select municipality_id from settlement where postal_code = '24520' limit 1), '24520', (select id from settlement where postal_code = '24520' limit 1), (select state_id from settlement where postal_code = '24520' limit 1));
INSERT INTO job_detail(id, version, base_salary, job_name, date_created, last_updated) VALUES('34a894e1-316a-41d8-be47-f4a97aa64a44', 0, 4000.0, 'Operador', current_timestamp, current_timestamp);
INSERT INTO driver_license(id, version, antiqueness, date_created, last_updated, expedition, expiration, license_number, license_type) VALUES('900e561f-184c-425b-9b1e-5b04fb1251ba', 0, current_timestamp, current_timestamp, current_timestamp, current_timestamp, date('10/11/15'), 'CAMP00096', 'A');
INSERT INTO individual(id, version, address_id, date_created, last_name, last_updated, name, second_last_name, class, driver_license_id, email, employee_position_id, employee_type, job_detail_id, personal_data_id, employee_number) VALUES('b208b3be-857e-4cbd-81e3-87cf31672831', 0, '5f3bba0e-b796-40cf-a7e2-b4689da9c392', current_timestamp, 'DELGADO', current_timestamp, 'GERVACIO ALFONSO', 'ORTEGA', 'justcloud.tickets.domain.Employee', '900e561f-184c-425b-9b1e-5b04fb1251ba', '', 'operator-id', 'REGULAR_EMPLOYEE', '34a894e1-316a-41d8-be47-f4a97aa64a44', null, '1559');
INSERT INTO phone(id, version, date_created, last_updated, number, type) VALUES('f9223cf9-d549-4b44-a572-87ee4f690241', 0, current_timestamp, current_timestamp, '9981482230', 'MOBILE');
INSERT INTO employee_phone(employee_phones_id, phone_id) VALUES('b208b3be-857e-4cbd-81e3-87cf31672831', 'f9223cf9-d549-4b44-a572-87ee4f690241');
INSERT INTO address(id, version, address, date_created, last_updated, municipality_id, postal_code, settlement_id, state_id) VALUES('6618af53-85e0-431f-9dea-944ab0d5d4fc', 0, 'FRANCISCO VILLA No. 108', current_timestamp, current_timestamp, (select municipality_id from settlement where postal_code = '93390' limit 1), '93390', (select id from settlement where postal_code = '93390' limit 1), (select state_id from settlement where postal_code = '93390' limit 1));
INSERT INTO job_detail(id, version, base_salary, job_name, date_created, last_updated) VALUES('87bb1a52-93a3-48d9-9d58-934e10461fa4', 0, 4000.0, 'Operador', current_timestamp, current_timestamp);
INSERT INTO driver_license(id, version, antiqueness, date_created, last_updated, expedition, expiration, license_number, license_type) VALUES('5319f9fc-d385-4895-b299-11d21823a478', 0, current_timestamp, current_timestamp, current_timestamp, current_timestamp, date('3/23/12'), 'VER0200063', 'A');
INSERT INTO individual(id, version, address_id, date_created, last_name, last_updated, name, second_last_name, class, driver_license_id, email, employee_position_id, employee_type, job_detail_id, personal_data_id, employee_number) VALUES('c19b032f-eb1b-4796-beff-10171ae05423', 0, '6618af53-85e0-431f-9dea-944ab0d5d4fc', current_timestamp, 'REYES', current_timestamp, 'DAVID', 'MEJIA', 'justcloud.tickets.domain.Employee', '5319f9fc-d385-4895-b299-11d21823a478', '', 'operator-id', 'REGULAR_EMPLOYEE', '87bb1a52-93a3-48d9-9d58-934e10461fa4', null, '1562');
INSERT INTO phone(id, version, date_created, last_updated, number, type) VALUES('ef2dfc7f-58f4-42cc-bbe5-7b3f2467c20b', 0, current_timestamp, current_timestamp, '8331449987', 'MOBILE');
INSERT INTO employee_phone(employee_phones_id, phone_id) VALUES('c19b032f-eb1b-4796-beff-10171ae05423', 'ef2dfc7f-58f4-42cc-bbe5-7b3f2467c20b');
INSERT INTO address(id, version, address, date_created, last_updated, municipality_id, postal_code, settlement_id, state_id) VALUES('b8795a3e-dfb0-4d83-b619-2faa352a835a', 0, 'RIO NEGRO No. 161', current_timestamp, current_timestamp, (select municipality_id from settlement where postal_code = '91808' limit 1), '91808', (select id from settlement where postal_code = '91808' limit 1), (select state_id from settlement where postal_code = '91808' limit 1));
INSERT INTO job_detail(id, version, base_salary, job_name, date_created, last_updated) VALUES('8e2532e6-fe10-4cbf-bf1c-44bd87c1255b', 0, 4000.0, 'Operador', current_timestamp, current_timestamp);
INSERT INTO driver_license(id, version, antiqueness, date_created, last_updated, expedition, expiration, license_number, license_type) VALUES('70a3ef38-cebf-4db7-b0c0-7f97e54a4520', 0, current_timestamp, current_timestamp, current_timestamp, current_timestamp, date('4/21/11'), 'VER105531', 'A');
INSERT INTO individual(id, version, address_id, date_created, last_name, last_updated, name, second_last_name, class, driver_license_id, email, employee_position_id, employee_type, job_detail_id, personal_data_id, employee_number) VALUES('74ba86b5-2998-4b80-aa33-87cc7b77c8d4', 0, 'b8795a3e-dfb0-4d83-b619-2faa352a835a', current_timestamp, 'RODRIGUEZ', current_timestamp, 'LUIS ALBERTO', 'CABRERA', 'justcloud.tickets.domain.Employee', '70a3ef38-cebf-4db7-b0c0-7f97e54a4520', '', 'operator-id', 'REGULAR_EMPLOYEE', '8e2532e6-fe10-4cbf-bf1c-44bd87c1255b', null, '1563');
INSERT INTO phone(id, version, date_created, last_updated, number, type) VALUES('3d78a6bd-27fd-45c7-8336-038ece98eb9a', 0, current_timestamp, current_timestamp, '45229207007', 'MOBILE');
INSERT INTO employee_phone(employee_phones_id, phone_id) VALUES('74ba86b5-2998-4b80-aa33-87cc7b77c8d4', '3d78a6bd-27fd-45c7-8336-038ece98eb9a');
INSERT INTO address(id, version, address, date_created, last_updated, municipality_id, postal_code, settlement_id, state_id) VALUES('f97abeba-a612-4992-be40-f64df7824860', 0, 'AV. TULTEPEC COND. II CASA 12', current_timestamp, current_timestamp, (select municipality_id from settlement where postal_code = '54930' limit 1), '54930', (select id from settlement where postal_code = '54930' limit 1), (select state_id from settlement where postal_code = '54930' limit 1));
INSERT INTO job_detail(id, version, base_salary, job_name, date_created, last_updated) VALUES('ba950916-d189-45d6-91cc-625643dbf837', 0, 4000.0, 'Operador', current_timestamp, current_timestamp);
INSERT INTO individual(id, version, address_id, date_created, last_name, last_updated, name, second_last_name, class, driver_license_id, email, employee_position_id, employee_type, job_detail_id, personal_data_id, employee_number) VALUES('9b27e1f7-61fb-4505-8da5-08481acbcda6', 0, 'f97abeba-a612-4992-be40-f64df7824860', current_timestamp, 'DELGADO', current_timestamp, 'ARTURO', 'PERALTA', 'justcloud.tickets.domain.Employee', null, '', 'operator-id', 'REGULAR_EMPLOYEE', 'ba950916-d189-45d6-91cc-625643dbf837', null, '1367');
INSERT INTO address(id, version, address, date_created, last_updated, municipality_id, postal_code, settlement_id, state_id) VALUES('ebec6205-c2d8-4f4e-80f0-ee98dfa3e104', 0, 'CALLEJON CIPRES No.11', current_timestamp, current_timestamp, (select municipality_id from settlement where postal_code = '56334' limit 1), '56334', (select id from settlement where postal_code = '56334' limit 1), (select state_id from settlement where postal_code = '56334' limit 1));
INSERT INTO job_detail(id, version, base_salary, job_name, date_created, last_updated) VALUES('39fcb51a-6b8c-44ce-888c-3cdb635b83af', 0, 4000.0, 'Operador', current_timestamp, current_timestamp);
INSERT INTO driver_license(id, version, antiqueness, date_created, last_updated, expedition, expiration, license_number, license_type) VALUES('024048f7-443d-4b7d-a866-6dd6a89df548', 0, current_timestamp, current_timestamp, current_timestamp, current_timestamp, date('2/24/11'), 'DF106157', 'A');
INSERT INTO individual(id, version, address_id, date_created, last_name, last_updated, name, second_last_name, class, driver_license_id, email, employee_position_id, employee_type, job_detail_id, personal_data_id, employee_number) VALUES('98dc08ea-17dd-44e8-872b-f424ecdb31e9', 0, 'ebec6205-c2d8-4f4e-80f0-ee98dfa3e104', current_timestamp, 'LOPEZ', current_timestamp, 'EMILIANO LEONIDES', 'BUENDIA', 'justcloud.tickets.domain.Employee', '024048f7-443d-4b7d-a866-6dd6a89df548', '', 'operator-id', 'REGULAR_EMPLOYEE', '39fcb51a-6b8c-44ce-888c-3cdb635b83af', null, '1568');
INSERT INTO phone(id, version, date_created, last_updated, number, type) VALUES('048ac6c1-9fdd-4639-bd1c-d6cc9b31e474', 0, current_timestamp, current_timestamp, '22316731', 'HOME');
INSERT INTO employee_phone(employee_phones_id, phone_id) VALUES('98dc08ea-17dd-44e8-872b-f424ecdb31e9', '048ac6c1-9fdd-4639-bd1c-d6cc9b31e474');
INSERT INTO phone(id, version, date_created, last_updated, number, type) VALUES('92dd7f2a-2e6f-4235-b4f5-8c81b0da1da9', 0, current_timestamp, current_timestamp, '5539009088', 'MOBILE');
INSERT INTO employee_phone(employee_phones_id, phone_id) VALUES('98dc08ea-17dd-44e8-872b-f424ecdb31e9', '92dd7f2a-2e6f-4235-b4f5-8c81b0da1da9');
INSERT INTO address(id, version, address, date_created, last_updated, municipality_id, postal_code, settlement_id, state_id) VALUES('5be751b8-60e1-49d9-920d-ff7738555d0c', 0, 'C.DUERO No. 108', current_timestamp, current_timestamp, (select municipality_id from settlement where postal_code = '89600' limit 1), '89600', (select id from settlement where postal_code = '89600' limit 1), (select state_id from settlement where postal_code = '89600' limit 1));
INSERT INTO job_detail(id, version, base_salary, job_name, date_created, last_updated) VALUES('25d8e3ba-77e3-49f0-a85c-d7454df388a8', 0, 4000.0, 'Operador', current_timestamp, current_timestamp);
INSERT INTO driver_license(id, version, antiqueness, date_created, last_updated, expedition, expiration, license_number, license_type) VALUES('e624b337-32aa-45ab-a782-2b868d6a268b', 0, current_timestamp, current_timestamp, current_timestamp, current_timestamp, date('4/1/11'), 'TAMP311880', 'A');
INSERT INTO individual(id, version, address_id, date_created, last_name, last_updated, name, second_last_name, class, driver_license_id, email, employee_position_id, employee_type, job_detail_id, personal_data_id, employee_number) VALUES('5ce205e4-a086-4a6f-b437-ff23cb8e51d0', 0, '5be751b8-60e1-49d9-920d-ff7738555d0c', current_timestamp, 'GARCIA', current_timestamp, 'JOSE LUIS', 'SANCHEZ', 'justcloud.tickets.domain.Employee', 'e624b337-32aa-45ab-a782-2b868d6a268b', '', 'operator-id', 'REGULAR_EMPLOYEE', '25d8e3ba-77e3-49f0-a85c-d7454df388a8', null, '1574');
INSERT INTO phone(id, version, date_created, last_updated, number, type) VALUES('28c76e52-a76b-4855-bc82-c260c6ae3e47', 0, current_timestamp, current_timestamp, '8331735423', 'MOBILE');
INSERT INTO employee_phone(employee_phones_id, phone_id) VALUES('5ce205e4-a086-4a6f-b437-ff23cb8e51d0', '28c76e52-a76b-4855-bc82-c260c6ae3e47');
INSERT INTO address(id, version, address, date_created, last_updated, municipality_id, postal_code, settlement_id, state_id) VALUES('4c9748be-beca-4b53-9066-0869127209e2', 0, 'CUETZALAN No. 165', current_timestamp, current_timestamp, (select municipality_id from settlement where postal_code = '91808' limit 1), '91808', (select id from settlement where postal_code = '91808' limit 1), (select state_id from settlement where postal_code = '91808' limit 1));
INSERT INTO job_detail(id, version, base_salary, job_name, date_created, last_updated) VALUES('630ec7b5-dde6-4de9-9d92-51f2e7684dd5', 0, 4000.0, 'Operador', current_timestamp, current_timestamp);
INSERT INTO driver_license(id, version, antiqueness, date_created, last_updated, expedition, expiration, license_number, license_type) VALUES('86f56470-ce40-4747-856a-703712529180', 0, current_timestamp, current_timestamp, current_timestamp, current_timestamp, date('10/4/15'), 'VER130432', 'A');
INSERT INTO individual(id, version, address_id, date_created, last_name, last_updated, name, second_last_name, class, driver_license_id, email, employee_position_id, employee_type, job_detail_id, personal_data_id, employee_number) VALUES('ed0b38ba-c387-4a36-85b0-585bafbfe055', 0, '4c9748be-beca-4b53-9066-0869127209e2', current_timestamp, 'DECEANO', current_timestamp, 'RAFAEL', 'ANDRADE', 'justcloud.tickets.domain.Employee', '86f56470-ce40-4747-856a-703712529180', '', 'operator-id', 'REGULAR_EMPLOYEE', '630ec7b5-dde6-4de9-9d92-51f2e7684dd5', null, '1572');
INSERT INTO phone(id, version, date_created, last_updated, number, type) VALUES('8dd4ccde-95b0-4438-b8a4-ded3d5c267af', 0, current_timestamp, current_timestamp, '12299867504', 'MOBILE');
INSERT INTO employee_phone(employee_phones_id, phone_id) VALUES('ed0b38ba-c387-4a36-85b0-585bafbfe055', '8dd4ccde-95b0-4438-b8a4-ded3d5c267af');
INSERT INTO address(id, version, address, date_created, last_updated, municipality_id, postal_code, settlement_id, state_id) VALUES('0782a534-438a-466a-8298-bfc0c0651ec9', 0, 'TAMAUILIPAS No. 1113', current_timestamp, current_timestamp, (select municipality_id from settlement where postal_code = '89600' limit 1), '89600', (select id from settlement where postal_code = '89600' limit 1), (select state_id from settlement where postal_code = '89600' limit 1));
INSERT INTO job_detail(id, version, base_salary, job_name, date_created, last_updated) VALUES('7a30e189-af53-4e00-ba91-864fbaa2d923', 0, 4000.0, 'Operador', current_timestamp, current_timestamp);
INSERT INTO driver_license(id, version, antiqueness, date_created, last_updated, expedition, expiration, license_number, license_type) VALUES('b1b59e5b-4952-46d4-a149-c75d5690a0f1', 0, current_timestamp, current_timestamp, current_timestamp, current_timestamp, date('10/29/15'), 'NVOL06204', 'A');
INSERT INTO individual(id, version, address_id, date_created, last_name, last_updated, name, second_last_name, class, driver_license_id, email, employee_position_id, employee_type, job_detail_id, personal_data_id, employee_number) VALUES('faff1a90-564f-418e-88d1-87d1c5be5590', 0, '0782a534-438a-466a-8298-bfc0c0651ec9', current_timestamp, 'ORNELAS', current_timestamp, 'HUMBERTO ALFREDO', 'MACIAS', 'justcloud.tickets.domain.Employee', 'b1b59e5b-4952-46d4-a149-c75d5690a0f1', '', 'operator-id', 'REGULAR_EMPLOYEE', '7a30e189-af53-4e00-ba91-864fbaa2d923', null, '1573');
INSERT INTO phone(id, version, date_created, last_updated, number, type) VALUES('ddf905c3-4540-41d8-b9b8-f7e6e6da46b9', 0, current_timestamp, current_timestamp, '8331731007', 'MOBILE');
INSERT INTO employee_phone(employee_phones_id, phone_id) VALUES('faff1a90-564f-418e-88d1-87d1c5be5590', 'ddf905c3-4540-41d8-b9b8-f7e6e6da46b9');
INSERT INTO address(id, version, address, date_created, last_updated, municipality_id, postal_code, settlement_id, state_id) VALUES('6532276f-07dc-48e0-9be7-8640aaf6f5e9', 0, 'VICENTE GUERRERO No. 1408', current_timestamp, current_timestamp, (select municipality_id from settlement where postal_code = '89600' limit 1), '89600', (select id from settlement where postal_code = '89600' limit 1), (select state_id from settlement where postal_code = '89600' limit 1));
INSERT INTO job_detail(id, version, base_salary, job_name, date_created, last_updated) VALUES('d8681d56-ccc5-4bed-a619-a0ac6653e606', 0, 4000.0, 'Operador', current_timestamp, current_timestamp);
INSERT INTO individual(id, version, address_id, date_created, last_name, last_updated, name, second_last_name, class, driver_license_id, email, employee_position_id, employee_type, job_detail_id, personal_data_id, employee_number) VALUES('9f625a79-3190-4dde-ab98-4b2c6c59f5d8', 0, '6532276f-07dc-48e0-9be7-8640aaf6f5e9', current_timestamp, 'RAMIREZ', current_timestamp, 'ALFREDO', 'MELENDEZ', 'justcloud.tickets.domain.Employee', null, '', 'operator-id', 'REGULAR_EMPLOYEE', 'd8681d56-ccc5-4bed-a619-a0ac6653e606', null, '1274');
INSERT INTO address(id, version, address, date_created, last_updated, municipality_id, postal_code, settlement_id, state_id) VALUES('b38199ec-e5c5-487e-a4b2-c0983bc72fff', 0, 'VICENTE GUERRERO No.15', current_timestamp, current_timestamp, (select municipality_id from settlement where postal_code = '74120' limit 1), '74120', (select id from settlement where postal_code = '74120' limit 1), (select state_id from settlement where postal_code = '74120' limit 1));
INSERT INTO job_detail(id, version, base_salary, job_name, date_created, last_updated) VALUES('1a9b4a36-9da5-4622-b99b-560f96792dbd', 0, 4000.0, 'Operador', current_timestamp, current_timestamp);
INSERT INTO driver_license(id, version, antiqueness, date_created, last_updated, expedition, expiration, license_number, license_type) VALUES('5b6d1a48-55aa-4f2a-8041-c0b071026e97', 0, current_timestamp, current_timestamp, current_timestamp, current_timestamp, date('5/11/12'), 'PUE0000534', 'A');
INSERT INTO individual(id, version, address_id, date_created, last_name, last_updated, name, second_last_name, class, driver_license_id, email, employee_position_id, employee_type, job_detail_id, personal_data_id, employee_number) VALUES('bc6bbcd9-4359-4e2b-a198-e3ad29f2a81c', 0, 'b38199ec-e5c5-487e-a4b2-c0983bc72fff', current_timestamp, 'CASTRO', current_timestamp, 'JESUS', 'CASTRO', 'justcloud.tickets.domain.Employee', '5b6d1a48-55aa-4f2a-8041-c0b071026e97', '', 'operator-id', 'REGULAR_EMPLOYEE', '1a9b4a36-9da5-4622-b99b-560f96792dbd', null, '1580');
INSERT INTO address(id, version, address, date_created, last_updated, municipality_id, postal_code, settlement_id, state_id) VALUES('ab6e2399-b534-44c6-bad4-85ce97862ee9', 0, 'CIRCUTO LATAMAT N54', current_timestamp, current_timestamp, (select municipality_id from settlement where postal_code = '93160' limit 1), '93160', (select id from settlement where postal_code = '93160' limit 1), (select state_id from settlement where postal_code = '93160' limit 1));
INSERT INTO job_detail(id, version, base_salary, job_name, date_created, last_updated) VALUES('3d25dafb-2e3f-4ab8-95e8-0832f081bcf7', 0, 4000.0, 'Operador', current_timestamp, current_timestamp);
INSERT INTO driver_license(id, version, antiqueness, date_created, last_updated, expedition, expiration, license_number, license_type) VALUES('0e390f0d-433f-46c2-a0ee-4a3cfd2167c1', 0, current_timestamp, current_timestamp, current_timestamp, current_timestamp, date('5/23/15'), 'VER0205946', 'A');
INSERT INTO individual(id, version, address_id, date_created, last_name, last_updated, name, second_last_name, class, driver_license_id, email, employee_position_id, employee_type, job_detail_id, personal_data_id, employee_number) VALUES('728c7abf-dbae-410d-8209-89b118b52396', 0, 'ab6e2399-b534-44c6-bad4-85ce97862ee9', current_timestamp, 'CASTELAN', current_timestamp, 'ANSELMO', 'MIRANDA', 'justcloud.tickets.domain.Employee', '0e390f0d-433f-46c2-a0ee-4a3cfd2167c1', '', 'operator-id', 'REGULAR_EMPLOYEE', '3d25dafb-2e3f-4ab8-95e8-0832f081bcf7', null, '1584');
INSERT INTO address(id, version, address, date_created, last_updated, municipality_id, postal_code, settlement_id, state_id) VALUES('6220de8c-4097-4257-85bd-79bdc0254cf4', 0, 'CALLE 20 DE NOVIEMBRE', current_timestamp, current_timestamp, (select municipality_id from settlement where postal_code = '79260' limit 1), '79260', (select id from settlement where postal_code = '79260' limit 1), (select state_id from settlement where postal_code = '79260' limit 1));
INSERT INTO job_detail(id, version, base_salary, job_name, date_created, last_updated) VALUES('c5cd45ad-eeb9-4926-a0eb-00d30fbb61bb', 0, 4000.0, 'Operador', current_timestamp, current_timestamp);
INSERT INTO driver_license(id, version, antiqueness, date_created, last_updated, expedition, expiration, license_number, license_type) VALUES('45cebffd-8e26-4d16-8bac-6aa6999a235e', 0, current_timestamp, current_timestamp, current_timestamp, current_timestamp, date('4/6/12'), 'TAMP310062', 'A');
INSERT INTO individual(id, version, address_id, date_created, last_name, last_updated, name, second_last_name, class, driver_license_id, email, employee_position_id, employee_type, job_detail_id, personal_data_id, employee_number) VALUES('1253591c-b332-407f-85e4-5cccae1d6855', 0, '6220de8c-4097-4257-85bd-79bdc0254cf4', current_timestamp, 'MARTINEZ', current_timestamp, 'FIDENCIO', 'ZAVALA', 'justcloud.tickets.domain.Employee', '45cebffd-8e26-4d16-8bac-6aa6999a235e', '', 'operator-id', 'REGULAR_EMPLOYEE', 'c5cd45ad-eeb9-4926-a0eb-00d30fbb61bb', null, '1591');
INSERT INTO address(id, version, address, date_created, last_updated, municipality_id, postal_code, settlement_id, state_id) VALUES('7ba0a42b-eda7-4e0c-883f-83bce02c32cc', 0, 'PRIVADA DEL CARMEN No. 100', current_timestamp, current_timestamp, (select municipality_id from settlement where postal_code = '79050' limit 1), '79050', (select id from settlement where postal_code = '79050' limit 1), (select state_id from settlement where postal_code = '79050' limit 1));
INSERT INTO job_detail(id, version, base_salary, job_name, date_created, last_updated) VALUES('4a79a3f9-9c78-4ae9-aff7-02129b780dbf', 0, 4000.0, 'Operador', current_timestamp, current_timestamp);
INSERT INTO driver_license(id, version, antiqueness, date_created, last_updated, expedition, expiration, license_number, license_type) VALUES('18bb6deb-fcd9-4946-8061-872ca8a7bc03', 0, current_timestamp, current_timestamp, current_timestamp, current_timestamp, date('7/13/11'), 'TAMP307374', 'A');
INSERT INTO individual(id, version, address_id, date_created, last_name, last_updated, name, second_last_name, class, driver_license_id, email, employee_position_id, employee_type, job_detail_id, personal_data_id, employee_number) VALUES('a38a6136-ba95-4fed-b3f5-d6bcfb49d91a', 0, '7ba0a42b-eda7-4e0c-883f-83bce02c32cc', current_timestamp, 'HERRERA', current_timestamp, 'GERMAN', 'IPIÑA', 'justcloud.tickets.domain.Employee', '18bb6deb-fcd9-4946-8061-872ca8a7bc03', '', 'operator-id', 'REGULAR_EMPLOYEE', '4a79a3f9-9c78-4ae9-aff7-02129b780dbf', null, '1590');
INSERT INTO address(id, version, address, date_created, last_updated, municipality_id, postal_code, settlement_id, state_id) VALUES('1dbacc3f-170e-4731-a18f-c4ce85a097b8', 0, 'LAGUNA LA JOYA No. 256', current_timestamp, current_timestamp, (select municipality_id from settlement where postal_code = '89600' limit 1), '89600', (select id from settlement where postal_code = '89600' limit 1), (select state_id from settlement where postal_code = '89600' limit 1));
INSERT INTO job_detail(id, version, base_salary, job_name, date_created, last_updated) VALUES('a456803e-8a18-4186-983f-87cd7028a6e3', 0, 4000.0, 'Operador', current_timestamp, current_timestamp);
INSERT INTO driver_license(id, version, antiqueness, date_created, last_updated, expedition, expiration, license_number, license_type) VALUES('1a374ab3-2a69-4f93-9677-35e23fc65544', 0, current_timestamp, current_timestamp, current_timestamp, current_timestamp, date('10/2/11'), 'VER130363', 'A');
INSERT INTO individual(id, version, address_id, date_created, last_name, last_updated, name, second_last_name, class, driver_license_id, email, employee_position_id, employee_type, job_detail_id, personal_data_id, employee_number) VALUES('a43ae1bf-fc67-4403-8b02-c5b2b9915869', 0, '1dbacc3f-170e-4731-a18f-c4ce85a097b8', current_timestamp, 'CASTILLO', current_timestamp, 'JUAN', 'AGUIRRE', 'justcloud.tickets.domain.Employee', '1a374ab3-2a69-4f93-9677-35e23fc65544', '', 'operator-id', 'REGULAR_EMPLOYEE', 'a456803e-8a18-4186-983f-87cd7028a6e3', null, '1589');
INSERT INTO address(id, version, address, date_created, last_updated, municipality_id, postal_code, settlement_id, state_id) VALUES('0651cc25-babe-4553-a27a-5e7045607102', 0, 'CERRADA DEL COYOTE S/N', current_timestamp, current_timestamp, (select municipality_id from settlement where postal_code = '55620' limit 1), '55620', (select id from settlement where postal_code = '55620' limit 1), (select state_id from settlement where postal_code = '55620' limit 1));
INSERT INTO job_detail(id, version, base_salary, job_name, date_created, last_updated) VALUES('4c7c31dc-f8ec-4e52-8046-3081345990d5', 0, 4000.0, 'Operador', current_timestamp, current_timestamp);
INSERT INTO driver_license(id, version, antiqueness, date_created, last_updated, expedition, expiration, license_number, license_type) VALUES('ada8d364-f6e8-488b-90d6-771c75143a60', 0, current_timestamp, current_timestamp, current_timestamp, current_timestamp, date('2/26/12'), 'DF00215415', 'A');
INSERT INTO individual(id, version, address_id, date_created, last_name, last_updated, name, second_last_name, class, driver_license_id, email, employee_position_id, employee_type, job_detail_id, personal_data_id, employee_number) VALUES('4f974308-0720-44e3-b1b0-2df04bae8466', 0, '0651cc25-babe-4553-a27a-5e7045607102', current_timestamp, 'NAVARRETE', current_timestamp, 'ISAAC', 'DELGADO', 'justcloud.tickets.domain.Employee', 'ada8d364-f6e8-488b-90d6-771c75143a60', '', 'operator-id', 'REGULAR_EMPLOYEE', '4c7c31dc-f8ec-4e52-8046-3081345990d5', null, '1595');
INSERT INTO phone(id, version, date_created, last_updated, number, type) VALUES('71bae5b0-2b5d-4623-aac1-49853023aa13', 0, current_timestamp, current_timestamp, '01591 9111927', 'HOME');
INSERT INTO employee_phone(employee_phones_id, phone_id) VALUES('4f974308-0720-44e3-b1b0-2df04bae8466', '71bae5b0-2b5d-4623-aac1-49853023aa13');
INSERT INTO phone(id, version, date_created, last_updated, number, type) VALUES('e39b7e3a-d94f-4a5c-9d7d-5bdee28e576d', 0, current_timestamp, current_timestamp, '5517463709', 'MOBILE');
INSERT INTO employee_phone(employee_phones_id, phone_id) VALUES('4f974308-0720-44e3-b1b0-2df04bae8466', 'e39b7e3a-d94f-4a5c-9d7d-5bdee28e576d');
INSERT INTO address(id, version, address, date_created, last_updated, municipality_id, postal_code, settlement_id, state_id) VALUES('27d3ebbd-2798-4c22-8b55-497ddff309e0', 0, 'EJIDO S/N', current_timestamp, current_timestamp, (select municipality_id from settlement where postal_code = '79900' limit 1), '79900', (select id from settlement where postal_code = '79900' limit 1), (select state_id from settlement where postal_code = '79900' limit 1));
INSERT INTO job_detail(id, version, base_salary, job_name, date_created, last_updated) VALUES('652d3747-451b-483e-b7bc-409fb392be2f', 0, 4000.0, 'Operador', current_timestamp, current_timestamp);
INSERT INTO driver_license(id, version, antiqueness, date_created, last_updated, expedition, expiration, license_number, license_type) VALUES('9b865461-85ad-4cdd-8929-99fad7052eb6', 0, current_timestamp, current_timestamp, current_timestamp, current_timestamp, date('9/20/11'), 'SLP0008523', 'A');
INSERT INTO individual(id, version, address_id, date_created, last_name, last_updated, name, second_last_name, class, driver_license_id, email, employee_position_id, employee_type, job_detail_id, personal_data_id, employee_number) VALUES('5a76e4f4-91ec-4d26-a4ca-855d647e977d', 0, '27d3ebbd-2798-4c22-8b55-497ddff309e0', current_timestamp, 'VICENTE', current_timestamp, 'CRESCENCIO', 'MARTINEZ', 'justcloud.tickets.domain.Employee', '9b865461-85ad-4cdd-8929-99fad7052eb6', '', 'operator-id', 'REGULAR_EMPLOYEE', '652d3747-451b-483e-b7bc-409fb392be2f', null, '1592');
INSERT INTO address(id, version, address, date_created, last_updated, municipality_id, postal_code, settlement_id, state_id) VALUES('81d163d2-1f36-49ce-929e-d848d930ff2f', 0, 'CACAO No. 25', current_timestamp, current_timestamp, (select municipality_id from settlement where postal_code = '91855' limit 1), '91855', (select id from settlement where postal_code = '91855' limit 1), (select state_id from settlement where postal_code = '91855' limit 1));
INSERT INTO job_detail(id, version, base_salary, job_name, date_created, last_updated) VALUES('2b7ea7d5-cc66-4a35-b2d9-e6b4f6b8de87', 0, 4000.0, 'Operador', current_timestamp, current_timestamp);
INSERT INTO driver_license(id, version, antiqueness, date_created, last_updated, expedition, expiration, license_number, license_type) VALUES('0e562396-4967-4b37-8c11-729caf579eab', 0, current_timestamp, current_timestamp, current_timestamp, current_timestamp, date('10/4/15'), 'VER0135760', 'A');
INSERT INTO individual(id, version, address_id, date_created, last_name, last_updated, name, second_last_name, class, driver_license_id, email, employee_position_id, employee_type, job_detail_id, personal_data_id, employee_number) VALUES('b260246d-f53d-48c4-a8aa-7689fccbac55', 0, '81d163d2-1f36-49ce-929e-d848d930ff2f', current_timestamp, 'LICONA', current_timestamp, 'DAVID HUMBERTO', 'RODRIGUEZ', 'justcloud.tickets.domain.Employee', '0e562396-4967-4b37-8c11-729caf579eab', '', 'operator-id', 'REGULAR_EMPLOYEE', '2b7ea7d5-cc66-4a35-b2d9-e6b4f6b8de87', null, '1594');
INSERT INTO address(id, version, address, date_created, last_updated, municipality_id, postal_code, settlement_id, state_id) VALUES('a1d97ee3-faed-4cf0-a3fa-b60de002318a', 0, 'CALLE 30DE MAYO No. 527', current_timestamp, current_timestamp, (select municipality_id from settlement where postal_code = '79050' limit 1), '79050', (select id from settlement where postal_code = '79050' limit 1), (select state_id from settlement where postal_code = '79050' limit 1));
INSERT INTO job_detail(id, version, base_salary, job_name, date_created, last_updated) VALUES('a195a1db-00b9-4491-adb4-877f7d66bd4b', 0, 4000.0, 'Operador', current_timestamp, current_timestamp);
INSERT INTO driver_license(id, version, antiqueness, date_created, last_updated, expedition, expiration, license_number, license_type) VALUES('fc7c2548-b6ca-460c-8221-c814e2ea1007', 0, current_timestamp, current_timestamp, current_timestamp, current_timestamp, date('7/9/15'), 'TAMP302227', 'A');
INSERT INTO individual(id, version, address_id, date_created, last_name, last_updated, name, second_last_name, class, driver_license_id, email, employee_position_id, employee_type, job_detail_id, personal_data_id, employee_number) VALUES('d1545962-50b8-430b-8104-691684c69cf9', 0, 'a1d97ee3-faed-4cf0-a3fa-b60de002318a', current_timestamp, 'CASTILLO', current_timestamp, 'JOSE ANGEL', 'MARTINEZ', 'justcloud.tickets.domain.Employee', 'fc7c2548-b6ca-460c-8221-c814e2ea1007', '', 'operator-id', 'REGULAR_EMPLOYEE', 'a195a1db-00b9-4491-adb4-877f7d66bd4b', null, '1599');
INSERT INTO address(id, version, address, date_created, last_updated, municipality_id, postal_code, settlement_id, state_id) VALUES('eb77cff0-3581-4946-9733-2845ca1c64b5', 0, 'CALLE 11  S/N', current_timestamp, current_timestamp, (select municipality_id from settlement where postal_code = '89000' limit 1), '89000', (select id from settlement where postal_code = '89000' limit 1), (select state_id from settlement where postal_code = '89000' limit 1));
INSERT INTO job_detail(id, version, base_salary, job_name, date_created, last_updated) VALUES('e1d0c49c-5cb3-481b-b270-82839e3a97b3', 0, 4000.0, 'Operador', current_timestamp, current_timestamp);
INSERT INTO driver_license(id, version, antiqueness, date_created, last_updated, expedition, expiration, license_number, license_type) VALUES('40d050f1-6615-4364-8b72-08b682d86cfb', 0, current_timestamp, current_timestamp, current_timestamp, current_timestamp, date('1/8/12'), 'TAMP304474', 'A');
INSERT INTO individual(id, version, address_id, date_created, last_name, last_updated, name, second_last_name, class, driver_license_id, email, employee_position_id, employee_type, job_detail_id, personal_data_id, employee_number) VALUES('f3e4fe2c-36a2-41f7-8f3a-94c90b05e4ca', 0, 'eb77cff0-3581-4946-9733-2845ca1c64b5', current_timestamp, 'TENORIO', current_timestamp, 'JUAN ANTONIO', 'ESPINOZA', 'justcloud.tickets.domain.Employee', '40d050f1-6615-4364-8b72-08b682d86cfb', '', 'operator-id', 'REGULAR_EMPLOYEE', 'e1d0c49c-5cb3-481b-b270-82839e3a97b3', null, '1601');
INSERT INTO address(id, version, address, date_created, last_updated, municipality_id, postal_code, settlement_id, state_id) VALUES('56d28881-cc46-4f4e-8bd7-1a2ada1981f1', 0, 'CALLE JOSE LOPEZ PORTILLO No. 119', current_timestamp, current_timestamp, (select municipality_id from settlement where postal_code = '91778' limit 1), '91778', (select id from settlement where postal_code = '91778' limit 1), (select state_id from settlement where postal_code = '91778' limit 1));
INSERT INTO job_detail(id, version, base_salary, job_name, date_created, last_updated) VALUES('232bf4e8-0d27-4565-b35e-1445ba5dbe69', 0, 4000.0, 'Operador', current_timestamp, current_timestamp);
INSERT INTO driver_license(id, version, antiqueness, date_created, last_updated, expedition, expiration, license_number, license_type) VALUES('cc66ffa7-413f-454f-b9fa-41b8c8a0366b', 0, current_timestamp, current_timestamp, current_timestamp, current_timestamp, date('10/13/15'), 'VER128350', 'A');
INSERT INTO individual(id, version, address_id, date_created, last_name, last_updated, name, second_last_name, class, driver_license_id, email, employee_position_id, employee_type, job_detail_id, personal_data_id, employee_number) VALUES('c8b28ca4-18af-4d04-80a5-85921410f413', 0, '56d28881-cc46-4f4e-8bd7-1a2ada1981f1', current_timestamp, 'CAMACHO', current_timestamp, 'ERNESTO', 'ESPINOZA', 'justcloud.tickets.domain.Employee', 'cc66ffa7-413f-454f-b9fa-41b8c8a0366b', '', 'operator-id', 'REGULAR_EMPLOYEE', '232bf4e8-0d27-4565-b35e-1445ba5dbe69', null, '1598');
INSERT INTO address(id, version, address, date_created, last_updated, municipality_id, postal_code, settlement_id, state_id) VALUES('c3aba722-87a7-42e6-b86c-308a7be6c576', 0, 'CALLE VICENTE MAZA DE MARURE N!25', current_timestamp, current_timestamp, (select municipality_id from settlement where postal_code = '91680' limit 1), '91680', (select id from settlement where postal_code = '91680' limit 1), (select state_id from settlement where postal_code = '91680' limit 1));
INSERT INTO job_detail(id, version, base_salary, job_name, date_created, last_updated) VALUES('c0d02918-9740-4cce-8972-9cb7261cc05f', 0, 4000.0, 'Operador', current_timestamp, current_timestamp);
INSERT INTO driver_license(id, version, antiqueness, date_created, last_updated, expedition, expiration, license_number, license_type) VALUES('ed7fedcf-0a86-4bac-9fa4-f12db8ca1a89', 0, current_timestamp, current_timestamp, current_timestamp, current_timestamp, date('11/22/11'), 'VER116393', 'A');
INSERT INTO individual(id, version, address_id, date_created, last_name, last_updated, name, second_last_name, class, driver_license_id, email, employee_position_id, employee_type, job_detail_id, personal_data_id, employee_number) VALUES('cac22ba0-2a2e-46cf-bb85-bd180e661453', 0, 'c3aba722-87a7-42e6-b86c-308a7be6c576', current_timestamp, 'GARCIA', current_timestamp, 'MARTIN', 'HUESCA', 'justcloud.tickets.domain.Employee', 'ed7fedcf-0a86-4bac-9fa4-f12db8ca1a89', '', 'operator-id', 'REGULAR_EMPLOYEE', 'c0d02918-9740-4cce-8972-9cb7261cc05f', null, '1600');
INSERT INTO address(id, version, address, date_created, last_updated, municipality_id, postal_code, settlement_id, state_id) VALUES('dd7865e6-c5cc-4011-8bfb-a47fb41d05ed', 0, 'EMILIANO ZAPATA No. 920', current_timestamp, current_timestamp, (select municipality_id from settlement where postal_code = '79092' limit 1), '79092', (select id from settlement where postal_code = '79092' limit 1), (select state_id from settlement where postal_code = '79092' limit 1));
INSERT INTO job_detail(id, version, base_salary, job_name, date_created, last_updated) VALUES('6873a4a2-60db-4734-a7cd-c923568a24ca', 0, 4000.0, 'Operador', current_timestamp, current_timestamp);
INSERT INTO individual(id, version, address_id, date_created, last_name, last_updated, name, second_last_name, class, driver_license_id, email, employee_position_id, employee_type, job_detail_id, personal_data_id, employee_number) VALUES('45c60954-9939-44b4-8d4a-b7029081b65b', 0, 'dd7865e6-c5cc-4011-8bfb-a47fb41d05ed', current_timestamp, 'GARCIA', current_timestamp, 'SELEDONIO', 'PEREZ', 'justcloud.tickets.domain.Employee', null, '', 'operator-id', 'REGULAR_EMPLOYEE', '6873a4a2-60db-4734-a7cd-c923568a24ca', null, '1607');
INSERT INTO address(id, version, address, date_created, last_updated, municipality_id, postal_code, settlement_id, state_id) VALUES('30f25c3c-279a-44ef-aafd-3b2f43014c75', 0, 'RIO TAMESI No. 1625', current_timestamp, current_timestamp, (select municipality_id from settlement where postal_code = '79050' limit 1), '79050', (select id from settlement where postal_code = '79050' limit 1), (select state_id from settlement where postal_code = '79050' limit 1));
INSERT INTO job_detail(id, version, base_salary, job_name, date_created, last_updated) VALUES('2868b70b-a12e-418a-a5b7-5fdbec7e7ca5', 0, 4000.0, 'Operador', current_timestamp, current_timestamp);
INSERT INTO driver_license(id, version, antiqueness, date_created, last_updated, expedition, expiration, license_number, license_type) VALUES('f90d3ba4-0c5e-4fac-a225-76c7d6bf6e4a', 0, current_timestamp, current_timestamp, current_timestamp, current_timestamp, date('3/6/12'), 'TAMP305157', 'A');
INSERT INTO individual(id, version, address_id, date_created, last_name, last_updated, name, second_last_name, class, driver_license_id, email, employee_position_id, employee_type, job_detail_id, personal_data_id, employee_number) VALUES('b9996053-4391-4c79-b494-55fd37ecee87', 0, '30f25c3c-279a-44ef-aafd-3b2f43014c75', current_timestamp, 'CORTEZ', current_timestamp, 'ZENON', 'HERNANDEZ', 'justcloud.tickets.domain.Employee', 'f90d3ba4-0c5e-4fac-a225-76c7d6bf6e4a', '', 'operator-id', 'REGULAR_EMPLOYEE', '2868b70b-a12e-418a-a5b7-5fdbec7e7ca5', null, '1603');
INSERT INTO address(id, version, address, date_created, last_updated, municipality_id, postal_code, settlement_id, state_id) VALUES('7fc12441-b3d4-427e-8e6d-deebaa648444', 0, 'PRIVADA DEL ALLENDE No. 3', current_timestamp, current_timestamp, (select municipality_id from settlement where postal_code = '92820' limit 1), '92820', (select id from settlement where postal_code = '92820' limit 1), (select state_id from settlement where postal_code = '92820' limit 1));
INSERT INTO job_detail(id, version, base_salary, job_name, date_created, last_updated) VALUES('9f625965-f655-41f2-9484-d79a72b08d30', 0, 4000.0, 'Operador', current_timestamp, current_timestamp);
INSERT INTO driver_license(id, version, antiqueness, date_created, last_updated, expedition, expiration, license_number, license_type) VALUES('587f481b-a895-4db4-b370-1bef5aedfa96', 0, current_timestamp, current_timestamp, current_timestamp, current_timestamp, date('1/12/16'), 'VER0206957', 'A');
INSERT INTO individual(id, version, address_id, date_created, last_name, last_updated, name, second_last_name, class, driver_license_id, email, employee_position_id, employee_type, job_detail_id, personal_data_id, employee_number) VALUES('7e786189-8fda-4740-87ef-b26774aa1ea1', 0, '7fc12441-b3d4-427e-8e6d-deebaa648444', current_timestamp, 'CRUZ', current_timestamp, 'DAVID', 'BADILLO', 'justcloud.tickets.domain.Employee', '587f481b-a895-4db4-b370-1bef5aedfa96', '', 'operator-id', 'REGULAR_EMPLOYEE', '9f625965-f655-41f2-9484-d79a72b08d30', null, '1604');
INSERT INTO address(id, version, address, date_created, last_updated, municipality_id, postal_code, settlement_id, state_id) VALUES('2bcda14d-28bb-416a-a03c-8f56e8300f55', 0, 'IGUALDAD No. 1207', current_timestamp, current_timestamp, (select municipality_id from settlement where postal_code = '91710' limit 1), '91710', (select id from settlement where postal_code = '91710' limit 1), (select state_id from settlement where postal_code = '91710' limit 1));
INSERT INTO job_detail(id, version, base_salary, job_name, date_created, last_updated) VALUES('c7351d12-37b4-4c33-b761-6311b6829459', 0, 4000.0, 'Operador', current_timestamp, current_timestamp);
INSERT INTO driver_license(id, version, antiqueness, date_created, last_updated, expedition, expiration, license_number, license_type) VALUES('9ffd01cd-0295-4fc6-aeb4-7876ace77c97', 0, current_timestamp, current_timestamp, current_timestamp, current_timestamp, date('2/15/11'), 'VER0121743', 'A');
INSERT INTO individual(id, version, address_id, date_created, last_name, last_updated, name, second_last_name, class, driver_license_id, email, employee_position_id, employee_type, job_detail_id, personal_data_id, employee_number) VALUES('ef6fea53-15bc-4792-891b-f8e2bc8a9694', 0, '2bcda14d-28bb-416a-a03c-8f56e8300f55', current_timestamp, 'GARFIAS', current_timestamp, 'ANDRES', 'CARVAJAL', 'justcloud.tickets.domain.Employee', '9ffd01cd-0295-4fc6-aeb4-7876ace77c97', '', 'operator-id', 'REGULAR_EMPLOYEE', 'c7351d12-37b4-4c33-b761-6311b6829459', null, '1605');
INSERT INTO address(id, version, address, date_created, last_updated, municipality_id, postal_code, settlement_id, state_id) VALUES('4d627048-340b-492b-a7a5-ad735075e396', 0, 'CIRCUITO 2 No. 158', current_timestamp, current_timestamp, (select municipality_id from settlement where postal_code = '91808' limit 1), '91808', (select id from settlement where postal_code = '91808' limit 1), (select state_id from settlement where postal_code = '91808' limit 1));
INSERT INTO job_detail(id, version, base_salary, job_name, date_created, last_updated) VALUES('33636b11-17b8-4dc5-b8e0-beead7942d08', 0, 4000.0, 'Operador', current_timestamp, current_timestamp);
INSERT INTO driver_license(id, version, antiqueness, date_created, last_updated, expedition, expiration, license_number, license_type) VALUES('e609aa3f-9783-4d81-bca9-8bdad41d9293', 0, current_timestamp, current_timestamp, current_timestamp, current_timestamp, date('5/22/11'), 'VER129940', 'A');
INSERT INTO individual(id, version, address_id, date_created, last_name, last_updated, name, second_last_name, class, driver_license_id, email, employee_position_id, employee_type, job_detail_id, personal_data_id, employee_number) VALUES('67acfdd9-32a3-4a47-9f64-1dd1255cd259', 0, '4d627048-340b-492b-a7a5-ad735075e396', current_timestamp, 'ACEVEDO', current_timestamp, 'ALFONSO', 'MENDEZ', 'justcloud.tickets.domain.Employee', 'e609aa3f-9783-4d81-bca9-8bdad41d9293', '', 'operator-id', 'REGULAR_EMPLOYEE', '33636b11-17b8-4dc5-b8e0-beead7942d08', null, '1612');
INSERT INTO address(id, version, address, date_created, last_updated, municipality_id, postal_code, settlement_id, state_id) VALUES('79025c52-2f15-440c-a3f3-81b4b28642d6', 0, 'PRIVADA 23 DE DICIEMBRE S/N', current_timestamp, current_timestamp, (select municipality_id from settlement where postal_code = '79050' limit 1), '79050', (select id from settlement where postal_code = '79050' limit 1), (select state_id from settlement where postal_code = '79050' limit 1));
INSERT INTO job_detail(id, version, base_salary, job_name, date_created, last_updated) VALUES('2bbfa008-0ff3-4f81-b60b-55a632d8293c', 0, 4000.0, 'Operador', current_timestamp, current_timestamp);
INSERT INTO driver_license(id, version, antiqueness, date_created, last_updated, expedition, expiration, license_number, license_type) VALUES('ce8ef5d7-1fc5-4def-8e49-ee4ab3a2175c', 0, current_timestamp, current_timestamp, current_timestamp, current_timestamp, date('10/26/15'), 'TAMP306876', 'A');
INSERT INTO individual(id, version, address_id, date_created, last_name, last_updated, name, second_last_name, class, driver_license_id, email, employee_position_id, employee_type, job_detail_id, personal_data_id, employee_number) VALUES('1de3a2b5-e3ec-43a4-b953-88852800b69c', 0, '79025c52-2f15-440c-a3f3-81b4b28642d6', current_timestamp, 'MARTINEZ', current_timestamp, 'AQUILEO', 'ORTIZ', 'justcloud.tickets.domain.Employee', 'ce8ef5d7-1fc5-4def-8e49-ee4ab3a2175c', '', 'operator-id', 'REGULAR_EMPLOYEE', '2bbfa008-0ff3-4f81-b60b-55a632d8293c', null, '1617');
INSERT INTO address(id, version, address, date_created, last_updated, municipality_id, postal_code, settlement_id, state_id) VALUES('db73ff64-6862-4879-835b-f4de52805d5c', 0, 'UNIVERSO No. 4005', current_timestamp, current_timestamp, (select municipality_id from settlement where postal_code = '87087' limit 1), '87087', (select id from settlement where postal_code = '87087' limit 1), (select state_id from settlement where postal_code = '87087' limit 1));
INSERT INTO job_detail(id, version, base_salary, job_name, date_created, last_updated) VALUES('3b2b8cc8-5f48-400d-aef4-6b5ba27b7626', 0, 4000.0, 'Operador', current_timestamp, current_timestamp);
INSERT INTO driver_license(id, version, antiqueness, date_created, last_updated, expedition, expiration, license_number, license_type) VALUES('ec13bb32-55e5-450a-9ba7-61ac2ea7f7c0', 0, current_timestamp, current_timestamp, current_timestamp, current_timestamp, date('12/14/15'), 'TAMP309238', 'A');
INSERT INTO individual(id, version, address_id, date_created, last_name, last_updated, name, second_last_name, class, driver_license_id, email, employee_position_id, employee_type, job_detail_id, personal_data_id, employee_number) VALUES('776e3adf-ecc0-4bbf-82af-733f1302f888', 0, 'db73ff64-6862-4879-835b-f4de52805d5c', current_timestamp, 'RODRIGUEZ', current_timestamp, 'CESAR MARIO', 'ALFARO', 'justcloud.tickets.domain.Employee', 'ec13bb32-55e5-450a-9ba7-61ac2ea7f7c0', '', 'operator-id', 'REGULAR_EMPLOYEE', '3b2b8cc8-5f48-400d-aef4-6b5ba27b7626', null, '1618');
INSERT INTO address(id, version, address, date_created, last_updated, municipality_id, postal_code, settlement_id, state_id) VALUES('038c4f0c-6f84-4c5a-ade5-7e937c9d07bd', 0, '20 No. 188', current_timestamp, current_timestamp, (select municipality_id from settlement where postal_code = '97199' limit 1), '97199', (select id from settlement where postal_code = '97199' limit 1), (select state_id from settlement where postal_code = '97199' limit 1));
INSERT INTO job_detail(id, version, base_salary, job_name, date_created, last_updated) VALUES('3c0b88e3-d4c4-448c-bd9a-1e7a2c2ce412', 0, 4000.0, 'Operador', current_timestamp, current_timestamp);
INSERT INTO driver_license(id, version, antiqueness, date_created, last_updated, expedition, expiration, license_number, license_type) VALUES('1cacd5ac-d955-440a-a13f-038543df14e3', 0, current_timestamp, current_timestamp, current_timestamp, current_timestamp, date('1/21/16'), 'VER0101849', 'A');
INSERT INTO individual(id, version, address_id, date_created, last_name, last_updated, name, second_last_name, class, driver_license_id, email, employee_position_id, employee_type, job_detail_id, personal_data_id, employee_number) VALUES('106b2ead-bef2-4325-9b01-46ca1f7784f8', 0, '038c4f0c-6f84-4c5a-ade5-7e937c9d07bd', current_timestamp, 'CHI', current_timestamp, 'PABLO JESUS', 'CAAMAL', 'justcloud.tickets.domain.Employee', '1cacd5ac-d955-440a-a13f-038543df14e3', '', 'operator-id', 'REGULAR_EMPLOYEE', '3c0b88e3-d4c4-448c-bd9a-1e7a2c2ce412', null, '1613');
INSERT INTO address(id, version, address, date_created, last_updated, municipality_id, postal_code, settlement_id, state_id) VALUES('7d9bc6db-0b2d-49e9-ba44-1882d626254a', 0, 'CUAUHTEMOC No. 16', current_timestamp, current_timestamp, (select municipality_id from settlement where postal_code = '92880' limit 1), '92880', (select id from settlement where postal_code = '92880' limit 1), (select state_id from settlement where postal_code = '92880' limit 1));
INSERT INTO job_detail(id, version, base_salary, job_name, date_created, last_updated) VALUES('f0b5c691-131b-4cc9-ac1a-afe6ac2f9e38', 0, 4000.0, 'Operador', current_timestamp, current_timestamp);
INSERT INTO driver_license(id, version, antiqueness, date_created, last_updated, expedition, expiration, license_number, license_type) VALUES('8d438b2d-867b-44d4-ae41-c414dfbf4e59', 0, current_timestamp, current_timestamp, current_timestamp, current_timestamp, date('2/4/16'), 'VER200940', 'A');
INSERT INTO individual(id, version, address_id, date_created, last_name, last_updated, name, second_last_name, class, driver_license_id, email, employee_position_id, employee_type, job_detail_id, personal_data_id, employee_number) VALUES('88394041-dc32-47d4-a33b-069133c15b1b', 0, '7d9bc6db-0b2d-49e9-ba44-1882d626254a', current_timestamp, 'CRUZ', current_timestamp, 'EMETERIO GUILLERMO', 'RESENDIZ', 'justcloud.tickets.domain.Employee', '8d438b2d-867b-44d4-ae41-c414dfbf4e59', '', 'operator-id', 'REGULAR_EMPLOYEE', 'f0b5c691-131b-4cc9-ac1a-afe6ac2f9e38', null, '1614');
INSERT INTO address(id, version, address, date_created, last_updated, municipality_id, postal_code, settlement_id, state_id) VALUES('da5db386-e637-4867-a882-2a8ffe1a8882', 0, 'TAMPICO No. 115-E', current_timestamp, current_timestamp, (select municipality_id from settlement where postal_code = '89350' limit 1), '89350', (select id from settlement where postal_code = '89350' limit 1), (select state_id from settlement where postal_code = '89350' limit 1));
INSERT INTO job_detail(id, version, base_salary, job_name, date_created, last_updated) VALUES('a8a45e35-23b5-438e-be24-0249b86d91b1', 0, 4000.0, 'Operador', current_timestamp, current_timestamp);
INSERT INTO driver_license(id, version, antiqueness, date_created, last_updated, expedition, expiration, license_number, license_type) VALUES('4bd81a31-93b6-4f4e-9084-881977f551c2', 0, current_timestamp, current_timestamp, current_timestamp, current_timestamp, date('3/3/16'), 'TAMP304542', 'A');
INSERT INTO individual(id, version, address_id, date_created, last_name, last_updated, name, second_last_name, class, driver_license_id, email, employee_position_id, employee_type, job_detail_id, personal_data_id, employee_number) VALUES('c1259183-a68f-41db-af4b-9e27a94b93e2', 0, 'da5db386-e637-4867-a882-2a8ffe1a8882', current_timestamp, 'TOBIAS', current_timestamp, 'RAFAEL', 'NIETO', 'justcloud.tickets.domain.Employee', '4bd81a31-93b6-4f4e-9084-881977f551c2', '', 'operator-id', 'REGULAR_EMPLOYEE', 'a8a45e35-23b5-438e-be24-0249b86d91b1', null, '1619');
INSERT INTO address(id, version, address, date_created, last_updated, municipality_id, postal_code, settlement_id, state_id) VALUES('7304999d-fc1f-457d-8617-b9d5a5c3330a', 0, 'TAMAULIPAS No. 111', current_timestamp, current_timestamp, (select municipality_id from settlement where postal_code = '89080' limit 1), '89080', (select id from settlement where postal_code = '89080' limit 1), (select state_id from settlement where postal_code = '89080' limit 1));
INSERT INTO job_detail(id, version, base_salary, job_name, date_created, last_updated) VALUES('a5d839d9-74bc-4d0e-bb58-6f0a5ce79374', 0, 4000.0, 'Operador', current_timestamp, current_timestamp);
INSERT INTO driver_license(id, version, antiqueness, date_created, last_updated, expedition, expiration, license_number, license_type) VALUES('f49e5ee8-eeb5-43d0-82b0-4d29eacc7ab3', 0, current_timestamp, current_timestamp, current_timestamp, current_timestamp, date('2/25/16'), 'TAMP304447', 'A');
INSERT INTO individual(id, version, address_id, date_created, last_name, last_updated, name, second_last_name, class, driver_license_id, email, employee_position_id, employee_type, job_detail_id, personal_data_id, employee_number) VALUES('d0740147-b7d9-4d80-ac23-92929376502a', 0, '7304999d-fc1f-457d-8617-b9d5a5c3330a', current_timestamp, 'GONZALEZ', current_timestamp, 'VICTOR HUGO', 'SALINAS', 'justcloud.tickets.domain.Employee', 'f49e5ee8-eeb5-43d0-82b0-4d29eacc7ab3', '', 'operator-id', 'REGULAR_EMPLOYEE', 'a5d839d9-74bc-4d0e-bb58-6f0a5ce79374', null, '1616');
INSERT INTO address(id, version, address, date_created, last_updated, municipality_id, postal_code, settlement_id, state_id) VALUES('d1f11692-09ec-4df9-9cad-0d33b303760e', 0, 'RIO FUERTE 93 MZ 4 LT 11 DEP 9', current_timestamp, current_timestamp, (select municipality_id from settlement where postal_code = '55404' limit 1), '55404', (select id from settlement where postal_code = '55404' limit 1), (select state_id from settlement where postal_code = '55404' limit 1));
INSERT INTO job_detail(id, version, base_salary, job_name, date_created, last_updated) VALUES('63c70fde-51ac-4e06-9087-7ae013f5ecf4', 0, 4000.0, 'Operador', current_timestamp, current_timestamp);
INSERT INTO driver_license(id, version, antiqueness, date_created, last_updated, expedition, expiration, license_number, license_type) VALUES('c1ceabe1-da7a-4d81-9968-d83ba450e4a8', 0, current_timestamp, current_timestamp, current_timestamp, current_timestamp, date('8/21/11'), 'DF00140257', 'A');
INSERT INTO individual(id, version, address_id, date_created, last_name, last_updated, name, second_last_name, class, driver_license_id, email, employee_position_id, employee_type, job_detail_id, personal_data_id, employee_number) VALUES('75e5f0fa-af0b-4ff6-9684-906a40da2b51', 0, 'd1f11692-09ec-4df9-9cad-0d33b303760e', current_timestamp, 'GOMEZ', current_timestamp, 'JOSE MANUEL', 'AVILA', 'justcloud.tickets.domain.Employee', 'c1ceabe1-da7a-4d81-9968-d83ba450e4a8', '', 'operator-id', 'REGULAR_EMPLOYEE', '63c70fde-51ac-4e06-9087-7ae013f5ecf4', null, '1615');
INSERT INTO address(id, version, address, date_created, last_updated, municipality_id, postal_code, settlement_id, state_id) VALUES('8eafb5bd-011d-4ba8-8bff-ed23c471eb4b', 0, 'MONTEPOPOCATEPETL MZA 480 LT 18', current_timestamp, current_timestamp, (select municipality_id from settlement where postal_code = '55070' limit 1), '55070', (select id from settlement where postal_code = '55070' limit 1), (select state_id from settlement where postal_code = '55070' limit 1));
INSERT INTO job_detail(id, version, base_salary, job_name, date_created, last_updated) VALUES('1989733b-f3fa-4928-9406-51316d754afe', 0, 4000.0, 'Operador', current_timestamp, current_timestamp);
INSERT INTO driver_license(id, version, antiqueness, date_created, last_updated, expedition, expiration, license_number, license_type) VALUES('25d72928-d2b2-41a1-b50b-da38fe4c6858', 0, current_timestamp, current_timestamp, current_timestamp, current_timestamp, date('3/24/12'), 'DF00215656', 'A');
INSERT INTO individual(id, version, address_id, date_created, last_name, last_updated, name, second_last_name, class, driver_license_id, email, employee_position_id, employee_type, job_detail_id, personal_data_id, employee_number) VALUES('135de942-576d-47f7-8462-cf1363cdd985', 0, '8eafb5bd-011d-4ba8-8bff-ed23c471eb4b', current_timestamp, 'PEREZ', current_timestamp, 'JOSE GUADALUPE', 'RAMOS', 'justcloud.tickets.domain.Employee', '25d72928-d2b2-41a1-b50b-da38fe4c6858', '', 'operator-id', 'REGULAR_EMPLOYEE', '1989733b-f3fa-4928-9406-51316d754afe', null, '1625');
INSERT INTO address(id, version, address, date_created, last_updated, municipality_id, postal_code, settlement_id, state_id) VALUES('e32f8c43-e4b4-494a-a9f4-69c11a370799', 0, 'ANDADOR BARRA DE SAN VICENTE No. 123', current_timestamp, current_timestamp, (select municipality_id from settlement where postal_code = '89000' limit 1), '89000', (select id from settlement where postal_code = '89000' limit 1), (select state_id from settlement where postal_code = '89000' limit 1));
INSERT INTO job_detail(id, version, base_salary, job_name, date_created, last_updated) VALUES('24e3e321-4171-47fd-b823-0650f45452d7', 0, 4000.0, 'Operador', current_timestamp, current_timestamp);
INSERT INTO driver_license(id, version, antiqueness, date_created, last_updated, expedition, expiration, license_number, license_type) VALUES('dd3a5917-cfe3-41fc-97ee-e0a6b94ec852', 0, current_timestamp, current_timestamp, current_timestamp, current_timestamp, date('10/19/15'), 'TAMP307666', 'A');
INSERT INTO individual(id, version, address_id, date_created, last_name, last_updated, name, second_last_name, class, driver_license_id, email, employee_position_id, employee_type, job_detail_id, personal_data_id, employee_number) VALUES('71eeb587-0334-4313-aa9e-b5783f46fdf2', 0, 'e32f8c43-e4b4-494a-a9f4-69c11a370799', current_timestamp, 'OROZCO', current_timestamp, 'ALEJANDRO', 'RIVAS', 'justcloud.tickets.domain.Employee', 'dd3a5917-cfe3-41fc-97ee-e0a6b94ec852', '', 'operator-id', 'REGULAR_EMPLOYEE', '24e3e321-4171-47fd-b823-0650f45452d7', null, '1627');
INSERT INTO address(id, version, address, date_created, last_updated, municipality_id, postal_code, settlement_id, state_id) VALUES('b063f409-c069-465f-a8d1-c4b9a907eec7', 0, 'PAMPLONA No. 266', current_timestamp, current_timestamp, (select municipality_id from settlement where postal_code = '89610' limit 1), '89610', (select id from settlement where postal_code = '89610' limit 1), (select state_id from settlement where postal_code = '89610' limit 1));
INSERT INTO job_detail(id, version, base_salary, job_name, date_created, last_updated) VALUES('7a7a8620-faab-4615-a346-e46cccf4e802', 0, 4000.0, 'Operador', current_timestamp, current_timestamp);
INSERT INTO driver_license(id, version, antiqueness, date_created, last_updated, expedition, expiration, license_number, license_type) VALUES('de2aa493-a2fc-4315-ac37-90ca33f53b7c', 0, current_timestamp, current_timestamp, current_timestamp, current_timestamp, date('2/25/16'), 'TAMP311836', 'A');
INSERT INTO individual(id, version, address_id, date_created, last_name, last_updated, name, second_last_name, class, driver_license_id, email, employee_position_id, employee_type, job_detail_id, personal_data_id, employee_number) VALUES('5641acca-5fa4-4371-ae4e-8264ee10c2fd', 0, 'b063f409-c069-465f-a8d1-c4b9a907eec7', current_timestamp, 'HERNANDEZ', current_timestamp, 'ELIAS', 'CORZO', 'justcloud.tickets.domain.Employee', 'de2aa493-a2fc-4315-ac37-90ca33f53b7c', '', 'operator-id', 'REGULAR_EMPLOYEE', '7a7a8620-faab-4615-a346-e46cccf4e802', null, '1630');
INSERT INTO address(id, version, address, date_created, last_updated, municipality_id, postal_code, settlement_id, state_id) VALUES('08d6f3c1-dd7a-4119-85b6-00ee4d13790d', 0, 'HIPOPOTAMO No. 849', current_timestamp, current_timestamp, (select municipality_id from settlement where postal_code = '89600' limit 1), '89600', (select id from settlement where postal_code = '89600' limit 1), (select state_id from settlement where postal_code = '89600' limit 1));
INSERT INTO job_detail(id, version, base_salary, job_name, date_created, last_updated) VALUES('5a1a2866-84c8-4c82-9971-ab0d0f22cbdf', 0, 4000.0, 'Operador', current_timestamp, current_timestamp);
INSERT INTO driver_license(id, version, antiqueness, date_created, last_updated, expedition, expiration, license_number, license_type) VALUES('dc030427-f21c-42ea-882d-2b038da22650', 0, current_timestamp, current_timestamp, current_timestamp, current_timestamp, date('9/14/11'), 'VER305713', 'A');
INSERT INTO individual(id, version, address_id, date_created, last_name, last_updated, name, second_last_name, class, driver_license_id, email, employee_position_id, employee_type, job_detail_id, personal_data_id, employee_number) VALUES('772767bd-071a-4f2f-8bce-ed2c639d9ad3', 0, '08d6f3c1-dd7a-4119-85b6-00ee4d13790d', current_timestamp, 'HERNANDEZ', current_timestamp, 'MIGUEL ANGEL', 'AGAPITO', 'justcloud.tickets.domain.Employee', 'dc030427-f21c-42ea-882d-2b038da22650', '', 'operator-id', 'REGULAR_EMPLOYEE', '5a1a2866-84c8-4c82-9971-ab0d0f22cbdf', null, '1629');
INSERT INTO address(id, version, address, date_created, last_updated, municipality_id, postal_code, settlement_id, state_id) VALUES('b774d18a-b5ba-43d2-94a1-38717ae0f903', 0, 'CORREGIDORA No. 716', current_timestamp, current_timestamp, (select municipality_id from settlement where postal_code = '89520' limit 1), '89520', (select id from settlement where postal_code = '89520' limit 1), (select state_id from settlement where postal_code = '89520' limit 1));
INSERT INTO job_detail(id, version, base_salary, job_name, date_created, last_updated) VALUES('57556cfb-9dcf-48ad-8b5d-c2298dd9fd29', 0, 4000.0, 'Operador', current_timestamp, current_timestamp);
INSERT INTO driver_license(id, version, antiqueness, date_created, last_updated, expedition, expiration, license_number, license_type) VALUES('8487efd3-f4ce-4aca-bcfb-f3d4c78f4a9c', 0, current_timestamp, current_timestamp, current_timestamp, current_timestamp, date('10/2/11'), 'TAMP312126', 'A');
INSERT INTO individual(id, version, address_id, date_created, last_name, last_updated, name, second_last_name, class, driver_license_id, email, employee_position_id, employee_type, job_detail_id, personal_data_id, employee_number) VALUES('f266e841-bf36-4595-8dc7-4224cde38bf7', 0, 'b774d18a-b5ba-43d2-94a1-38717ae0f903', current_timestamp, 'MORENO', current_timestamp, 'CASIMIRO', 'RAMOS', 'justcloud.tickets.domain.Employee', '8487efd3-f4ce-4aca-bcfb-f3d4c78f4a9c', '', 'operator-id', 'REGULAR_EMPLOYEE', '57556cfb-9dcf-48ad-8b5d-c2298dd9fd29', null, '1631');
INSERT INTO address(id, version, address, date_created, last_updated, municipality_id, postal_code, settlement_id, state_id) VALUES('806a9c84-e2cc-45db-a1b0-0131eda01469', 0, 'MINESSOTA No. 510', current_timestamp, current_timestamp, (select municipality_id from settlement where postal_code = '79025' limit 1), '79025', (select id from settlement where postal_code = '79025' limit 1), (select state_id from settlement where postal_code = '79025' limit 1));
INSERT INTO job_detail(id, version, base_salary, job_name, date_created, last_updated) VALUES('4c0bbeeb-2d48-47bb-a5bb-3fc0cc1179b9', 0, 4000.0, 'Operador', current_timestamp, current_timestamp);
INSERT INTO driver_license(id, version, antiqueness, date_created, last_updated, expedition, expiration, license_number, license_type) VALUES('ef0c95f2-0a07-4e4a-a608-be0955c41c1b', 0, current_timestamp, current_timestamp, current_timestamp, current_timestamp, date('8/23/15'), 'SLP0011460', 'A');
INSERT INTO individual(id, version, address_id, date_created, last_name, last_updated, name, second_last_name, class, driver_license_id, email, employee_position_id, employee_type, job_detail_id, personal_data_id, employee_number) VALUES('4f8361fd-92d8-4f11-b30f-e0da3373a7f6', 0, '806a9c84-e2cc-45db-a1b0-0131eda01469', current_timestamp, 'MARTINEZ', current_timestamp, 'MARCO ANTONIO', 'MATEO', 'justcloud.tickets.domain.Employee', 'ef0c95f2-0a07-4e4a-a608-be0955c41c1b', '', 'operator-id', 'REGULAR_EMPLOYEE', '4c0bbeeb-2d48-47bb-a5bb-3fc0cc1179b9', null, '1637');
INSERT INTO address(id, version, address, date_created, last_updated, municipality_id, postal_code, settlement_id, state_id) VALUES('717d6374-5391-4af5-9f8d-74c04135e1ec', 0, 'CALLE NARANJOS No. 128', current_timestamp, current_timestamp, (select municipality_id from settlement where postal_code = '89556' limit 1), '89556', (select id from settlement where postal_code = '89556' limit 1), (select state_id from settlement where postal_code = '89556' limit 1));
INSERT INTO job_detail(id, version, base_salary, job_name, date_created, last_updated) VALUES('ef016489-ca8f-4f5c-a1fc-cd9f566681fb', 0, 4000.0, 'Operador', current_timestamp, current_timestamp);
INSERT INTO driver_license(id, version, antiqueness, date_created, last_updated, expedition, expiration, license_number, license_type) VALUES('0c6fbbae-0bf4-43ef-b899-854cd55e4690', 0, current_timestamp, current_timestamp, current_timestamp, current_timestamp, date('11/9/15'), 'TAMP309891', 'A');
INSERT INTO individual(id, version, address_id, date_created, last_name, last_updated, name, second_last_name, class, driver_license_id, email, employee_position_id, employee_type, job_detail_id, personal_data_id, employee_number) VALUES('697e1327-06dd-4a8a-b5e2-4bfa8fe8a2c5', 0, '717d6374-5391-4af5-9f8d-74c04135e1ec', current_timestamp, 'BAZAN', current_timestamp, 'JUAN PABLO', 'COBOS', 'justcloud.tickets.domain.Employee', '0c6fbbae-0bf4-43ef-b899-854cd55e4690', '', 'operator-id', 'REGULAR_EMPLOYEE', 'ef016489-ca8f-4f5c-a1fc-cd9f566681fb', null, '1635');
INSERT INTO address(id, version, address, date_created, last_updated, municipality_id, postal_code, settlement_id, state_id) VALUES('76187964-095a-4ec0-bdb2-d72f8ab38078', 0, 'ANDADOR SAN CARLOS No. 122', current_timestamp, current_timestamp, (select municipality_id from settlement where postal_code = '89885' limit 1), '89885', (select id from settlement where postal_code = '89885' limit 1), (select state_id from settlement where postal_code = '89885' limit 1));
INSERT INTO job_detail(id, version, base_salary, job_name, date_created, last_updated) VALUES('54cf97cd-cc8d-4040-9d71-6e2ff3d43ed7', 0, 4000.0, 'Operador', current_timestamp, current_timestamp);
INSERT INTO driver_license(id, version, antiqueness, date_created, last_updated, expedition, expiration, license_number, license_type) VALUES('c6c3b208-e11a-4144-9c02-daeaf861a04e', 0, current_timestamp, current_timestamp, current_timestamp, current_timestamp, date('10/1/11'), 'TAMP309000', 'A');
INSERT INTO individual(id, version, address_id, date_created, last_name, last_updated, name, second_last_name, class, driver_license_id, email, employee_position_id, employee_type, job_detail_id, personal_data_id, employee_number) VALUES('d9704855-ceba-4e5c-8dbc-215918570f78', 0, '76187964-095a-4ec0-bdb2-d72f8ab38078', current_timestamp, 'GARCIA', current_timestamp, 'LUIS GERARDO', 'SANTANA', 'justcloud.tickets.domain.Employee', 'c6c3b208-e11a-4144-9c02-daeaf861a04e', '', 'operator-id', 'REGULAR_EMPLOYEE', '54cf97cd-cc8d-4040-9d71-6e2ff3d43ed7', null, '1636');
INSERT INTO address(id, version, address, date_created, last_updated, municipality_id, postal_code, settlement_id, state_id) VALUES('942efe49-daee-44e4-8b00-131164f5ebe5', 0, 'FOGON MZ10 LT1 ED H DEPTO 2', current_timestamp, current_timestamp, (select municipality_id from settlement where postal_code = '52149' limit 1), '52149', (select id from settlement where postal_code = '52149' limit 1), (select state_id from settlement where postal_code = '52149' limit 1));
INSERT INTO job_detail(id, version, base_salary, job_name, date_created, last_updated) VALUES('9b408c34-b21f-42ca-a3a8-78ce40d3171a', 0, 4000.0, 'Operador', current_timestamp, current_timestamp);
INSERT INTO driver_license(id, version, antiqueness, date_created, last_updated, expedition, expiration, license_number, license_type) VALUES('83b6c099-76d1-4c2e-9a9a-7aa6a0ea194e', 0, current_timestamp, current_timestamp, current_timestamp, current_timestamp, date('11/12/11'), 'EDOM07121', 'A');
INSERT INTO individual(id, version, address_id, date_created, last_name, last_updated, name, second_last_name, class, driver_license_id, email, employee_position_id, employee_type, job_detail_id, personal_data_id, employee_number) VALUES('708a4b2a-812f-485a-a187-c5e3cb77e507', 0, '942efe49-daee-44e4-8b00-131164f5ebe5', current_timestamp, 'DOCTOR', current_timestamp, 'ANTONIO', 'GALLEGOS', 'justcloud.tickets.domain.Employee', '83b6c099-76d1-4c2e-9a9a-7aa6a0ea194e', '', 'operator-id', 'REGULAR_EMPLOYEE', '9b408c34-b21f-42ca-a3a8-78ce40d3171a', null, '1640');
INSERT INTO address(id, version, address, date_created, last_updated, municipality_id, postal_code, settlement_id, state_id) VALUES('b74f1c05-e840-4a22-8afb-bca56bacc17c', 0, 'NIGROMANTES S/N', current_timestamp, current_timestamp, (select municipality_id from settlement where postal_code = '24200' limit 1), '24200', (select id from settlement where postal_code = '24200' limit 1), (select state_id from settlement where postal_code = '24200' limit 1));
INSERT INTO job_detail(id, version, base_salary, job_name, date_created, last_updated) VALUES('c5219fe8-f020-4b22-b36a-b3658ecac1b3', 0, 4000.0, 'Operador', current_timestamp, current_timestamp);
INSERT INTO individual(id, version, address_id, date_created, last_name, last_updated, name, second_last_name, class, driver_license_id, email, employee_position_id, employee_type, job_detail_id, personal_data_id, employee_number) VALUES('eb02455e-2522-4c84-8125-485d92b2c79a', 0, 'b74f1c05-e840-4a22-8afb-bca56bacc17c', current_timestamp, 'ANTONIO', current_timestamp, 'CARLOS', 'CAMPOS', 'justcloud.tickets.domain.Employee', null, '', 'operator-id', 'REGULAR_EMPLOYEE', 'c5219fe8-f020-4b22-b36a-b3658ecac1b3', null, '1401');
INSERT INTO address(id, version, address, date_created, last_updated, municipality_id, postal_code, settlement_id, state_id) VALUES('fa6af8c6-0647-4eb3-b8ab-ada922e87601', 0, 'CEDRALS/N', current_timestamp, current_timestamp, (select municipality_id from settlement where postal_code = '79120' limit 1), '79120', (select id from settlement where postal_code = '79120' limit 1), (select state_id from settlement where postal_code = '79120' limit 1));
INSERT INTO job_detail(id, version, base_salary, job_name, date_created, last_updated) VALUES('fdbdcd40-92a8-4d29-a30e-28eefa2f4dec', 0, 4000.0, 'Operador', current_timestamp, current_timestamp);
INSERT INTO driver_license(id, version, antiqueness, date_created, last_updated, expedition, expiration, license_number, license_type) VALUES('c243b06e-7ddc-49c4-9605-b65743f437f7', 0, current_timestamp, current_timestamp, current_timestamp, current_timestamp, date('9/6/11'), 'TAMP311023', 'A');
INSERT INTO individual(id, version, address_id, date_created, last_name, last_updated, name, second_last_name, class, driver_license_id, email, employee_position_id, employee_type, job_detail_id, personal_data_id, employee_number) VALUES('74a485fc-68c6-4468-abdb-03621f50cd66', 0, 'fa6af8c6-0647-4eb3-b8ab-ada922e87601', current_timestamp, 'RODRIGUEZ', current_timestamp, 'FRANCISCO JAVIER', 'CASTILLO', 'justcloud.tickets.domain.Employee', 'c243b06e-7ddc-49c4-9605-b65743f437f7', '', 'operator-id', 'REGULAR_EMPLOYEE', 'fdbdcd40-92a8-4d29-a30e-28eefa2f4dec', null, '1641');
INSERT INTO address(id, version, address, date_created, last_updated, municipality_id, postal_code, settlement_id, state_id) VALUES('6aff6824-7c7d-4a7f-946c-ec6ce51237ad', 0, 'JUAREZ No. 506 SUR', current_timestamp, current_timestamp, (select municipality_id from settlement where postal_code = '89450' limit 1), '89450', (select id from settlement where postal_code = '89450' limit 1), (select state_id from settlement where postal_code = '89450' limit 1));
INSERT INTO job_detail(id, version, base_salary, job_name, date_created, last_updated) VALUES('33a1c564-3095-47c1-a383-cfdfdc11cb6f', 0, 4000.0, 'Operador', current_timestamp, current_timestamp);
INSERT INTO driver_license(id, version, antiqueness, date_created, last_updated, expedition, expiration, license_number, license_type) VALUES('bc2f9c6c-3c5a-4598-8673-96d9d8c7bcb5', 0, current_timestamp, current_timestamp, current_timestamp, current_timestamp, date('11/17/15'), 'TAMP309847', 'A');
INSERT INTO individual(id, version, address_id, date_created, last_name, last_updated, name, second_last_name, class, driver_license_id, email, employee_position_id, employee_type, job_detail_id, personal_data_id, employee_number) VALUES('a8865a22-3a47-4b09-bb8c-5685be54bc71', 0, '6aff6824-7c7d-4a7f-946c-ec6ce51237ad', current_timestamp, 'MADRIGRAL', current_timestamp, 'ISRAEL', 'PORRAS', 'justcloud.tickets.domain.Employee', 'bc2f9c6c-3c5a-4598-8673-96d9d8c7bcb5', '', 'operator-id', 'REGULAR_EMPLOYEE', '33a1c564-3095-47c1-a383-cfdfdc11cb6f', null, '1644');
INSERT INTO address(id, version, address, date_created, last_updated, municipality_id, postal_code, settlement_id, state_id) VALUES('845ff144-92d5-4245-870a-59d07aa7cdca', 0, 'AV CENTRAL No. 93', current_timestamp, current_timestamp, (select municipality_id from settlement where postal_code = '56340' limit 1), '56340', (select id from settlement where postal_code = '56340' limit 1), (select state_id from settlement where postal_code = '56340' limit 1));
INSERT INTO job_detail(id, version, base_salary, job_name, date_created, last_updated) VALUES('d51d93b0-28a4-423e-b246-0907d2823937', 0, 4000.0, 'Operador', current_timestamp, current_timestamp);
INSERT INTO driver_license(id, version, antiqueness, date_created, last_updated, expedition, expiration, license_number, license_type) VALUES('cf0cc5af-e0b0-4f56-a5e2-a2d9d20bd9a0', 0, current_timestamp, current_timestamp, current_timestamp, current_timestamp, date('3/13/12'), 'DF00145624', 'A');
INSERT INTO individual(id, version, address_id, date_created, last_name, last_updated, name, second_last_name, class, driver_license_id, email, employee_position_id, employee_type, job_detail_id, personal_data_id, employee_number) VALUES('2f3b39d2-246d-4393-9faa-55ac72094042', 0, '845ff144-92d5-4245-870a-59d07aa7cdca', current_timestamp, 'LOPEZ', current_timestamp, 'PEDRO ALBERTO', 'GARCIA', 'justcloud.tickets.domain.Employee', 'cf0cc5af-e0b0-4f56-a5e2-a2d9d20bd9a0', '', 'operator-id', 'REGULAR_EMPLOYEE', 'd51d93b0-28a4-423e-b246-0907d2823937', null, '1643');
INSERT INTO address(id, version, address, date_created, last_updated, municipality_id, postal_code, settlement_id, state_id) VALUES('e4fff73f-a770-4a32-a425-b494418b1c4e', 0, 'AV.NACIONAL No. 62', current_timestamp, current_timestamp, (select municipality_id from settlement where postal_code = '56000' limit 1), '56000', (select id from settlement where postal_code = '56000' limit 1), (select state_id from settlement where postal_code = '56000' limit 1));
INSERT INTO job_detail(id, version, base_salary, job_name, date_created, last_updated) VALUES('3a1b8b52-26ab-4792-8dbd-427645941764', 0, 4000.0, 'Operador', current_timestamp, current_timestamp);
INSERT INTO driver_license(id, version, antiqueness, date_created, last_updated, expedition, expiration, license_number, license_type) VALUES('314a599c-b24e-47d0-aa74-cfe25955e981', 0, current_timestamp, current_timestamp, current_timestamp, current_timestamp, date('1/19/14'), 'DF106131', 'A');
INSERT INTO individual(id, version, address_id, date_created, last_name, last_updated, name, second_last_name, class, driver_license_id, email, employee_position_id, employee_type, job_detail_id, personal_data_id, employee_number) VALUES('6427a6d5-7da5-40d6-855a-ed4b22f6f2da', 0, 'e4fff73f-a770-4a32-a425-b494418b1c4e', current_timestamp, 'SALAS', current_timestamp, 'RICARDO DAVID', 'SEGUIN', 'justcloud.tickets.domain.Employee', '314a599c-b24e-47d0-aa74-cfe25955e981', '', 'operator-id', 'REGULAR_EMPLOYEE', '3a1b8b52-26ab-4792-8dbd-427645941764', null, '1650');
INSERT INTO address(id, version, address, date_created, last_updated, municipality_id, postal_code, settlement_id, state_id) VALUES('e573ad25-bb03-42a4-acac-c8fb8f4f0f32', 0, 'CERRADA DE CAPULIN No. 6', current_timestamp, current_timestamp, (select municipality_id from settlement where postal_code = '56530' limit 1), '56530', (select id from settlement where postal_code = '56530' limit 1), (select state_id from settlement where postal_code = '56530' limit 1));
INSERT INTO job_detail(id, version, base_salary, job_name, date_created, last_updated) VALUES('80835bb1-66bb-463d-a942-157ed421a90d', 0, 4000.0, 'Operador', current_timestamp, current_timestamp);
INSERT INTO driver_license(id, version, antiqueness, date_created, last_updated, expedition, expiration, license_number, license_type) VALUES('7beef019-6a88-466f-876b-5d881c684652', 0, current_timestamp, current_timestamp, current_timestamp, current_timestamp, date('7/12/15'), 'DF101194', 'A');
INSERT INTO individual(id, version, address_id, date_created, last_name, last_updated, name, second_last_name, class, driver_license_id, email, employee_position_id, employee_type, job_detail_id, personal_data_id, employee_number) VALUES('1f72fc32-e771-4d50-a309-bb8097dfb817', 0, 'e573ad25-bb03-42a4-acac-c8fb8f4f0f32', current_timestamp, 'HERNANDEZ', current_timestamp, 'MARCO ANTONIO', 'ANZALDO', 'justcloud.tickets.domain.Employee', '7beef019-6a88-466f-876b-5d881c684652', '', 'operator-id', 'REGULAR_EMPLOYEE', '80835bb1-66bb-463d-a942-157ed421a90d', null, '1648');
INSERT INTO address(id, version, address, date_created, last_updated, municipality_id, postal_code, settlement_id, state_id) VALUES('b324a0bd-4bf5-4cd4-b19a-be910d80a1cd', 0, 'INDEPENDENCIA No. 513', current_timestamp, current_timestamp, (select municipality_id from settlement where postal_code = '89080' limit 1), '89080', (select id from settlement where postal_code = '89080' limit 1), (select state_id from settlement where postal_code = '89080' limit 1));
INSERT INTO job_detail(id, version, base_salary, job_name, date_created, last_updated) VALUES('1455f14f-d92a-4cac-b3a5-7feeb8b30bf2', 0, 4000.0, 'Operador', current_timestamp, current_timestamp);
INSERT INTO driver_license(id, version, antiqueness, date_created, last_updated, expedition, expiration, license_number, license_type) VALUES('b7583810-f236-4382-b2e9-081f86ad9f4e', 0, current_timestamp, current_timestamp, current_timestamp, current_timestamp, date('4/8/12'), 'TAMP304736', 'A');
INSERT INTO individual(id, version, address_id, date_created, last_name, last_updated, name, second_last_name, class, driver_license_id, email, employee_position_id, employee_type, job_detail_id, personal_data_id, employee_number) VALUES('8ad00521-4799-4dd6-9612-cfb71e872754', 0, 'b324a0bd-4bf5-4cd4-b19a-be910d80a1cd', current_timestamp, 'GARIBALDI', current_timestamp, 'ALEJANDRO', 'ALMARAZ', 'justcloud.tickets.domain.Employee', 'b7583810-f236-4382-b2e9-081f86ad9f4e', '', 'operator-id', 'REGULAR_EMPLOYEE', '1455f14f-d92a-4cac-b3a5-7feeb8b30bf2', null, '1654');
INSERT INTO address(id, version, address, date_created, last_updated, municipality_id, postal_code, settlement_id, state_id) VALUES('cc3b2220-d05f-49f5-ad3b-95decb37c341', 0, 'SOR JUANA INES INT4', current_timestamp, current_timestamp, (select municipality_id from settlement where postal_code = '89000' limit 1), '89000', (select id from settlement where postal_code = '89000' limit 1), (select state_id from settlement where postal_code = '89000' limit 1));
INSERT INTO job_detail(id, version, base_salary, job_name, date_created, last_updated) VALUES('4822069e-b96e-4d63-a832-f30a0073b24e', 0, 4000.0, 'Operador', current_timestamp, current_timestamp);
INSERT INTO driver_license(id, version, antiqueness, date_created, last_updated, expedition, expiration, license_number, license_type) VALUES('487d9133-46f1-418d-a216-39bc803fb1a3', 0, current_timestamp, current_timestamp, current_timestamp, current_timestamp, date('6/11/14'), 'VER0207405', 'A');
INSERT INTO individual(id, version, address_id, date_created, last_name, last_updated, name, second_last_name, class, driver_license_id, email, employee_position_id, employee_type, job_detail_id, personal_data_id, employee_number) VALUES('ec974fec-279f-4318-82da-2ae6c5ee20ca', 0, 'cc3b2220-d05f-49f5-ad3b-95decb37c341', current_timestamp, 'QUINTERO', current_timestamp, 'RAUL EDGARDO', 'BARAJAS', 'justcloud.tickets.domain.Employee', '487d9133-46f1-418d-a216-39bc803fb1a3', '', 'operator-id', 'REGULAR_EMPLOYEE', '4822069e-b96e-4d63-a832-f30a0073b24e', null, '1657');
INSERT INTO address(id, version, address, date_created, last_updated, municipality_id, postal_code, settlement_id, state_id) VALUES('e6b99b16-c2d4-4950-a8f9-7eb47ea7665f', 0, 'AV. DEL MAESTRO No. 502 SUR DPTO 8', current_timestamp, current_timestamp, (select municipality_id from settlement where postal_code = '89460' limit 1), '89460', (select id from settlement where postal_code = '89460' limit 1), (select state_id from settlement where postal_code = '89460' limit 1));
INSERT INTO job_detail(id, version, base_salary, job_name, date_created, last_updated) VALUES('46d94b4f-dfa1-474a-a65b-cabde91f274d', 0, 4000.0, 'Operador', current_timestamp, current_timestamp);
INSERT INTO driver_license(id, version, antiqueness, date_created, last_updated, expedition, expiration, license_number, license_type) VALUES('68c2e886-2047-4aa0-9d2f-dfd89da79ecf', 0, current_timestamp, current_timestamp, current_timestamp, current_timestamp, date('2/28/16'), 'TAMP310646', 'A');
INSERT INTO individual(id, version, address_id, date_created, last_name, last_updated, name, second_last_name, class, driver_license_id, email, employee_position_id, employee_type, job_detail_id, personal_data_id, employee_number) VALUES('96bfa65e-ff95-4282-8baa-d3268489f8bd', 0, 'e6b99b16-c2d4-4950-a8f9-7eb47ea7665f', current_timestamp, 'SALAZAR', current_timestamp, 'ANTONIO', 'CUEVAS', 'justcloud.tickets.domain.Employee', '68c2e886-2047-4aa0-9d2f-dfd89da79ecf', '', 'operator-id', 'REGULAR_EMPLOYEE', '46d94b4f-dfa1-474a-a65b-cabde91f274d', null, '1658');
INSERT INTO address(id, version, address, date_created, last_updated, municipality_id, postal_code, settlement_id, state_id) VALUES('95f1f396-5460-4a78-89a6-afa28cca2f4a', 0, 'ESCOBEDO No. 1502 SUR', current_timestamp, current_timestamp, (select municipality_id from settlement where postal_code = '89880' limit 1), '89880', (select id from settlement where postal_code = '89880' limit 1), (select state_id from settlement where postal_code = '89880' limit 1));
INSERT INTO job_detail(id, version, base_salary, job_name, date_created, last_updated) VALUES('eef51462-78d6-4f4a-8097-ff4105d9c78a', 0, 4000.0, 'Operador', current_timestamp, current_timestamp);
INSERT INTO driver_license(id, version, antiqueness, date_created, last_updated, expedition, expiration, license_number, license_type) VALUES('525ef147-2dac-4a49-9eef-34aceaea9fa6', 0, current_timestamp, current_timestamp, current_timestamp, current_timestamp, date('1/24/12'), 'TAMP311212', 'A');
INSERT INTO individual(id, version, address_id, date_created, last_name, last_updated, name, second_last_name, class, driver_license_id, email, employee_position_id, employee_type, job_detail_id, personal_data_id, employee_number) VALUES('5c309812-35e8-44d5-b693-1acb5b913ee5', 0, '95f1f396-5460-4a78-89a6-afa28cca2f4a', current_timestamp, 'BANDA', current_timestamp, 'CECILIO', 'MOLINA', 'justcloud.tickets.domain.Employee', '525ef147-2dac-4a49-9eef-34aceaea9fa6', '', 'operator-id', 'REGULAR_EMPLOYEE', 'eef51462-78d6-4f4a-8097-ff4105d9c78a', null, '1660');
INSERT INTO address(id, version, address, date_created, last_updated, municipality_id, postal_code, settlement_id, state_id) VALUES('054f307d-920b-4ad1-8dbf-9353a9e75bd8', 0, 'LAZARO CARDENAS No. 210', current_timestamp, current_timestamp, (select municipality_id from settlement where postal_code = '89939' limit 1), '89939', (select id from settlement where postal_code = '89939' limit 1), (select state_id from settlement where postal_code = '89939' limit 1));
INSERT INTO job_detail(id, version, base_salary, job_name, date_created, last_updated) VALUES('30096030-485a-46af-bc48-c16c1e64c325', 0, 4000.0, 'Operador', current_timestamp, current_timestamp);
INSERT INTO driver_license(id, version, antiqueness, date_created, last_updated, expedition, expiration, license_number, license_type) VALUES('2dc08d3b-89a5-4f11-a1d3-aa998bcf155f', 0, current_timestamp, current_timestamp, current_timestamp, current_timestamp, date('2/6/12'), 'TAMP304567', 'A');
INSERT INTO individual(id, version, address_id, date_created, last_name, last_updated, name, second_last_name, class, driver_license_id, email, employee_position_id, employee_type, job_detail_id, personal_data_id, employee_number) VALUES('df9358af-48ad-4e2d-aace-c5ea6ff0cda9', 0, '054f307d-920b-4ad1-8dbf-9353a9e75bd8', current_timestamp, 'CASTILLO', current_timestamp, 'ANDRES', 'NERI', 'justcloud.tickets.domain.Employee', '2dc08d3b-89a5-4f11-a1d3-aa998bcf155f', '', 'operator-id', 'REGULAR_EMPLOYEE', '30096030-485a-46af-bc48-c16c1e64c325', null, '1665');
INSERT INTO address(id, version, address, date_created, last_updated, municipality_id, postal_code, settlement_id, state_id) VALUES('51634aaa-a2a9-4dc6-b846-08d8635d74c2', 0, 'AMAPOLA MZA 2 LT 20', current_timestamp, current_timestamp, (select municipality_id from settlement where postal_code = '56330' limit 1), '56330', (select id from settlement where postal_code = '56330' limit 1), (select state_id from settlement where postal_code = '56330' limit 1));
INSERT INTO job_detail(id, version, base_salary, job_name, date_created, last_updated) VALUES('9ef74c79-a963-41b9-923b-fcb4d294e462', 0, 4000.0, 'Operador', current_timestamp, current_timestamp);
INSERT INTO driver_license(id, version, antiqueness, date_created, last_updated, expedition, expiration, license_number, license_type) VALUES('f76cd27c-fc75-4c5b-8642-4d72cd7e8738', 0, current_timestamp, current_timestamp, current_timestamp, current_timestamp, date('5/19/15'), 'VER127472', 'A');
INSERT INTO individual(id, version, address_id, date_created, last_name, last_updated, name, second_last_name, class, driver_license_id, email, employee_position_id, employee_type, job_detail_id, personal_data_id, employee_number) VALUES('989e01df-4e7e-4266-9c8a-102ba0bb79bf', 0, '51634aaa-a2a9-4dc6-b846-08d8635d74c2', current_timestamp, 'SANCHEZ', current_timestamp, 'MIGUEL ANGEL', 'SANTIAGO', 'justcloud.tickets.domain.Employee', 'f76cd27c-fc75-4c5b-8642-4d72cd7e8738', '', 'operator-id', 'REGULAR_EMPLOYEE', '9ef74c79-a963-41b9-923b-fcb4d294e462', null, '1664');
INSERT INTO address(id, version, address, date_created, last_updated, municipality_id, postal_code, settlement_id, state_id) VALUES('ce2fe319-692a-4fef-b94b-fc0c287a2ab3', 0, 'MIGUEL NEGRETE No. 335', current_timestamp, current_timestamp, (select municipality_id from settlement where postal_code = '87200' limit 1), '87200', (select id from settlement where postal_code = '87200' limit 1), (select state_id from settlement where postal_code = '87200' limit 1));
INSERT INTO job_detail(id, version, base_salary, job_name, date_created, last_updated) VALUES('b55f1d0f-5e73-4097-935d-1b77f2a7f0a5', 0, 4000.0, 'Operador', current_timestamp, current_timestamp);
INSERT INTO driver_license(id, version, antiqueness, date_created, last_updated, expedition, expiration, license_number, license_type) VALUES('d3d2e3ac-8399-4ebc-b9ea-f77188afca3e', 0, current_timestamp, current_timestamp, current_timestamp, current_timestamp, date('5/2/12'), 'TAMP105507', 'A');
INSERT INTO individual(id, version, address_id, date_created, last_name, last_updated, name, second_last_name, class, driver_license_id, email, employee_position_id, employee_type, job_detail_id, personal_data_id, employee_number) VALUES('dcef1f41-aad1-4470-88e0-8268bddd950d', 0, 'ce2fe319-692a-4fef-b94b-fc0c287a2ab3', current_timestamp, 'IZAGUIRRE', current_timestamp, 'JAVIER', 'ORTIZ', 'justcloud.tickets.domain.Employee', 'd3d2e3ac-8399-4ebc-b9ea-f77188afca3e', '', 'operator-id', 'REGULAR_EMPLOYEE', 'b55f1d0f-5e73-4097-935d-1b77f2a7f0a5', null, '1661');
INSERT INTO address(id, version, address, date_created, last_updated, municipality_id, postal_code, settlement_id, state_id) VALUES('62a64f25-115a-4bb5-bcef-79a736d79510', 0, 'BUENOS AIRES No. 306', current_timestamp, current_timestamp, (select municipality_id from settlement where postal_code = '89328' limit 1), '89328', (select id from settlement where postal_code = '89328' limit 1), (select state_id from settlement where postal_code = '89328' limit 1));
INSERT INTO job_detail(id, version, base_salary, job_name, date_created, last_updated) VALUES('174c6678-a586-4745-9adc-4ba70dbf4f15', 0, 4000.0, 'Operador', current_timestamp, current_timestamp);
INSERT INTO driver_license(id, version, antiqueness, date_created, last_updated, expedition, expiration, license_number, license_type) VALUES('f2dd5263-e4da-4160-ac96-ff6bc0b9361b', 0, current_timestamp, current_timestamp, current_timestamp, current_timestamp, date('3/18/12'), 'TAMP309191', 'A');
INSERT INTO individual(id, version, address_id, date_created, last_name, last_updated, name, second_last_name, class, driver_license_id, email, employee_position_id, employee_type, job_detail_id, personal_data_id, employee_number) VALUES('2bb825f2-d94c-4916-94b7-631393602105', 0, '62a64f25-115a-4bb5-bcef-79a736d79510', current_timestamp, 'RAMIREZ', current_timestamp, 'JOSE LUIS', 'NAVA', 'justcloud.tickets.domain.Employee', 'f2dd5263-e4da-4160-ac96-ff6bc0b9361b', '', 'operator-id', 'REGULAR_EMPLOYEE', '174c6678-a586-4745-9adc-4ba70dbf4f15', null, '1663');
INSERT INTO address(id, version, address, date_created, last_updated, municipality_id, postal_code, settlement_id, state_id) VALUES('87a265ad-8b85-468e-87c6-317369d29620', 0, 'AREAS VERDES S/N', current_timestamp, current_timestamp, (select municipality_id from settlement where postal_code = '86039' limit 1), '86039', (select id from settlement where postal_code = '86039' limit 1), (select state_id from settlement where postal_code = '86039' limit 1));
INSERT INTO job_detail(id, version, base_salary, job_name, date_created, last_updated) VALUES('b5647582-64d7-49aa-8465-d5495281c024', 0, 4000.0, 'Operador', current_timestamp, current_timestamp);
INSERT INTO driver_license(id, version, antiqueness, date_created, last_updated, expedition, expiration, license_number, license_type) VALUES('68f5850b-3dab-49bc-8ad7-71d1f1936aaa', 0, current_timestamp, current_timestamp, current_timestamp, current_timestamp, date('7/21/15'), 'TAB0005173', 'A');
INSERT INTO individual(id, version, address_id, date_created, last_name, last_updated, name, second_last_name, class, driver_license_id, email, employee_position_id, employee_type, job_detail_id, personal_data_id, employee_number) VALUES('5553fe71-a9e6-4f7a-a5b8-b1769f7241fb', 0, '87a265ad-8b85-468e-87c6-317369d29620', current_timestamp, 'MENDOZA', current_timestamp, 'JOSE JUAN', 'CONTRERAS', 'justcloud.tickets.domain.Employee', '68f5850b-3dab-49bc-8ad7-71d1f1936aaa', '', 'operator-id', 'REGULAR_EMPLOYEE', 'b5647582-64d7-49aa-8465-d5495281c024', null, '1662');
INSERT INTO address(id, version, address, date_created, last_updated, municipality_id, postal_code, settlement_id, state_id) VALUES('67e50317-4cc2-4a11-a52d-6572dee86af4', 0, 'BENITO JUAREZ No. 915', current_timestamp, current_timestamp, (select municipality_id from settlement where postal_code = '89600' limit 1), '89600', (select id from settlement where postal_code = '89600' limit 1), (select state_id from settlement where postal_code = '89600' limit 1));
INSERT INTO job_detail(id, version, base_salary, job_name, date_created, last_updated) VALUES('2ea31883-41f2-45c1-b611-5f7dbefdf2d7', 0, 4000.0, 'Operador', current_timestamp, current_timestamp);
INSERT INTO driver_license(id, version, antiqueness, date_created, last_updated, expedition, expiration, license_number, license_type) VALUES('49748cf2-3fbe-4f78-bdf0-d9496adeb229', 0, current_timestamp, current_timestamp, current_timestamp, current_timestamp, date('2/24/12'), 'TAMP312288', 'A');
INSERT INTO individual(id, version, address_id, date_created, last_name, last_updated, name, second_last_name, class, driver_license_id, email, employee_position_id, employee_type, job_detail_id, personal_data_id, employee_number) VALUES('db8e2d84-13b1-4086-9a18-27dbedbbbd62', 0, '67e50317-4cc2-4a11-a52d-6572dee86af4', current_timestamp, 'DIAZ', current_timestamp, 'JUAN GENARO', 'BLANCO', 'justcloud.tickets.domain.Employee', '49748cf2-3fbe-4f78-bdf0-d9496adeb229', '', 'operator-id', 'REGULAR_EMPLOYEE', '2ea31883-41f2-45c1-b611-5f7dbefdf2d7', null, '1707');
INSERT INTO address(id, version, address, date_created, last_updated, municipality_id, postal_code, settlement_id, state_id) VALUES('bc31e82a-fcb4-457d-99c1-e28be17ce851', 0, 'VIALIDAD P.D 160', current_timestamp, current_timestamp, (select municipality_id from settlement where postal_code = '89610' limit 1), '89610', (select id from settlement where postal_code = '89610' limit 1), (select state_id from settlement where postal_code = '89610' limit 1));
INSERT INTO job_detail(id, version, base_salary, job_name, date_created, last_updated) VALUES('a5112c78-d51b-4c80-be39-27cb98c4d4dc', 0, 4000.0, 'Operador', current_timestamp, current_timestamp);
INSERT INTO driver_license(id, version, antiqueness, date_created, last_updated, expedition, expiration, license_number, license_type) VALUES('c02b89d2-0f74-4a6c-a90a-b59d771c1e4d', 0, current_timestamp, current_timestamp, current_timestamp, current_timestamp, date('10/20/15'), 'TAMP308367', 'A');
INSERT INTO individual(id, version, address_id, date_created, last_name, last_updated, name, second_last_name, class, driver_license_id, email, employee_position_id, employee_type, job_detail_id, personal_data_id, employee_number) VALUES('b7160171-c7b3-4b20-9381-4f48c21aa843', 0, 'bc31e82a-fcb4-457d-99c1-e28be17ce851', current_timestamp, 'CHIRINOS', current_timestamp, 'JOSE GILBERTO', 'JEREZ', 'justcloud.tickets.domain.Employee', 'c02b89d2-0f74-4a6c-a90a-b59d771c1e4d', '', 'operator-id', 'REGULAR_EMPLOYEE', 'a5112c78-d51b-4c80-be39-27cb98c4d4dc', null, '1705');
INSERT INTO address(id, version, address, date_created, last_updated, municipality_id, postal_code, settlement_id, state_id) VALUES('352157fd-a0f2-42fb-bca1-4cc65629e58f', 0, 'ENRIQUE CANO No. 124', current_timestamp, current_timestamp, (select municipality_id from settlement where postal_code = '89815' limit 1), '89815', (select id from settlement where postal_code = '89815' limit 1), (select state_id from settlement where postal_code = '89815' limit 1));
INSERT INTO job_detail(id, version, base_salary, job_name, date_created, last_updated) VALUES('489a9363-1e46-43e7-a834-b2ea3d209ce8', 0, 4000.0, 'Operador', current_timestamp, current_timestamp);
INSERT INTO driver_license(id, version, antiqueness, date_created, last_updated, expedition, expiration, license_number, license_type) VALUES('50322d01-b6b2-433e-935e-5f18bfe36b8a', 0, current_timestamp, current_timestamp, current_timestamp, current_timestamp, date('10/14/14'), 'TAMP310246', 'A');
INSERT INTO individual(id, version, address_id, date_created, last_name, last_updated, name, second_last_name, class, driver_license_id, email, employee_position_id, employee_type, job_detail_id, personal_data_id, employee_number) VALUES('1632f5ba-3a76-4e7d-9655-fc652af045c9', 0, '352157fd-a0f2-42fb-bca1-4cc65629e58f', current_timestamp, 'OCEJO', current_timestamp, 'FELIPE', 'CAMACHO', 'justcloud.tickets.domain.Employee', '50322d01-b6b2-433e-935e-5f18bfe36b8a', '', 'operator-id', 'REGULAR_EMPLOYEE', '489a9363-1e46-43e7-a834-b2ea3d209ce8', null, '1706');
INSERT INTO address(id, version, address, date_created, last_updated, municipality_id, postal_code, settlement_id, state_id) VALUES('7ed9cdf8-6e12-4926-ad8e-d2161fb0795d', 0, 'FOGON MZ 10LT 1 EDIF H DTO 2', current_timestamp, current_timestamp, (select municipality_id from settlement where postal_code = '52149' limit 1), '52149', (select id from settlement where postal_code = '52149' limit 1), (select state_id from settlement where postal_code = '52149' limit 1));
INSERT INTO job_detail(id, version, base_salary, job_name, date_created, last_updated) VALUES('0338666e-aba2-4c0c-8e14-c24de7362fab', 0, 4000.0, 'Operador', current_timestamp, current_timestamp);
INSERT INTO driver_license(id, version, antiqueness, date_created, last_updated, expedition, expiration, license_number, license_type) VALUES('776a16db-9a76-42d8-ad58-11d4f78fad65', 0, current_timestamp, current_timestamp, current_timestamp, current_timestamp, date('8/5/15'), 'HGO0009836', 'A');
INSERT INTO individual(id, version, address_id, date_created, last_name, last_updated, name, second_last_name, class, driver_license_id, email, employee_position_id, employee_type, job_detail_id, personal_data_id, employee_number) VALUES('715ff150-8a6f-410a-af85-ec59f435639b', 0, '7ed9cdf8-6e12-4926-ad8e-d2161fb0795d', current_timestamp, 'DOCTOR', current_timestamp, 'MARCO ANTONIO', 'LOZA', 'justcloud.tickets.domain.Employee', '776a16db-9a76-42d8-ad58-11d4f78fad65', '', 'operator-id', 'REGULAR_EMPLOYEE', '0338666e-aba2-4c0c-8e14-c24de7362fab', null, '1715');
INSERT INTO address(id, version, address, date_created, last_updated, municipality_id, postal_code, settlement_id, state_id) VALUES('fad4efde-9202-4059-9b94-43812639869c', 0, 'VICENTE GRRO No. 1408', current_timestamp, current_timestamp, (select municipality_id from settlement where postal_code = '89600' limit 1), '89600', (select id from settlement where postal_code = '89600' limit 1), (select state_id from settlement where postal_code = '89600' limit 1));
INSERT INTO job_detail(id, version, base_salary, job_name, date_created, last_updated) VALUES('024e461b-9d9c-460c-b6ec-21d6e0df74fa', 0, 4000.0, 'Operador', current_timestamp, current_timestamp);
INSERT INTO driver_license(id, version, antiqueness, date_created, last_updated, expedition, expiration, license_number, license_type) VALUES('d5d6b652-37e7-4454-a5af-c036d7a9d125', 0, current_timestamp, current_timestamp, current_timestamp, current_timestamp, date('10/8/15'), 'TAB0003394', 'A');
INSERT INTO individual(id, version, address_id, date_created, last_name, last_updated, name, second_last_name, class, driver_license_id, email, employee_position_id, employee_type, job_detail_id, personal_data_id, employee_number) VALUES('8629e758-38e1-4511-96d3-f21f2bb86194', 0, 'fad4efde-9202-4059-9b94-43812639869c', current_timestamp, 'LOBATO', current_timestamp, 'MARCOS', 'LOPEZ', 'justcloud.tickets.domain.Employee', 'd5d6b652-37e7-4454-a5af-c036d7a9d125', '', 'operator-id', 'REGULAR_EMPLOYEE', '024e461b-9d9c-460c-b6ec-21d6e0df74fa', null, '1720');
INSERT INTO address(id, version, address, date_created, last_updated, municipality_id, postal_code, settlement_id, state_id) VALUES('efd03107-3d3e-416d-bd64-ab2b2beca6eb', 0, 'ANZUELO No. 209 INT B', current_timestamp, current_timestamp, (select municipality_id from settlement where postal_code = '89600' limit 1), '89600', (select id from settlement where postal_code = '89600' limit 1), (select state_id from settlement where postal_code = '89600' limit 1));
INSERT INTO job_detail(id, version, base_salary, job_name, date_created, last_updated) VALUES('573df8b5-4655-4970-825b-3b13bddecae0', 0, 4000.0, 'Operador', current_timestamp, current_timestamp);
INSERT INTO driver_license(id, version, antiqueness, date_created, last_updated, expedition, expiration, license_number, license_type) VALUES('dd7682ea-d355-4c53-8567-83c597287b01', 0, current_timestamp, current_timestamp, current_timestamp, current_timestamp, date('7/14/15'), 'TAMP311475', 'A');
INSERT INTO individual(id, version, address_id, date_created, last_name, last_updated, name, second_last_name, class, driver_license_id, email, employee_position_id, employee_type, job_detail_id, personal_data_id, employee_number) VALUES('0eb6d60d-6ee2-40c3-8c61-816cf1eca5fb', 0, 'efd03107-3d3e-416d-bd64-ab2b2beca6eb', current_timestamp, 'ORTEGA', current_timestamp, 'BERNARDINO', 'MORALES', 'justcloud.tickets.domain.Employee', 'dd7682ea-d355-4c53-8567-83c597287b01', '', 'operator-id', 'REGULAR_EMPLOYEE', '573df8b5-4655-4970-825b-3b13bddecae0', null, '1721');
INSERT INTO address(id, version, address, date_created, last_updated, municipality_id, postal_code, settlement_id, state_id) VALUES('ef521b0d-3781-401a-8c92-63c21ee3fc8d', 0, 'ARQ. ANTONIO MEDINA N|305', current_timestamp, current_timestamp, (select municipality_id from settlement where postal_code = '79050' limit 1), '79050', (select id from settlement where postal_code = '79050' limit 1), (select state_id from settlement where postal_code = '79050' limit 1));
INSERT INTO job_detail(id, version, base_salary, job_name, date_created, last_updated) VALUES('c85f93eb-3191-41c4-8d20-9b622dd9e3ef', 0, 4000.0, 'Operador', current_timestamp, current_timestamp);
INSERT INTO driver_license(id, version, antiqueness, date_created, last_updated, expedition, expiration, license_number, license_type) VALUES('c73f5206-3852-4c80-b001-b4f85d96950b', 0, current_timestamp, current_timestamp, current_timestamp, current_timestamp, date('12/3/11'), 'TAMP307697', 'A');
INSERT INTO individual(id, version, address_id, date_created, last_name, last_updated, name, second_last_name, class, driver_license_id, email, employee_position_id, employee_type, job_detail_id, personal_data_id, employee_number) VALUES('1fc3fd23-ce60-4db6-8b42-3c325c0e2144', 0, 'ef521b0d-3781-401a-8c92-63c21ee3fc8d', current_timestamp, 'GUERRERO', current_timestamp, 'FERNANDO', 'DE LA TORRE', 'justcloud.tickets.domain.Employee', 'c73f5206-3852-4c80-b001-b4f85d96950b', '', 'operator-id', 'REGULAR_EMPLOYEE', 'c85f93eb-3191-41c4-8d20-9b622dd9e3ef', null, '1722');
INSERT INTO address(id, version, address, date_created, last_updated, municipality_id, postal_code, settlement_id, state_id) VALUES('13ed7e38-34bf-43da-948a-c9af180c0255', 0, 'OCAMPO No. 1502 SUR', current_timestamp, current_timestamp, (select municipality_id from settlement where postal_code = '89880' limit 1), '89880', (select id from settlement where postal_code = '89880' limit 1), (select state_id from settlement where postal_code = '89880' limit 1));
INSERT INTO job_detail(id, version, base_salary, job_name, date_created, last_updated) VALUES('9b4dcfd0-869f-4897-b602-33c968414de4', 0, 4000.0, 'Operador', current_timestamp, current_timestamp);
INSERT INTO driver_license(id, version, antiqueness, date_created, last_updated, expedition, expiration, license_number, license_type) VALUES('3d02f1b0-9d34-4c95-9325-df280e4d75f9', 0, current_timestamp, current_timestamp, current_timestamp, current_timestamp, date('10/17/16'), 'TAMP309389', 'A');
INSERT INTO individual(id, version, address_id, date_created, last_name, last_updated, name, second_last_name, class, driver_license_id, email, employee_position_id, employee_type, job_detail_id, personal_data_id, employee_number) VALUES('cded629e-54a8-4a61-bc5e-3445c7fbcd40', 0, '13ed7e38-34bf-43da-948a-c9af180c0255', current_timestamp, 'CASTILLO', current_timestamp, 'JOSE RAFAEL', 'MUÑIZ', 'justcloud.tickets.domain.Employee', '3d02f1b0-9d34-4c95-9325-df280e4d75f9', '', 'operator-id', 'REGULAR_EMPLOYEE', '9b4dcfd0-869f-4897-b602-33c968414de4', null, '1719');
INSERT INTO address(id, version, address, date_created, last_updated, municipality_id, postal_code, settlement_id, state_id) VALUES('f5019735-9b7d-49d8-8418-e82737490e89', 0, 'LAS ANIMAS S/N', current_timestamp, current_timestamp, (select municipality_id from settlement where postal_code = '92002' limit 1), '92002', (select id from settlement where postal_code = '92002' limit 1), (select state_id from settlement where postal_code = '92002' limit 1));
INSERT INTO job_detail(id, version, base_salary, job_name, date_created, last_updated) VALUES('11bc468b-6329-41c5-b649-1e55959fd7fe', 0, 4000.0, 'Operador', current_timestamp, current_timestamp);
INSERT INTO driver_license(id, version, antiqueness, date_created, last_updated, expedition, expiration, license_number, license_type) VALUES('99e74687-e7bc-4bf4-96f8-513a2fd14f79', 0, current_timestamp, current_timestamp, current_timestamp, current_timestamp, date('6/13/16'), 'TAMP303416', 'A');
INSERT INTO individual(id, version, address_id, date_created, last_name, last_updated, name, second_last_name, class, driver_license_id, email, employee_position_id, employee_type, job_detail_id, personal_data_id, employee_number) VALUES('acea176a-dfca-4945-85dd-4a61079f1d31', 0, 'f5019735-9b7d-49d8-8418-e82737490e89', current_timestamp, 'ESPRONCEDA', current_timestamp, 'JOSE LUIS', 'CERVANTES', 'justcloud.tickets.domain.Employee', '99e74687-e7bc-4bf4-96f8-513a2fd14f79', '', 'operator-id', 'REGULAR_EMPLOYEE', '11bc468b-6329-41c5-b649-1e55959fd7fe', null, '1292');
INSERT INTO address(id, version, address, date_created, last_updated, municipality_id, postal_code, settlement_id, state_id) VALUES('d017af85-db8a-462c-b0b6-ec9fbda92605', 0, 'PRIMERA AVENIDA No. 311-B', current_timestamp, current_timestamp, (select municipality_id from settlement where postal_code = '89319' limit 1), '89319', (select id from settlement where postal_code = '89319' limit 1), (select state_id from settlement where postal_code = '89319' limit 1));
INSERT INTO job_detail(id, version, base_salary, job_name, date_created, last_updated) VALUES('8a29fc86-e66f-41d0-b383-81b9eecfbd15', 0, 4000.0, 'Operador', current_timestamp, current_timestamp);
INSERT INTO driver_license(id, version, antiqueness, date_created, last_updated, expedition, expiration, license_number, license_type) VALUES('4dcb2aa6-4e41-4ac8-829d-136383acd5f5', 0, current_timestamp, current_timestamp, current_timestamp, current_timestamp, date('4/22/12'), 'TAMP300184', 'A');
INSERT INTO individual(id, version, address_id, date_created, last_name, last_updated, name, second_last_name, class, driver_license_id, email, employee_position_id, employee_type, job_detail_id, personal_data_id, employee_number) VALUES('686a8bc3-f29f-4226-a001-d29feb5b34d2', 0, 'd017af85-db8a-462c-b0b6-ec9fbda92605', current_timestamp, 'GARATE', current_timestamp, 'VICTOR MANUEL', 'GONZALEZ', 'justcloud.tickets.domain.Employee', '4dcb2aa6-4e41-4ac8-829d-136383acd5f5', '', 'operator-id', 'REGULAR_EMPLOYEE', '8a29fc86-e66f-41d0-b383-81b9eecfbd15', null, '1729');
INSERT INTO address(id, version, address, date_created, last_updated, municipality_id, postal_code, settlement_id, state_id) VALUES('acf926ce-5f3a-4d1f-9971-5806076922cf', 0, '53 D N|438', current_timestamp, current_timestamp, (select municipality_id from settlement where postal_code = '97000' limit 1), '97000', (select id from settlement where postal_code = '97000' limit 1), (select state_id from settlement where postal_code = '97000' limit 1));
INSERT INTO job_detail(id, version, base_salary, job_name, date_created, last_updated) VALUES('e062ed48-4ecf-4e21-90e0-a0956b299d9d', 0, 4000.0, 'Operador', current_timestamp, current_timestamp);
INSERT INTO driver_license(id, version, antiqueness, date_created, last_updated, expedition, expiration, license_number, license_type) VALUES('66589f11-9931-4d57-b109-a0c5d26dd857', 0, current_timestamp, current_timestamp, current_timestamp, current_timestamp, date('4/6/12'), 'YUC0003563', 'A');
INSERT INTO individual(id, version, address_id, date_created, last_name, last_updated, name, second_last_name, class, driver_license_id, email, employee_position_id, employee_type, job_detail_id, personal_data_id, employee_number) VALUES('69e7db60-47e5-44b0-8858-648d115ced48', 0, 'acf926ce-5f3a-4d1f-9971-5806076922cf', current_timestamp, 'MARAÑON', current_timestamp, 'FRANCISCO JAVIER', 'VALES', 'justcloud.tickets.domain.Employee', '66589f11-9931-4d57-b109-a0c5d26dd857', '', 'operator-id', 'REGULAR_EMPLOYEE', 'e062ed48-4ecf-4e21-90e0-a0956b299d9d', null, '1730');
INSERT INTO address(id, version, address, date_created, last_updated, municipality_id, postal_code, settlement_id, state_id) VALUES('605d7b1c-2ce6-4d68-a693-e5596fcb510c', 0, 'AV LOS TECNICOS No. 1', current_timestamp, current_timestamp, (select municipality_id from settlement where postal_code = '73160' limit 1), '73160', (select id from settlement where postal_code = '73160' limit 1), (select state_id from settlement where postal_code = '73160' limit 1));
INSERT INTO job_detail(id, version, base_salary, job_name, date_created, last_updated) VALUES('8d0654be-efc3-4190-a9ac-107a1197e18e', 0, 4000.0, 'Operador', current_timestamp, current_timestamp);
INSERT INTO driver_license(id, version, antiqueness, date_created, last_updated, expedition, expiration, license_number, license_type) VALUES('fd6a5130-8386-4f81-853c-c9eefa28b58b', 0, current_timestamp, current_timestamp, current_timestamp, current_timestamp, date('4/8/16'), 'SIN200075', 'A');
INSERT INTO individual(id, version, address_id, date_created, last_name, last_updated, name, second_last_name, class, driver_license_id, email, employee_position_id, employee_type, job_detail_id, personal_data_id, employee_number) VALUES('4de0cafd-739b-4ea1-967a-8da57faecfb3', 0, '605d7b1c-2ce6-4d68-a693-e5596fcb510c', current_timestamp, 'VELAZQUEZ', current_timestamp, 'MARCO SERGIO', 'SOLANO', 'justcloud.tickets.domain.Employee', 'fd6a5130-8386-4f81-853c-c9eefa28b58b', '', 'operator-id', 'REGULAR_EMPLOYEE', '8d0654be-efc3-4190-a9ac-107a1197e18e', null, '1732');
INSERT INTO address(id, version, address, date_created, last_updated, municipality_id, postal_code, settlement_id, state_id) VALUES('35ad52aa-d8c8-4acc-837c-a013d2a22ad2', 0, 'PASEO DEL HALCON No. 17', current_timestamp, current_timestamp, (select municipality_id from settlement where postal_code = '91855' limit 1), '91855', (select id from settlement where postal_code = '91855' limit 1), (select state_id from settlement where postal_code = '91855' limit 1));
INSERT INTO job_detail(id, version, base_salary, job_name, date_created, last_updated) VALUES('a16be2e7-0e1d-48ca-a290-8104a9500127', 0, 4000.0, 'Operador', current_timestamp, current_timestamp);
INSERT INTO driver_license(id, version, antiqueness, date_created, last_updated, expedition, expiration, license_number, license_type) VALUES('8da10fd3-db6c-48dc-98a7-d6fc3faabeb9', 0, current_timestamp, current_timestamp, current_timestamp, current_timestamp, date('4/12/12'), 'VER0131216', 'A');
INSERT INTO individual(id, version, address_id, date_created, last_name, last_updated, name, second_last_name, class, driver_license_id, email, employee_position_id, employee_type, job_detail_id, personal_data_id, employee_number) VALUES('4302078b-22c2-4cc7-9575-218d9ea34c47', 0, '35ad52aa-d8c8-4acc-837c-a013d2a22ad2', current_timestamp, 'MOSCOSO', current_timestamp, 'RAFAEL', 'GARCIA', 'justcloud.tickets.domain.Employee', '8da10fd3-db6c-48dc-98a7-d6fc3faabeb9', '', 'operator-id', 'REGULAR_EMPLOYEE', 'a16be2e7-0e1d-48ca-a290-8104a9500127', null, '1731');
INSERT INTO address(id, version, address, date_created, last_updated, municipality_id, postal_code, settlement_id, state_id) VALUES('9c0fcb1b-3b66-4fa2-b260-aa5bad0c8115', 0, 'SAN FCO MZ 38 LT 12 C 2', current_timestamp, current_timestamp, (select municipality_id from settlement where postal_code = '55710' limit 1), '55710', (select id from settlement where postal_code = '55710' limit 1), (select state_id from settlement where postal_code = '55710' limit 1));
INSERT INTO job_detail(id, version, base_salary, job_name, date_created, last_updated) VALUES('ab338b81-60f6-47a8-840c-10390b67c42f', 0, 4000.0, 'Operador', current_timestamp, current_timestamp);
INSERT INTO driver_license(id, version, antiqueness, date_created, last_updated, expedition, expiration, license_number, license_type) VALUES('79955594-fc3e-493d-a806-db31ee7c8416', 0, current_timestamp, current_timestamp, current_timestamp, current_timestamp, date('8/25/16'), 'COAH203269', 'A');
INSERT INTO individual(id, version, address_id, date_created, last_name, last_updated, name, second_last_name, class, driver_license_id, email, employee_position_id, employee_type, job_detail_id, personal_data_id, employee_number) VALUES('cf81e67b-0cc9-42ce-9cd0-68ba42ca8797', 0, '9c0fcb1b-3b66-4fa2-b260-aa5bad0c8115', current_timestamp, 'NAVA', current_timestamp, 'VICTOR ARMANDO', 'CEJA', 'justcloud.tickets.domain.Employee', '79955594-fc3e-493d-a806-db31ee7c8416', '', 'operator-id', 'REGULAR_EMPLOYEE', 'ab338b81-60f6-47a8-840c-10390b67c42f', null, '1739');
INSERT INTO address(id, version, address, date_created, last_updated, municipality_id, postal_code, settlement_id, state_id) VALUES('cfd9f5e9-fa83-4544-aa97-132143408dfb', 0, 'PASCUAL OROZCO S/N', current_timestamp, current_timestamp, (select municipality_id from settlement where postal_code = '93997' limit 1), '93997', (select id from settlement where postal_code = '93997' limit 1), (select state_id from settlement where postal_code = '93997' limit 1));
INSERT INTO job_detail(id, version, base_salary, job_name, date_created, last_updated) VALUES('fa3ac27a-a79c-4918-b379-3443fb66bb88', 0, 4000.0, 'Operador', current_timestamp, current_timestamp);
INSERT INTO driver_license(id, version, antiqueness, date_created, last_updated, expedition, expiration, license_number, license_type) VALUES('714058e3-bbe5-4fc7-869c-ab04293629ff', 0, current_timestamp, current_timestamp, current_timestamp, current_timestamp, date('10/27/15'), 'TAMP311640', 'A');
INSERT INTO individual(id, version, address_id, date_created, last_name, last_updated, name, second_last_name, class, driver_license_id, email, employee_position_id, employee_type, job_detail_id, personal_data_id, employee_number) VALUES('d8c4f9cc-018c-4daa-be31-da454b403765', 0, 'cfd9f5e9-fa83-4544-aa97-132143408dfb', current_timestamp, 'MENDEZ', current_timestamp, 'NELSON IRAM', 'DOMINGUEZ', 'justcloud.tickets.domain.Employee', '714058e3-bbe5-4fc7-869c-ab04293629ff', '', 'operator-id', 'REGULAR_EMPLOYEE', 'fa3ac27a-a79c-4918-b379-3443fb66bb88', null, '1738');
INSERT INTO address(id, version, address, date_created, last_updated, municipality_id, postal_code, settlement_id, state_id) VALUES('7c5a4672-511a-465a-aa6d-885fb26cda1b', 0, 'ROBERT COCH No. 125', current_timestamp, current_timestamp, (select municipality_id from settlement where postal_code = '55726' limit 1), '55726', (select id from settlement where postal_code = '55726' limit 1), (select state_id from settlement where postal_code = '55726' limit 1));
INSERT INTO job_detail(id, version, base_salary, job_name, date_created, last_updated) VALUES('abd02191-87ce-4513-b192-24a60369a229', 0, 4000.0, 'Operador', current_timestamp, current_timestamp);
INSERT INTO driver_license(id, version, antiqueness, date_created, last_updated, expedition, expiration, license_number, license_type) VALUES('b4067bc7-2251-4d5b-b163-2c6b0e552425', 0, current_timestamp, current_timestamp, current_timestamp, current_timestamp, date('6/9/16'), 'EDOM019403', 'A');
INSERT INTO individual(id, version, address_id, date_created, last_name, last_updated, name, second_last_name, class, driver_license_id, email, employee_position_id, employee_type, job_detail_id, personal_data_id, employee_number) VALUES('4dbbe48b-7b55-4201-8d10-a50c4fca4ce6', 0, '7c5a4672-511a-465a-aa6d-885fb26cda1b', current_timestamp, 'BOTELLO', current_timestamp, 'MARCOS', 'SANCHEZ', 'justcloud.tickets.domain.Employee', 'b4067bc7-2251-4d5b-b163-2c6b0e552425', '', 'operator-id', 'REGULAR_EMPLOYEE', 'abd02191-87ce-4513-b192-24a60369a229', null, '1742');
INSERT INTO address(id, version, address, date_created, last_updated, municipality_id, postal_code, settlement_id, state_id) VALUES('37fd8b07-22fe-4f35-91cd-a217e873f64f', 0, 'BENITO JUAREZ MZ 18 LT 16 CASA 4', current_timestamp, current_timestamp, (select municipality_id from settlement where postal_code = '56530' limit 1), '56530', (select id from settlement where postal_code = '56530' limit 1), (select state_id from settlement where postal_code = '56530' limit 1));
INSERT INTO job_detail(id, version, base_salary, job_name, date_created, last_updated) VALUES('c211408c-80e6-4434-ba22-29f94253ae7f', 0, 4000.0, 'Operador', current_timestamp, current_timestamp);
INSERT INTO driver_license(id, version, antiqueness, date_created, last_updated, expedition, expiration, license_number, license_type) VALUES('77402c25-39cc-450f-97fc-1a15c20437cc', 0, current_timestamp, current_timestamp, current_timestamp, current_timestamp, date('3/11/16'), 'DF00107607', 'A');
INSERT INTO individual(id, version, address_id, date_created, last_name, last_updated, name, second_last_name, class, driver_license_id, email, employee_position_id, employee_type, job_detail_id, personal_data_id, employee_number) VALUES('c792a43b-27a4-4761-83c3-73f74465b18a', 0, '37fd8b07-22fe-4f35-91cd-a217e873f64f', current_timestamp, 'MARTINEZ', current_timestamp, 'JAVIER', 'MOCTEZUMA', 'justcloud.tickets.domain.Employee', '77402c25-39cc-450f-97fc-1a15c20437cc', '', 'operator-id', 'REGULAR_EMPLOYEE', 'c211408c-80e6-4434-ba22-29f94253ae7f', null, '1748');
INSERT INTO address(id, version, address, date_created, last_updated, municipality_id, postal_code, settlement_id, state_id) VALUES('05210902-9f9d-45ec-ae0a-8f32e64627e6', 0, 'BUENA VISTA S/N', current_timestamp, current_timestamp, (select municipality_id from settlement where postal_code = '92000' limit 1), '92000', (select id from settlement where postal_code = '92000' limit 1), (select state_id from settlement where postal_code = '92000' limit 1));
INSERT INTO job_detail(id, version, base_salary, job_name, date_created, last_updated) VALUES('28ba4384-4bf0-4522-b04f-00980efa2d47', 0, 4000.0, 'Operador', current_timestamp, current_timestamp);
INSERT INTO driver_license(id, version, antiqueness, date_created, last_updated, expedition, expiration, license_number, license_type) VALUES('09b373ed-be2e-416a-a272-5f2da68cd2a4', 0, current_timestamp, current_timestamp, current_timestamp, current_timestamp, date('11/22/15'), 'TAMP305767', 'A');
INSERT INTO individual(id, version, address_id, date_created, last_name, last_updated, name, second_last_name, class, driver_license_id, email, employee_position_id, employee_type, job_detail_id, personal_data_id, employee_number) VALUES('b8df221c-a10d-4a37-813e-1f0c898b4374', 0, '05210902-9f9d-45ec-ae0a-8f32e64627e6', current_timestamp, 'MORA', current_timestamp, 'RAFAEL', 'LIRA', 'justcloud.tickets.domain.Employee', '09b373ed-be2e-416a-a272-5f2da68cd2a4', '', 'operator-id', 'REGULAR_EMPLOYEE', '28ba4384-4bf0-4522-b04f-00980efa2d47', null, '1747');
INSERT INTO address(id, version, address, date_created, last_updated, municipality_id, postal_code, settlement_id, state_id) VALUES('eecf2e36-76c0-49f4-a934-c519f947c0b0', 0, 'PRIV ALICIA No. 111', current_timestamp, current_timestamp, (select municipality_id from settlement where postal_code = '79068' limit 1), '79068', (select id from settlement where postal_code = '79068' limit 1), (select state_id from settlement where postal_code = '79068' limit 1));
INSERT INTO job_detail(id, version, base_salary, job_name, date_created, last_updated) VALUES('af4c6307-8405-40cc-aa72-d2955606758d', 0, 4000.0, 'Operador', current_timestamp, current_timestamp);
INSERT INTO driver_license(id, version, antiqueness, date_created, last_updated, expedition, expiration, license_number, license_type) VALUES('f6f40329-82c1-4088-b961-9dfc853432df', 0, current_timestamp, current_timestamp, current_timestamp, current_timestamp, date('6/8/16'), 'TAMP308339', 'A');
INSERT INTO individual(id, version, address_id, date_created, last_name, last_updated, name, second_last_name, class, driver_license_id, email, employee_position_id, employee_type, job_detail_id, personal_data_id, employee_number) VALUES('1f9a712d-a3bd-4719-bdfc-ff5011a47a4c', 0, 'eecf2e36-76c0-49f4-a934-c519f947c0b0', current_timestamp, 'GONZALEZ LEDESMA', current_timestamp, 'ALEJANDRO', 'MARTE', 'justcloud.tickets.domain.Employee', 'f6f40329-82c1-4088-b961-9dfc853432df', '', 'operator-id', 'REGULAR_EMPLOYEE', 'af4c6307-8405-40cc-aa72-d2955606758d', null, '1757');
INSERT INTO address(id, version, address, date_created, last_updated, municipality_id, postal_code, settlement_id, state_id) VALUES('109dc36c-f0b9-44c6-b943-aa8ad221eecb', 0, 'VERACRUZ 574', current_timestamp, current_timestamp, (select municipality_id from settlement where postal_code = '42181' limit 1), '42181', (select id from settlement where postal_code = '42181' limit 1), (select state_id from settlement where postal_code = '42181' limit 1));
INSERT INTO job_detail(id, version, base_salary, job_name, date_created, last_updated) VALUES('144b6b43-e485-41a5-a3e8-e4c4bf33dad0', 0, 4000.0, 'Operador', current_timestamp, current_timestamp);
INSERT INTO driver_license(id, version, antiqueness, date_created, last_updated, expedition, expiration, license_number, license_type) VALUES('4e452f76-abdb-4fe2-b23f-b27930ff4c55', 0, current_timestamp, current_timestamp, current_timestamp, current_timestamp, date('5/31/16'), 'HGO01533', 'A');
INSERT INTO individual(id, version, address_id, date_created, last_name, last_updated, name, second_last_name, class, driver_license_id, email, employee_position_id, employee_type, job_detail_id, personal_data_id, employee_number) VALUES('a1c8f09d-bbb1-490b-aebd-786fffc6653b', 0, '109dc36c-f0b9-44c6-b943-aa8ad221eecb', current_timestamp, 'OLVERA', current_timestamp, 'PRAXEDIS', 'OSORIO', 'justcloud.tickets.domain.Employee', '4e452f76-abdb-4fe2-b23f-b27930ff4c55', '', 'operator-id', 'REGULAR_EMPLOYEE', '144b6b43-e485-41a5-a3e8-e4c4bf33dad0', null, '1760');
INSERT INTO address(id, version, address, date_created, last_updated, municipality_id, postal_code, settlement_id, state_id) VALUES('188a8fda-ef17-40fe-a1bb-22df56f1e462', 0, 'ROBERTO FIERRO', current_timestamp, current_timestamp, (select municipality_id from settlement where postal_code = '89337' limit 1), '89337', (select id from settlement where postal_code = '89337' limit 1), (select state_id from settlement where postal_code = '89337' limit 1));
INSERT INTO job_detail(id, version, base_salary, job_name, date_created, last_updated) VALUES('d4bc79c0-08ec-4959-8253-2ec55cfd45f3', 0, 4000.0, 'Operador', current_timestamp, current_timestamp);
INSERT INTO driver_license(id, version, antiqueness, date_created, last_updated, expedition, expiration, license_number, license_type) VALUES('d56bcfaf-390d-45d7-83d5-c0508290fa6d', 0, current_timestamp, current_timestamp, current_timestamp, current_timestamp, date('5/30/15'), 'TAMP311415', 'A');
INSERT INTO individual(id, version, address_id, date_created, last_name, last_updated, name, second_last_name, class, driver_license_id, email, employee_position_id, employee_type, job_detail_id, personal_data_id, employee_number) VALUES('d4852cd5-dc74-48ea-b5c1-f6d56f703362', 0, '188a8fda-ef17-40fe-a1bb-22df56f1e462', current_timestamp, 'DIAZ', current_timestamp, 'JUAN ANTONIO', 'ORTEGA', 'justcloud.tickets.domain.Employee', 'd56bcfaf-390d-45d7-83d5-c0508290fa6d', '', 'operator-id', 'REGULAR_EMPLOYEE', 'd4bc79c0-08ec-4959-8253-2ec55cfd45f3', null, '1758');
INSERT INTO address(id, version, address, date_created, last_updated, municipality_id, postal_code, settlement_id, state_id) VALUES('2de20034-92c0-4b6d-aa8b-9cf3ec9bf4a8', 0, 'MALASIA No. 99', current_timestamp, current_timestamp, (select municipality_id from settlement where postal_code = '89400' limit 1), '89400', (select id from settlement where postal_code = '89400' limit 1), (select state_id from settlement where postal_code = '89400' limit 1));
INSERT INTO job_detail(id, version, base_salary, job_name, date_created, last_updated) VALUES('5990cc27-a5b7-4544-9ee0-d0c0e165060b', 0, 4000.0, 'Operador', current_timestamp, current_timestamp);
INSERT INTO driver_license(id, version, antiqueness, date_created, last_updated, expedition, expiration, license_number, license_type) VALUES('ee21cd24-2dee-433f-83a1-c2b968ea4e77', 0, current_timestamp, current_timestamp, current_timestamp, current_timestamp, date('12/8/16'), 'TAMP307699', 'A');
INSERT INTO individual(id, version, address_id, date_created, last_name, last_updated, name, second_last_name, class, driver_license_id, email, employee_position_id, employee_type, job_detail_id, personal_data_id, employee_number) VALUES('a4ded7d1-a01d-43f6-8949-91030f321376', 0, '2de20034-92c0-4b6d-aa8b-9cf3ec9bf4a8', current_timestamp, 'MORALES', current_timestamp, 'PEDRO', 'ESPINOZA', 'justcloud.tickets.domain.Employee', 'ee21cd24-2dee-433f-83a1-c2b968ea4e77', '', 'operator-id', 'REGULAR_EMPLOYEE', '5990cc27-a5b7-4544-9ee0-d0c0e165060b', null, '1759');
INSERT INTO address(id, version, address, date_created, last_updated, municipality_id, postal_code, settlement_id, state_id) VALUES('102b3c80-751a-4b83-942f-80f6713270cc', 0, 'CALLE FRANCISCO CANAL No.  3039 INT  1 ENTRE 10 Y 11', current_timestamp, current_timestamp, (select municipality_id from settlement where postal_code = '91726' limit 1), '91726', (select id from settlement where postal_code = '91726' limit 1), (select state_id from settlement where postal_code = '91726' limit 1));
INSERT INTO job_detail(id, version, base_salary, job_name, date_created, last_updated) VALUES('da748034-da4b-43db-bccc-2b9cf5589902', 0, 4000.0, 'Operador', current_timestamp, current_timestamp);
INSERT INTO driver_license(id, version, antiqueness, date_created, last_updated, expedition, expiration, license_number, license_type) VALUES('929d7e5e-904b-4da8-8057-c92cc1569434', 0, current_timestamp, current_timestamp, current_timestamp, current_timestamp, date('9/23/16'), 'VER129573', 'A');
INSERT INTO individual(id, version, address_id, date_created, last_name, last_updated, name, second_last_name, class, driver_license_id, email, employee_position_id, employee_type, job_detail_id, personal_data_id, employee_number) VALUES('9f9c41b6-d71a-496e-a02b-a0fc39edaeb8', 0, '102b3c80-751a-4b83-942f-80f6713270cc', current_timestamp, 'FERNANDEZ', current_timestamp, 'PEDRO FERNANDO', 'BLANCO', 'justcloud.tickets.domain.Employee', '929d7e5e-904b-4da8-8057-c92cc1569434', '', 'operator-id', 'REGULAR_EMPLOYEE', 'da748034-da4b-43db-bccc-2b9cf5589902', null, '1769');
INSERT INTO job_detail(id, version, base_salary, job_name, date_created, last_updated) VALUES('96638c12-4548-4dea-bb72-dc8784b565ee', 0, 4000.0, 'Operador', current_timestamp, current_timestamp);
INSERT INTO individual(id, version, address_id, date_created, last_name, last_updated, name, second_last_name, class, driver_license_id, email, employee_position_id, employee_type, job_detail_id, personal_data_id, employee_number) VALUES('c9e61dbd-1598-4400-8332-b815a12d0fa9', 0, null, current_timestamp, 'HIDALGO', current_timestamp, 'JAIME', 'DE LA TORRE', 'justcloud.tickets.domain.Employee', null, '', 'operator-id', 'REGULAR_EMPLOYEE', '96638c12-4548-4dea-bb72-dc8784b565ee', null, '1770');
INSERT INTO address(id, version, address, date_created, last_updated, municipality_id, postal_code, settlement_id, state_id) VALUES('dd0f72b3-6ae4-4442-be7d-7c2b78d3ef17', 0, 'CALLE DIONE No. 19', current_timestamp, current_timestamp, (select municipality_id from settlement where postal_code = '91777' limit 1), '91777', (select id from settlement where postal_code = '91777' limit 1), (select state_id from settlement where postal_code = '91777' limit 1));
INSERT INTO job_detail(id, version, base_salary, job_name, date_created, last_updated) VALUES('c4fb15ce-a62c-4db3-95f6-5db4870aed95', 0, 4000.0, 'Operador', current_timestamp, current_timestamp);
INSERT INTO driver_license(id, version, antiqueness, date_created, last_updated, expedition, expiration, license_number, license_type) VALUES('1149038c-4c4b-4713-849c-5501a740b1c0', 0, current_timestamp, current_timestamp, current_timestamp, current_timestamp, date('10/11/16'), 'VERO135919', 'A');
INSERT INTO individual(id, version, address_id, date_created, last_name, last_updated, name, second_last_name, class, driver_license_id, email, employee_position_id, employee_type, job_detail_id, personal_data_id, employee_number) VALUES('d07ad054-742f-4eb6-8cba-fe80e6bd8159', 0, 'dd0f72b3-6ae4-4442-be7d-7c2b78d3ef17', current_timestamp, 'LOPEZ', current_timestamp, 'YONI MICHEL', 'CASTILLO', 'justcloud.tickets.domain.Employee', '1149038c-4c4b-4713-849c-5501a740b1c0', '', 'operator-id', 'REGULAR_EMPLOYEE', 'c4fb15ce-a62c-4db3-95f6-5db4870aed95', null, '1771');
INSERT INTO phone(id, version, date_created, last_updated, number, type) VALUES('af99b296-1d31-4990-91ad-47cf6a4d25e4', 0, current_timestamp, current_timestamp, '229 1878249', 'MOBILE');
INSERT INTO employee_phone(employee_phones_id, phone_id) VALUES('d07ad054-742f-4eb6-8cba-fe80e6bd8159', 'af99b296-1d31-4990-91ad-47cf6a4d25e4');
INSERT INTO address(id, version, address, date_created, last_updated, municipality_id, postal_code, settlement_id, state_id) VALUES('b455b22d-b7d6-4269-bd93-2af68ed3f5f4', 0, 'CALLE INDEPENDENCIA No.  210 ALTOS', current_timestamp, current_timestamp, (select municipality_id from settlement where postal_code = '86150' limit 1), '86150', (select id from settlement where postal_code = '86150' limit 1), (select state_id from settlement where postal_code = '86150' limit 1));
INSERT INTO job_detail(id, version, base_salary, job_name, date_created, last_updated) VALUES('0eec6d5f-9917-4383-80fc-16983f5ea1da', 0, 4000.0, 'Operador', current_timestamp, current_timestamp);
INSERT INTO driver_license(id, version, antiqueness, date_created, last_updated, expedition, expiration, license_number, license_type) VALUES('2ad25ad4-275f-4b5c-bcb9-57e28f01f0de', 0, current_timestamp, current_timestamp, current_timestamp, current_timestamp, date('2/14/16'), 'TAB0006020', 'A');
INSERT INTO individual(id, version, address_id, date_created, last_name, last_updated, name, second_last_name, class, driver_license_id, email, employee_position_id, employee_type, job_detail_id, personal_data_id, employee_number) VALUES('9873c4eb-6f51-4470-8f8f-62156cd94c58', 0, 'b455b22d-b7d6-4269-bd93-2af68ed3f5f4', current_timestamp, 'LOPEZ', current_timestamp, 'JOSE VICTOR', 'MAYO', 'justcloud.tickets.domain.Employee', '2ad25ad4-275f-4b5c-bcb9-57e28f01f0de', '', 'operator-id', 'REGULAR_EMPLOYEE', '0eec6d5f-9917-4383-80fc-16983f5ea1da', null, '1772');
INSERT INTO job_detail(id, version, base_salary, job_name, date_created, last_updated) VALUES('ede0c6eb-d0e7-4533-bb85-91524edefecd', 0, 4000.0, 'Operador', current_timestamp, current_timestamp);
INSERT INTO individual(id, version, address_id, date_created, last_name, last_updated, name, second_last_name, class, driver_license_id, email, employee_position_id, employee_type, job_detail_id, personal_data_id, employee_number) VALUES('627a0deb-777b-4981-928b-ab080931aaae', 0, null, current_timestamp, 'MENDEZ', current_timestamp, 'FRANCISCO', 'SALVADOR', 'justcloud.tickets.domain.Employee', null, '', 'operator-id', 'REGULAR_EMPLOYEE', 'ede0c6eb-d0e7-4533-bb85-91524edefecd', null, '1773');
INSERT INTO job_detail(id, version, base_salary, job_name, date_created, last_updated) VALUES('4d18da13-3abb-4c76-817c-18a3bb2a656b', 0, 4000.0, 'Operador', current_timestamp, current_timestamp);
INSERT INTO individual(id, version, address_id, date_created, last_name, last_updated, name, second_last_name, class, driver_license_id, email, employee_position_id, employee_type, job_detail_id, personal_data_id, employee_number) VALUES('bf92c5dc-3322-4d88-a088-b93668224275', 0, null, current_timestamp, 'SALAS', current_timestamp, 'AURELIANO', 'OREA', 'justcloud.tickets.domain.Employee', null, '', 'operator-id', 'REGULAR_EMPLOYEE', '4d18da13-3abb-4c76-817c-18a3bb2a656b', null, '1774');
INSERT INTO address(id, version, address, date_created, last_updated, municipality_id, postal_code, settlement_id, state_id) VALUES('81994f0f-1daf-48e4-b5d3-c6d7d459a1b1', 0, 'CALLE COLONIA NUEVA GENERACION MZ6 LOTE 7', current_timestamp, current_timestamp, (select municipality_id from settlement where postal_code = '91680' limit 1), '91680', (select id from settlement where postal_code = '91680' limit 1), (select state_id from settlement where postal_code = '91680' limit 1));
INSERT INTO job_detail(id, version, base_salary, job_name, date_created, last_updated) VALUES('5fa51af4-bfec-453c-a84f-83af1e3caa30', 0, 4000.0, 'Operador', current_timestamp, current_timestamp);
INSERT INTO driver_license(id, version, antiqueness, date_created, last_updated, expedition, expiration, license_number, license_type) VALUES('5e94e27c-590d-47c6-83cd-43d80ba4a373', 0, current_timestamp, current_timestamp, current_timestamp, current_timestamp, date('5/9/15'), 'VER117571', 'A');
INSERT INTO individual(id, version, address_id, date_created, last_name, last_updated, name, second_last_name, class, driver_license_id, email, employee_position_id, employee_type, job_detail_id, personal_data_id, employee_number) VALUES('f819ae0a-0919-4443-bc0e-97829c62f11a', 0, '81994f0f-1daf-48e4-b5d3-c6d7d459a1b1', current_timestamp, 'MENDEZ', current_timestamp, 'JUAN', 'RONZON', 'justcloud.tickets.domain.Employee', '5e94e27c-590d-47c6-83cd-43d80ba4a373', '', 'operator-id', 'REGULAR_EMPLOYEE', '5fa51af4-bfec-453c-a84f-83af1e3caa30', null, '1776');
INSERT INTO phone(id, version, date_created, last_updated, number, type) VALUES('2331a23b-8d97-4d70-a8ca-f51f0d76328b', 0, current_timestamp, current_timestamp, '2961048367', 'MOBILE');
INSERT INTO employee_phone(employee_phones_id, phone_id) VALUES('f819ae0a-0919-4443-bc0e-97829c62f11a', '2331a23b-8d97-4d70-a8ca-f51f0d76328b');
INSERT INTO address(id, version, address, date_created, last_updated, municipality_id, postal_code, settlement_id, state_id) VALUES('7ed5ea55-6516-4d30-9605-f83aa4bda5f1', 0, 'CALLE ALDAMA No. 802 PTE.', current_timestamp, current_timestamp, (select municipality_id from settlement where postal_code = '89560' limit 1), '89560', (select id from settlement where postal_code = '89560' limit 1), (select state_id from settlement where postal_code = '89560' limit 1));
INSERT INTO job_detail(id, version, base_salary, job_name, date_created, last_updated) VALUES('82a24b4f-ab74-4139-a9b7-a08fdb97ee95', 0, 4000.0, 'Operador', current_timestamp, current_timestamp);
INSERT INTO driver_license(id, version, antiqueness, date_created, last_updated, expedition, expiration, license_number, license_type) VALUES('834cc34f-c2c8-4565-9b37-7b1717ff702e', 0, current_timestamp, current_timestamp, current_timestamp, current_timestamp, date('1/25/18'), 'TAMP311215', 'A');
INSERT INTO individual(id, version, address_id, date_created, last_name, last_updated, name, second_last_name, class, driver_license_id, email, employee_position_id, employee_type, job_detail_id, personal_data_id, employee_number) VALUES('86a5d168-e14e-4e9d-afb6-cb4c6c456817', 0, '7ed5ea55-6516-4d30-9605-f83aa4bda5f1', current_timestamp, 'GONZALEZ', current_timestamp, 'NESTOR ROGELIO', 'SEGURA', 'justcloud.tickets.domain.Employee', '834cc34f-c2c8-4565-9b37-7b1717ff702e', '', 'operator-id', 'REGULAR_EMPLOYEE', '82a24b4f-ab74-4139-a9b7-a08fdb97ee95', null, '1778');
INSERT INTO phone(id, version, date_created, last_updated, number, type) VALUES('29fda0ac-ab7d-4c75-bd59-222f6ca2939e', 0, current_timestamp, current_timestamp, '8331728439', 'MOBILE');
INSERT INTO employee_phone(employee_phones_id, phone_id) VALUES('86a5d168-e14e-4e9d-afb6-cb4c6c456817', '29fda0ac-ab7d-4c75-bd59-222f6ca2939e');
INSERT INTO address(id, version, address, date_created, last_updated, municipality_id, postal_code, settlement_id, state_id) VALUES('f2992e59-f3af-4c74-9c3d-d1fb46b6b915', 0, 'CALLE SOR JUANA INES DE LA CRUZM MZ6 LOTE 11', current_timestamp, current_timestamp, (select municipality_id from settlement where postal_code = '24197' limit 1), '24197', (select id from settlement where postal_code = '24197' limit 1), (select state_id from settlement where postal_code = '24197' limit 1));
INSERT INTO job_detail(id, version, base_salary, job_name, date_created, last_updated) VALUES('569c02e6-522f-4908-a3fd-dabe35abce37', 0, 4000.0, 'Operador', current_timestamp, current_timestamp);
INSERT INTO driver_license(id, version, antiqueness, date_created, last_updated, expedition, expiration, license_number, license_type) VALUES('2fea01b3-e55a-436b-9c54-153c4493bf2b', 0, current_timestamp, current_timestamp, current_timestamp, current_timestamp, date('8/30/16'), 'CAMP002197', 'A');
INSERT INTO individual(id, version, address_id, date_created, last_name, last_updated, name, second_last_name, class, driver_license_id, email, employee_position_id, employee_type, job_detail_id, personal_data_id, employee_number) VALUES('a94bcb96-83a6-4194-8ceb-9760691ca8ec', 0, 'f2992e59-f3af-4c74-9c3d-d1fb46b6b915', current_timestamp, 'MORA', current_timestamp, 'DAVID DEL JESUS', 'GONZALEZ', 'justcloud.tickets.domain.Employee', '2fea01b3-e55a-436b-9c54-153c4493bf2b', '', 'operator-id', 'REGULAR_EMPLOYEE', '569c02e6-522f-4908-a3fd-dabe35abce37', null, '1780');
INSERT INTO phone(id, version, date_created, last_updated, number, type) VALUES('8b4288cd-4f75-40cf-a172-2a3516e5f5f8', 0, current_timestamp, current_timestamp, '9381132344', 'MOBILE');
INSERT INTO employee_phone(employee_phones_id, phone_id) VALUES('a94bcb96-83a6-4194-8ceb-9760691ca8ec', '8b4288cd-4f75-40cf-a172-2a3516e5f5f8');
INSERT INTO address(id, version, address, date_created, last_updated, municipality_id, postal_code, settlement_id, state_id) VALUES('77792b77-79d2-4a19-98a5-41638c2e49c8', 0, 'CUARTA AVENIDA 607-L', current_timestamp, current_timestamp, (select municipality_id from settlement where postal_code = '89310' limit 1), '89310', (select id from settlement where postal_code = '89310' limit 1), (select state_id from settlement where postal_code = '89310' limit 1));
INSERT INTO job_detail(id, version, base_salary, job_name, date_created, last_updated) VALUES('284092f2-7c81-4aae-bb50-a6f60755046c', 0, 4000.0, 'Operador', current_timestamp, current_timestamp);
INSERT INTO driver_license(id, version, antiqueness, date_created, last_updated, expedition, expiration, license_number, license_type) VALUES('a557c768-96dc-4a7f-812c-51b5d0c93bd5', 0, current_timestamp, current_timestamp, current_timestamp, current_timestamp, date('8/31/11'), 'VER106605', 'A');
INSERT INTO individual(id, version, address_id, date_created, last_name, last_updated, name, second_last_name, class, driver_license_id, email, employee_position_id, employee_type, job_detail_id, personal_data_id, employee_number) VALUES('014a65df-5c36-48d2-8e9b-57f7ee37e011', 0, '77792b77-79d2-4a19-98a5-41638c2e49c8', current_timestamp, 'CERVANTES', current_timestamp, 'GUSTAVO', 'CARBALLO', 'justcloud.tickets.domain.Employee', 'a557c768-96dc-4a7f-812c-51b5d0c93bd5', '', 'operator-id', 'REGULAR_EMPLOYEE', '284092f2-7c81-4aae-bb50-a6f60755046c', null, '1523');
INSERT INTO phone(id, version, date_created, last_updated, number, type) VALUES('d5e34fdc-7d3f-4e93-b65b-2d9bda5b10bb', 0, current_timestamp, current_timestamp, '8331115864', 'MOBILE');
INSERT INTO employee_phone(employee_phones_id, phone_id) VALUES('014a65df-5c36-48d2-8e9b-57f7ee37e011', 'd5e34fdc-7d3f-4e93-b65b-2d9bda5b10bb');
INSERT INTO address(id, version, address, date_created, last_updated, municipality_id, postal_code, settlement_id, state_id) VALUES('6ec8f115-eb62-469d-bb15-6f1afa2bffe2', 0, 'TAMAULIPAS No. 111', current_timestamp, current_timestamp, (select municipality_id from settlement where postal_code = '89080' limit 1), '89080', (select id from settlement where postal_code = '89080' limit 1), (select state_id from settlement where postal_code = '89080' limit 1));
INSERT INTO job_detail(id, version, base_salary, job_name, date_created, last_updated) VALUES('40cce340-fd46-4ccf-a6d8-7a1f91f4cf61', 0, 4000.0, 'Operador', current_timestamp, current_timestamp);
INSERT INTO driver_license(id, version, antiqueness, date_created, last_updated, expedition, expiration, license_number, license_type) VALUES('07b2a3f1-759a-495e-aba5-11191d82e064', 0, current_timestamp, current_timestamp, current_timestamp, current_timestamp, date('2/25/16'), 'TAMP304447', 'A');
INSERT INTO individual(id, version, address_id, date_created, last_name, last_updated, name, second_last_name, class, driver_license_id, email, employee_position_id, employee_type, job_detail_id, personal_data_id, employee_number) VALUES('24d9bcc3-789c-407b-9150-3bfcf4a43dca', 0, '6ec8f115-eb62-469d-bb15-6f1afa2bffe2', current_timestamp, 'GONZALEZ', current_timestamp, 'VICTOR HUGO', 'SALINAS', 'justcloud.tickets.domain.Employee', '07b2a3f1-759a-495e-aba5-11191d82e064', '', 'operator-id', 'REGULAR_EMPLOYEE', '40cce340-fd46-4ccf-a6d8-7a1f91f4cf61', null, '1297');
INSERT INTO address(id, version, address, date_created, last_updated, municipality_id, postal_code, settlement_id, state_id) VALUES('49679e04-6c5e-42fa-9c35-89cacc31f30e', 0, 'TAMPICO No. 115-E', current_timestamp, current_timestamp, (select municipality_id from settlement where postal_code = '89350' limit 1), '89350', (select id from settlement where postal_code = '89350' limit 1), (select state_id from settlement where postal_code = '89350' limit 1));
INSERT INTO job_detail(id, version, base_salary, job_name, date_created, last_updated) VALUES('e0f961d3-8a19-4a4b-81d5-d510c6e4bd4a', 0, 4000.0, 'Operador', current_timestamp, current_timestamp);
INSERT INTO driver_license(id, version, antiqueness, date_created, last_updated, expedition, expiration, license_number, license_type) VALUES('b02e8012-34ac-4c82-b139-8cce2f589903', 0, current_timestamp, current_timestamp, current_timestamp, current_timestamp, date('3/3/16'), 'TAMP304542', 'A');
INSERT INTO individual(id, version, address_id, date_created, last_name, last_updated, name, second_last_name, class, driver_license_id, email, employee_position_id, employee_type, job_detail_id, personal_data_id, employee_number) VALUES('bc0c7c54-59fc-48ef-b237-5f10b380d672', 0, '49679e04-6c5e-42fa-9c35-89cacc31f30e', current_timestamp, 'TOBIAS', current_timestamp, 'RAFAEL', 'NIETO', 'justcloud.tickets.domain.Employee', 'b02e8012-34ac-4c82-b139-8cce2f589903', '', 'operator-id', 'REGULAR_EMPLOYEE', 'e0f961d3-8a19-4a4b-81d5-d510c6e4bd4a', null, '1074');
INSERT INTO address(id, version, address, date_created, last_updated, municipality_id, postal_code, settlement_id, state_id) VALUES('0e23fc02-2b6a-4a83-a80b-7e4880945947', 0, 'CALLE HACIENDA LA HERRADURA No.63', current_timestamp, current_timestamp, (select municipality_id from settlement where postal_code = '91808' limit 1), '91808', (select id from settlement where postal_code = '91808' limit 1), (select state_id from settlement where postal_code = '91808' limit 1));
INSERT INTO job_detail(id, version, base_salary, job_name, date_created, last_updated) VALUES('8605bb76-9c47-4a20-b332-607910031b1e', 0, 4000.0, 'Operador', current_timestamp, current_timestamp);
INSERT INTO driver_license(id, version, antiqueness, date_created, last_updated, expedition, expiration, license_number, license_type) VALUES('b43cf1c8-828d-4df2-b993-dcf18928b3b3', 0, current_timestamp, current_timestamp, current_timestamp, current_timestamp, date('4/14/16'), 'VER129808', 'A');
INSERT INTO individual(id, version, address_id, date_created, last_name, last_updated, name, second_last_name, class, driver_license_id, email, employee_position_id, employee_type, job_detail_id, personal_data_id, employee_number) VALUES('213c6dd1-f347-40b9-97c0-b9088f301e94', 0, '0e23fc02-2b6a-4a83-a80b-7e4880945947', current_timestamp, 'ESPINOZA', current_timestamp, 'ARNULFO', 'VAZQUEZ', 'justcloud.tickets.domain.Employee', 'b43cf1c8-828d-4df2-b993-dcf18928b3b3', '', 'operator-id', 'REGULAR_EMPLOYEE', '8605bb76-9c47-4a20-b332-607910031b1e', null, '1790');
INSERT INTO phone(id, version, date_created, last_updated, number, type) VALUES('e7cdd368-7d22-43ac-95de-a1005849becb', 0, current_timestamp, current_timestamp, '2291158688', 'HOME');
INSERT INTO employee_phone(employee_phones_id, phone_id) VALUES('213c6dd1-f347-40b9-97c0-b9088f301e94', 'e7cdd368-7d22-43ac-95de-a1005849becb');
INSERT INTO address(id, version, address, date_created, last_updated, municipality_id, postal_code, settlement_id, state_id) VALUES('611fc0ff-358b-48c3-9629-4a2fbb4cdd33', 0, 'CLL. ALMEJA No. 445', current_timestamp, current_timestamp, (select municipality_id from settlement where postal_code = '89600' limit 1), '89600', (select id from settlement where postal_code = '89600' limit 1), (select state_id from settlement where postal_code = '89600' limit 1));
INSERT INTO job_detail(id, version, base_salary, job_name, date_created, last_updated) VALUES('9c8eb8c1-0a67-4aab-83e2-e7628fc11081', 0, 4000.0, 'Operador', current_timestamp, current_timestamp);
INSERT INTO driver_license(id, version, antiqueness, date_created, last_updated, expedition, expiration, license_number, license_type) VALUES('5a2f4d86-1e87-4884-98be-90dc175ff150', 0, current_timestamp, current_timestamp, current_timestamp, current_timestamp, date('1/19/17'), 'TAMP301955', 'A');
INSERT INTO individual(id, version, address_id, date_created, last_name, last_updated, name, second_last_name, class, driver_license_id, email, employee_position_id, employee_type, job_detail_id, personal_data_id, employee_number) VALUES('8fcf9e62-aad2-4159-bfd5-a91c7fe0f413', 0, '611fc0ff-358b-48c3-9629-4a2fbb4cdd33', current_timestamp, 'VELAZQUEZ', current_timestamp, 'MARGARITO', 'CASTILLO', 'justcloud.tickets.domain.Employee', '5a2f4d86-1e87-4884-98be-90dc175ff150', '', 'operator-id', 'REGULAR_EMPLOYEE', '9c8eb8c1-0a67-4aab-83e2-e7628fc11081', null, '1791');
INSERT INTO phone(id, version, date_created, last_updated, number, type) VALUES('eaedcd88-6a8c-48bb-997e-bf60d516f923', 0, current_timestamp, current_timestamp, '8333188910', 'MOBILE');
INSERT INTO employee_phone(employee_phones_id, phone_id) VALUES('8fcf9e62-aad2-4159-bfd5-a91c7fe0f413', 'eaedcd88-6a8c-48bb-997e-bf60d516f923');
INSERT INTO address(id, version, address, date_created, last_updated, municipality_id, postal_code, settlement_id, state_id) VALUES('76ce24e8-7dab-462e-8e21-0019240be8c2', 0, 'CLL.RIO VERDE No. 204 COL. CANDELARIO GARA. CD. MADERO,', current_timestamp, current_timestamp, (select municipality_id from settlement where postal_code = '89500' limit 1), '89500', (select id from settlement where postal_code = '89500' limit 1), (select state_id from settlement where postal_code = '89500' limit 1));
INSERT INTO job_detail(id, version, base_salary, job_name, date_created, last_updated) VALUES('a00ab35d-1503-47f5-bef2-ab9edd99c59e', 0, 4000.0, 'Operador', current_timestamp, current_timestamp);
INSERT INTO driver_license(id, version, antiqueness, date_created, last_updated, expedition, expiration, license_number, license_type) VALUES('43a4aebd-5457-40d6-b186-3928757ce363', 0, current_timestamp, current_timestamp, current_timestamp, current_timestamp, date('6/6/16'), 'TAMP303318', 'A');
INSERT INTO individual(id, version, address_id, date_created, last_name, last_updated, name, second_last_name, class, driver_license_id, email, employee_position_id, employee_type, job_detail_id, personal_data_id, employee_number) VALUES('22c7afdc-f4fe-42c3-83e0-1e8f58fc4da6', 0, '76ce24e8-7dab-462e-8e21-0019240be8c2', current_timestamp, 'GUILLEN', current_timestamp, 'ZEFERINO', 'HERRERA', 'justcloud.tickets.domain.Employee', '43a4aebd-5457-40d6-b186-3928757ce363', '', 'operator-id', 'REGULAR_EMPLOYEE', 'a00ab35d-1503-47f5-bef2-ab9edd99c59e', null, '1794');
INSERT INTO phone(id, version, date_created, last_updated, number, type) VALUES('93888f53-212a-4c87-9258-2cf3b23d437c', 0, current_timestamp, current_timestamp, '8331122868', 'MOBILE');
INSERT INTO employee_phone(employee_phones_id, phone_id) VALUES('22c7afdc-f4fe-42c3-83e0-1e8f58fc4da6', '93888f53-212a-4c87-9258-2cf3b23d437c');
INSERT INTO job_detail(id, version, base_salary, job_name, date_created, last_updated) VALUES('2c1b12cf-f67a-4292-b5e5-43232ce5d34e', 0, 4000.0, 'Operador', current_timestamp, current_timestamp);
INSERT INTO individual(id, version, address_id, date_created, last_name, last_updated, name, second_last_name, class, driver_license_id, email, employee_position_id, employee_type, job_detail_id, personal_data_id, employee_number) VALUES('38831641-bd88-4f5d-9ab5-8ca64f68264e', 0, null, current_timestamp, 'MALDONADO', current_timestamp, 'CARLOS HECTOR', 'SANTILLAN', 'justcloud.tickets.domain.Employee', null, '', 'operator-id', 'REGULAR_EMPLOYEE', '2c1b12cf-f67a-4292-b5e5-43232ce5d34e', null, '9999');
INSERT INTO address(id, version, address, date_created, last_updated, municipality_id, postal_code, settlement_id, state_id) VALUES('fec553fb-dfd3-4b58-b12b-83db9263a33d', 0, 'CLL. CALZADA MARIANO MATAMOROS No. 202', current_timestamp, current_timestamp, (select municipality_id from settlement where postal_code = '43300' limit 1), '43300', (select id from settlement where postal_code = '43300' limit 1), (select state_id from settlement where postal_code = '43300' limit 1));
INSERT INTO job_detail(id, version, base_salary, job_name, date_created, last_updated) VALUES('8d6b6597-6ea5-4629-9952-acf5eef1fa61', 0, 4000.0, 'Operador', current_timestamp, current_timestamp);
INSERT INTO driver_license(id, version, antiqueness, date_created, last_updated, expedition, expiration, license_number, license_type) VALUES('047626c4-d3e7-4a9c-8128-e10c66f58367', 0, current_timestamp, current_timestamp, current_timestamp, current_timestamp, date('2/24/17'), 'HGO03425', 'A');
INSERT INTO individual(id, version, address_id, date_created, last_name, last_updated, name, second_last_name, class, driver_license_id, email, employee_position_id, employee_type, job_detail_id, personal_data_id, employee_number) VALUES('d9cfe23f-8a94-4bef-8740-a409d7a8fce0', 0, 'fec553fb-dfd3-4b58-b12b-83db9263a33d', current_timestamp, 'OLVERA', current_timestamp, 'ATANACIO', 'OSORIO', 'justcloud.tickets.domain.Employee', '047626c4-d3e7-4a9c-8128-e10c66f58367', '', 'operator-id', 'REGULAR_EMPLOYEE', '8d6b6597-6ea5-4629-9952-acf5eef1fa61', null, '1795');
INSERT INTO phone(id, version, date_created, last_updated, number, type) VALUES('ad51f155-811d-400e-b871-72f199705561', 0, current_timestamp, current_timestamp, '8332936891', 'MOBILE');
INSERT INTO employee_phone(employee_phones_id, phone_id) VALUES('d9cfe23f-8a94-4bef-8740-a409d7a8fce0', 'ad51f155-811d-400e-b871-72f199705561');
INSERT INTO address(id, version, address, date_created, last_updated, municipality_id, postal_code, settlement_id, state_id) VALUES('3f5db6c7-72e4-4e9e-95ad-574526ab6ec6', 0, 'CIRCUITO LAS CHACAS, ED 114 DEPTO. 5', current_timestamp, current_timestamp, (select municipality_id from settlement where postal_code = '89338' limit 1), '89338', (select id from settlement where postal_code = '89338' limit 1), (select state_id from settlement where postal_code = '89338' limit 1));
INSERT INTO job_detail(id, version, base_salary, job_name, date_created, last_updated) VALUES('3a87a2be-1ebd-4c59-9961-77135200c5f1', 0, 4000.0, 'Operador', current_timestamp, current_timestamp);
INSERT INTO driver_license(id, version, antiqueness, date_created, last_updated, expedition, expiration, license_number, license_type) VALUES('82127904-b685-4c03-ba26-2ad5b49cd98c', 0, current_timestamp, current_timestamp, current_timestamp, current_timestamp, date('2/28/17'), 'TAMP313285', 'A');
INSERT INTO individual(id, version, address_id, date_created, last_name, last_updated, name, second_last_name, class, driver_license_id, email, employee_position_id, employee_type, job_detail_id, personal_data_id, employee_number) VALUES('45810808-2c5f-4e8a-a992-f34aabff91be', 0, '3f5db6c7-72e4-4e9e-95ad-574526ab6ec6', current_timestamp, 'AZUARA', current_timestamp, 'JOAQUIN', 'CASTILLO', 'justcloud.tickets.domain.Employee', '82127904-b685-4c03-ba26-2ad5b49cd98c', '', 'operator-id', 'REGULAR_EMPLOYEE', '3a87a2be-1ebd-4c59-9961-77135200c5f1', null, '1805');
INSERT INTO phone(id, version, date_created, last_updated, number, type) VALUES('dfab0fde-68f8-4e22-b844-7e660865e112', 0, current_timestamp, current_timestamp, '8332477545', 'HOME');
INSERT INTO employee_phone(employee_phones_id, phone_id) VALUES('45810808-2c5f-4e8a-a992-f34aabff91be', 'dfab0fde-68f8-4e22-b844-7e660865e112');
INSERT INTO phone(id, version, date_created, last_updated, number, type) VALUES('ea9b2902-d268-4aa8-b1d5-4627cb7a8f9a', 0, current_timestamp, current_timestamp, '3135963', 'MOBILE');
INSERT INTO employee_phone(employee_phones_id, phone_id) VALUES('45810808-2c5f-4e8a-a992-f34aabff91be', 'ea9b2902-d268-4aa8-b1d5-4627cb7a8f9a');
INSERT INTO address(id, version, address, date_created, last_updated, municipality_id, postal_code, settlement_id, state_id) VALUES('c7b6ca66-00b4-4e8b-a623-9420691413c2', 0, 'PERDIZ LOTE 3, MAZ. 3 CASA D', current_timestamp, current_timestamp, (select municipality_id from settlement where postal_code = '54473' limit 1), '54473', (select id from settlement where postal_code = '54473' limit 1), (select state_id from settlement where postal_code = '54473' limit 1));
INSERT INTO job_detail(id, version, base_salary, job_name, date_created, last_updated) VALUES('0fc0bd51-5edd-4d53-bfa7-2da1b38a0afb', 0, 4000.0, 'Operador', current_timestamp, current_timestamp);
INSERT INTO driver_license(id, version, antiqueness, date_created, last_updated, expedition, expiration, license_number, license_type) VALUES('d1238e03-19e1-44f2-ac2a-ad8cbc3c5837', 0, current_timestamp, current_timestamp, current_timestamp, current_timestamp, date('9/19/15'), 'MOR03333', 'A');
INSERT INTO individual(id, version, address_id, date_created, last_name, last_updated, name, second_last_name, class, driver_license_id, email, employee_position_id, employee_type, job_detail_id, personal_data_id, employee_number) VALUES('8f1f2166-aeab-404c-97ea-5e87f9aaa16c', 0, 'c7b6ca66-00b4-4e8b-a623-9420691413c2', current_timestamp, 'MARTELL', current_timestamp, 'MARIO', 'RICO', 'justcloud.tickets.domain.Employee', 'd1238e03-19e1-44f2-ac2a-ad8cbc3c5837', '', 'operator-id', 'REGULAR_EMPLOYEE', '0fc0bd51-5edd-4d53-bfa7-2da1b38a0afb', null, '1806');
INSERT INTO phone(id, version, date_created, last_updated, number, type) VALUES('0a80e09e-1087-464c-982e-f91bd31e303e', 0, current_timestamp, current_timestamp, '59966657', 'HOME');
INSERT INTO employee_phone(employee_phones_id, phone_id) VALUES('8f1f2166-aeab-404c-97ea-5e87f9aaa16c', '0a80e09e-1087-464c-982e-f91bd31e303e');
INSERT INTO phone(id, version, date_created, last_updated, number, type) VALUES('b4f584cb-2e23-43a1-ab0b-389ca9f95794', 0, current_timestamp, current_timestamp, '5511370341', 'MOBILE');
INSERT INTO employee_phone(employee_phones_id, phone_id) VALUES('8f1f2166-aeab-404c-97ea-5e87f9aaa16c', 'b4f584cb-2e23-43a1-ab0b-389ca9f95794');
INSERT INTO address(id, version, address, date_created, last_updated, municipality_id, postal_code, settlement_id, state_id) VALUES('4493b9a6-8e5c-4c88-a86f-5e99ceb2556b', 0, 'PROLONGACION 16 DE SEPTIEMBRE S/N', current_timestamp, current_timestamp, (select municipality_id from settlement where postal_code = '73160' limit 1), '73160', (select id from settlement where postal_code = '73160' limit 1), (select state_id from settlement where postal_code = '73160' limit 1));
INSERT INTO job_detail(id, version, base_salary, job_name, date_created, last_updated) VALUES('2ac53d15-b6e2-469f-a3f0-9bd62c5f99eb', 0, 4000.0, 'Operador', current_timestamp, current_timestamp);
INSERT INTO driver_license(id, version, antiqueness, date_created, last_updated, expedition, expiration, license_number, license_type) VALUES('c9ecaa1d-9c02-4b24-90f4-249ac3d976d9', 0, current_timestamp, current_timestamp, current_timestamp, current_timestamp, date('9/2/16'), 'TAMP312113', 'A');
INSERT INTO individual(id, version, address_id, date_created, last_name, last_updated, name, second_last_name, class, driver_license_id, email, employee_position_id, employee_type, job_detail_id, personal_data_id, employee_number) VALUES('dc993661-fa7a-4aaa-93bc-3f3bc895fe6f', 0, '4493b9a6-8e5c-4c88-a86f-5e99ceb2556b', current_timestamp, 'MORALES', current_timestamp, 'MARCO ANTONIO', 'LUNA', 'justcloud.tickets.domain.Employee', 'c9ecaa1d-9c02-4b24-90f4-249ac3d976d9', '', 'operator-id', 'REGULAR_EMPLOYEE', '2ac53d15-b6e2-469f-a3f0-9bd62c5f99eb', null, '1807');
INSERT INTO phone(id, version, date_created, last_updated, number, type) VALUES('353374df-ed05-463e-9e72-51dcab9be761', 0, current_timestamp, current_timestamp, '17767623542', 'HOME');
INSERT INTO employee_phone(employee_phones_id, phone_id) VALUES('dc993661-fa7a-4aaa-93bc-3f3bc895fe6f', '353374df-ed05-463e-9e72-51dcab9be761');
INSERT INTO phone(id, version, date_created, last_updated, number, type) VALUES('1724bb3f-15bb-48ae-96fc-eb84415ce7b8', 0, current_timestamp, current_timestamp, '7711650913', 'MOBILE');
INSERT INTO employee_phone(employee_phones_id, phone_id) VALUES('dc993661-fa7a-4aaa-93bc-3f3bc895fe6f', '1724bb3f-15bb-48ae-96fc-eb84415ce7b8');
INSERT INTO address(id, version, address, date_created, last_updated, municipality_id, postal_code, settlement_id, state_id) VALUES('5b8ea607-8d3c-436b-ba51-cc87114d3fab', 0, 'CARLOS CRUZ 1728', current_timestamp, current_timestamp, (select municipality_id from settlement where postal_code = '91720' limit 1), '91720', (select id from settlement where postal_code = '91720' limit 1), (select state_id from settlement where postal_code = '91720' limit 1));
INSERT INTO job_detail(id, version, base_salary, job_name, date_created, last_updated) VALUES('d7c62707-3365-4766-b904-0e68ea8ac500', 0, 4000.0, 'Operador', current_timestamp, current_timestamp);
INSERT INTO driver_license(id, version, antiqueness, date_created, last_updated, expedition, expiration, license_number, license_type) VALUES('61d1128a-5a51-4942-860e-76690eb61175', 0, current_timestamp, current_timestamp, current_timestamp, current_timestamp, date('10/28/15'), 'VER118776', 'A');
INSERT INTO individual(id, version, address_id, date_created, last_name, last_updated, name, second_last_name, class, driver_license_id, email, employee_position_id, employee_type, job_detail_id, personal_data_id, employee_number) VALUES('0191cb71-ef0d-4f27-b72a-2af27de18ee5', 0, '5b8ea607-8d3c-436b-ba51-cc87114d3fab', current_timestamp, 'RAMIREZ', current_timestamp, 'EUGENIO', 'GONZALEZ', 'justcloud.tickets.domain.Employee', '61d1128a-5a51-4942-860e-76690eb61175', '', 'operator-id', 'REGULAR_EMPLOYEE', 'd7c62707-3365-4766-b904-0e68ea8ac500', null, '1808');
INSERT INTO phone(id, version, date_created, last_updated, number, type) VALUES('6ab11a35-8b6a-4301-994c-bbc91e0bb104', 0, current_timestamp, current_timestamp, '9232318341', 'MOBILE');
INSERT INTO employee_phone(employee_phones_id, phone_id) VALUES('0191cb71-ef0d-4f27-b72a-2af27de18ee5', '6ab11a35-8b6a-4301-994c-bbc91e0bb104');
INSERT INTO address(id, version, address, date_created, last_updated, municipality_id, postal_code, settlement_id, state_id) VALUES('670da727-b5dc-4fee-abec-db0cc3c36ce0', 0, 'AMAPOLA S/N LOTE 9 MANZ 34', current_timestamp, current_timestamp, (select municipality_id from settlement where postal_code = '54710' limit 1), '54710', (select id from settlement where postal_code = '54710' limit 1), (select state_id from settlement where postal_code = '54710' limit 1));
INSERT INTO job_detail(id, version, base_salary, job_name, date_created, last_updated) VALUES('b673dde9-84c2-4eea-9bb3-46223cc55e0b', 0, 4000.0, 'Operador', current_timestamp, current_timestamp);
INSERT INTO driver_license(id, version, antiqueness, date_created, last_updated, expedition, expiration, license_number, license_type) VALUES('29ff6c9d-836e-44c2-adbc-5699d1f80830', 0, current_timestamp, current_timestamp, current_timestamp, current_timestamp, date('1/20/16'), 'DF114269', 'A');
INSERT INTO individual(id, version, address_id, date_created, last_name, last_updated, name, second_last_name, class, driver_license_id, email, employee_position_id, employee_type, job_detail_id, personal_data_id, employee_number) VALUES('8c3f7505-db57-4654-b7fc-2b69f184a2fd', 0, '670da727-b5dc-4fee-abec-db0cc3c36ce0', current_timestamp, 'ALVAREZ', current_timestamp, 'JOSE GUADALUPE', 'HERNANDEZ', 'justcloud.tickets.domain.Employee', '29ff6c9d-836e-44c2-adbc-5699d1f80830', '', 'operator-id', 'REGULAR_EMPLOYEE', 'b673dde9-84c2-4eea-9bb3-46223cc55e0b', null, '1810');
INSERT INTO phone(id, version, date_created, last_updated, number, type) VALUES('9eb1c8e9-a276-4d7a-831b-f1642b8bcde6', 0, current_timestamp, current_timestamp, '5514140524', 'MOBILE');
INSERT INTO employee_phone(employee_phones_id, phone_id) VALUES('8c3f7505-db57-4654-b7fc-2b69f184a2fd', '9eb1c8e9-a276-4d7a-831b-f1642b8bcde6');
INSERT INTO address(id, version, address, date_created, last_updated, municipality_id, postal_code, settlement_id, state_id) VALUES('327a8bd2-4a08-480f-a8bd-b43c346acfe5', 0, 'LAZARO CARDENAS 210', current_timestamp, current_timestamp, (select municipality_id from settlement where postal_code = '89939' limit 1), '89939', (select id from settlement where postal_code = '89939' limit 1), (select state_id from settlement where postal_code = '89939' limit 1));
INSERT INTO job_detail(id, version, base_salary, job_name, date_created, last_updated) VALUES('536c50fa-11ee-44bf-a1fb-b79300ed0326', 0, 4000.0, 'Operador', current_timestamp, current_timestamp);
INSERT INTO driver_license(id, version, antiqueness, date_created, last_updated, expedition, expiration, license_number, license_type) VALUES('7e7fcf65-1891-4c6b-9660-8af49c2263a8', 0, current_timestamp, current_timestamp, current_timestamp, current_timestamp, date('4/10/17'), 'TAMP304567', 'A');
INSERT INTO individual(id, version, address_id, date_created, last_name, last_updated, name, second_last_name, class, driver_license_id, email, employee_position_id, employee_type, job_detail_id, personal_data_id, employee_number) VALUES('8195b23f-972f-4b13-bd1d-b23235dbefb3', 0, '327a8bd2-4a08-480f-a8bd-b43c346acfe5', current_timestamp, 'CASTILLO', current_timestamp, 'ANDRES', 'NERI', 'justcloud.tickets.domain.Employee', '7e7fcf65-1891-4c6b-9660-8af49c2263a8', '', 'operator-id', 'REGULAR_EMPLOYEE', '536c50fa-11ee-44bf-a1fb-b79300ed0326', null, '1811');
INSERT INTO phone(id, version, date_created, last_updated, number, type) VALUES('80c80949-2594-4f8a-b757-1a915d927c54', 0, current_timestamp, current_timestamp, '8311199236', 'MOBILE');
INSERT INTO employee_phone(employee_phones_id, phone_id) VALUES('8195b23f-972f-4b13-bd1d-b23235dbefb3', '80c80949-2594-4f8a-b757-1a915d927c54');
INSERT INTO address(id, version, address, date_created, last_updated, municipality_id, postal_code, settlement_id, state_id) VALUES('05ccf379-ca69-4164-9fe8-8ace56a4a346', 0, 'PASCUAL OROSCO S/N', current_timestamp, current_timestamp, (select municipality_id from settlement where postal_code = '93997' limit 1), '93997', (select id from settlement where postal_code = '93997' limit 1), (select state_id from settlement where postal_code = '93997' limit 1));
INSERT INTO job_detail(id, version, base_salary, job_name, date_created, last_updated) VALUES('e5b2ffc2-6cf8-49d4-9d24-e5ae9151f426', 0, 4000.0, 'Operador', current_timestamp, current_timestamp);
INSERT INTO driver_license(id, version, antiqueness, date_created, last_updated, expedition, expiration, license_number, license_type) VALUES('d7d6baa0-b8cd-4a45-950b-60f66aae8312', 0, current_timestamp, current_timestamp, current_timestamp, current_timestamp, date('10/27/15'), 'TAMP311640', 'A');
INSERT INTO individual(id, version, address_id, date_created, last_name, last_updated, name, second_last_name, class, driver_license_id, email, employee_position_id, employee_type, job_detail_id, personal_data_id, employee_number) VALUES('207f91f1-be12-46a9-b5fe-72d1201a242c', 0, '05ccf379-ca69-4164-9fe8-8ace56a4a346', current_timestamp, 'MENDEZ', current_timestamp, 'NELSON IRAM', 'DOMINGUEZ', 'justcloud.tickets.domain.Employee', 'd7d6baa0-b8cd-4a45-950b-60f66aae8312', '', 'operator-id', 'REGULAR_EMPLOYEE', 'e5b2ffc2-6cf8-49d4-9d24-e5ae9151f426', null, '1813');
INSERT INTO phone(id, version, date_created, last_updated, number, type) VALUES('a79fef9c-e1b0-484d-9fba-896fd570e9d2', 0, current_timestamp, current_timestamp, '8461015822', 'HOME');
INSERT INTO employee_phone(employee_phones_id, phone_id) VALUES('207f91f1-be12-46a9-b5fe-72d1201a242c', 'a79fef9c-e1b0-484d-9fba-896fd570e9d2');
INSERT INTO address(id, version, address, date_created, last_updated, municipality_id, postal_code, settlement_id, state_id) VALUES('c0ce36ab-eff4-4dd0-a9df-ebb76df2ea65', 0, 'VICENTE SALAZAR 1627', current_timestamp, current_timestamp, (select municipality_id from settlement where postal_code = '79050' limit 1), '79050', (select id from settlement where postal_code = '79050' limit 1), (select state_id from settlement where postal_code = '79050' limit 1));
INSERT INTO job_detail(id, version, base_salary, job_name, date_created, last_updated) VALUES('23eaa057-9603-49a7-9328-25a740ee65ed', 0, 4000.0, 'Operador', current_timestamp, current_timestamp);
INSERT INTO driver_license(id, version, antiqueness, date_created, last_updated, expedition, expiration, license_number, license_type) VALUES('4b2ff2db-cf2c-45c2-9160-6c94bbf4aee3', 0, current_timestamp, current_timestamp, current_timestamp, current_timestamp, date('10/5/16'), 'TAMP304038', 'A');
INSERT INTO individual(id, version, address_id, date_created, last_name, last_updated, name, second_last_name, class, driver_license_id, email, employee_position_id, employee_type, job_detail_id, personal_data_id, employee_number) VALUES('08131898-358c-42e1-9d89-7b90087a602b', 0, 'c0ce36ab-eff4-4dd0-a9df-ebb76df2ea65', current_timestamp, 'HERNANDEZ', current_timestamp, 'ARTURO', 'FRANCO', 'justcloud.tickets.domain.Employee', '4b2ff2db-cf2c-45c2-9160-6c94bbf4aee3', '', 'operator-id', 'REGULAR_EMPLOYEE', '23eaa057-9603-49a7-9328-25a740ee65ed', null, '1833');
INSERT INTO phone(id, version, date_created, last_updated, number, type) VALUES('01aea028-7bc8-462a-bb0f-5b95913538a0', 0, current_timestamp, current_timestamp, '4811043915', 'MOBILE');
INSERT INTO employee_phone(employee_phones_id, phone_id) VALUES('08131898-358c-42e1-9d89-7b90087a602b', '01aea028-7bc8-462a-bb0f-5b95913538a0');
INSERT INTO address(id, version, address, date_created, last_updated, municipality_id, postal_code, settlement_id, state_id) VALUES('7f994f04-318c-4264-93f5-70f7674212ce', 0, 'MALASIA 302', current_timestamp, current_timestamp, (select municipality_id from settlement where postal_code = '89317' limit 1), '89317', (select id from settlement where postal_code = '89317' limit 1), (select state_id from settlement where postal_code = '89317' limit 1));
INSERT INTO job_detail(id, version, base_salary, job_name, date_created, last_updated) VALUES('2783f2e8-719c-4f8b-b8f9-24cc3effbfaf', 0, 4000.0, 'Operador', current_timestamp, current_timestamp);
INSERT INTO driver_license(id, version, antiqueness, date_created, last_updated, expedition, expiration, license_number, license_type) VALUES('4e77703e-8f06-4df3-a7f0-0d009d659754', 0, current_timestamp, current_timestamp, current_timestamp, current_timestamp, date('3/20/17'), 'TAMP313315', 'A');
INSERT INTO individual(id, version, address_id, date_created, last_name, last_updated, name, second_last_name, class, driver_license_id, email, employee_position_id, employee_type, job_detail_id, personal_data_id, employee_number) VALUES('70729cc9-33a0-4329-9d91-4aa189cd7646', 0, '7f994f04-318c-4264-93f5-70f7674212ce', current_timestamp, 'ORTIZ', current_timestamp, 'JOSE JONATHAN', 'SANTOS', 'justcloud.tickets.domain.Employee', '4e77703e-8f06-4df3-a7f0-0d009d659754', '', 'operator-id', 'REGULAR_EMPLOYEE', '2783f2e8-719c-4f8b-b8f9-24cc3effbfaf', null, '1834');
INSERT INTO phone(id, version, date_created, last_updated, number, type) VALUES('76a479a7-33e8-4834-9131-c8d4a5d2f3e7', 0, current_timestamp, current_timestamp, '8332035599', 'HOME');
INSERT INTO employee_phone(employee_phones_id, phone_id) VALUES('70729cc9-33a0-4329-9d91-4aa189cd7646', '76a479a7-33e8-4834-9131-c8d4a5d2f3e7');
INSERT INTO address(id, version, address, date_created, last_updated, municipality_id, postal_code, settlement_id, state_id) VALUES('8d6efdf5-4221-42cb-8a0b-90bbc24674cf', 0, '5 S/N', current_timestamp, current_timestamp, (select municipality_id from settlement where postal_code = '24020' limit 1), '24020', (select id from settlement where postal_code = '24020' limit 1), (select state_id from settlement where postal_code = '24020' limit 1));
INSERT INTO job_detail(id, version, base_salary, job_name, date_created, last_updated) VALUES('d87b11f0-c7d1-4b9a-b406-90e9f39515c8', 0, 4000.0, 'Operador', current_timestamp, current_timestamp);
INSERT INTO driver_license(id, version, antiqueness, date_created, last_updated, expedition, expiration, license_number, license_type) VALUES('12a8aed8-3907-4806-8ac2-bf055d58670d', 0, current_timestamp, current_timestamp, current_timestamp, current_timestamp, date('8/12/16'), 'CAMP00646', 'A');
INSERT INTO individual(id, version, address_id, date_created, last_name, last_updated, name, second_last_name, class, driver_license_id, email, employee_position_id, employee_type, job_detail_id, personal_data_id, employee_number) VALUES('2f5717ad-deb3-414b-ad74-7571cfab398e', 0, '8d6efdf5-4221-42cb-8a0b-90bbc24674cf', current_timestamp, 'CABRERA', current_timestamp, 'FELIPE DE JESUS', 'QUEVEDO', 'justcloud.tickets.domain.Employee', '12a8aed8-3907-4806-8ac2-bf055d58670d', '', 'operator-id', 'REGULAR_EMPLOYEE', 'd87b11f0-c7d1-4b9a-b406-90e9f39515c8', null, '1835');
INSERT INTO phone(id, version, date_created, last_updated, number, type) VALUES('6231da2c-9cdd-40c6-a4d3-f172c5143661', 0, current_timestamp, current_timestamp, '9992289767', 'HOME');
INSERT INTO employee_phone(employee_phones_id, phone_id) VALUES('2f5717ad-deb3-414b-ad74-7571cfab398e', '6231da2c-9cdd-40c6-a4d3-f172c5143661');
INSERT INTO address(id, version, address, date_created, last_updated, municipality_id, postal_code, settlement_id, state_id) VALUES('91207be4-1bc2-4555-8557-9aaf0c24041e', 0, 'JUAN ALVAREZ 40', current_timestamp, current_timestamp, (select municipality_id from settlement where postal_code = '42192' limit 1), '42192', (select id from settlement where postal_code = '42192' limit 1), (select state_id from settlement where postal_code = '42192' limit 1));
INSERT INTO job_detail(id, version, base_salary, job_name, date_created, last_updated) VALUES('89d33250-889b-4c14-874a-6d8add934130', 0, 4000.0, 'Operador', current_timestamp, current_timestamp);
INSERT INTO driver_license(id, version, antiqueness, date_created, last_updated, expedition, expiration, license_number, license_type) VALUES('9b5d61d0-6ea5-4cd0-9eaa-be85dffb910e', 0, current_timestamp, current_timestamp, current_timestamp, current_timestamp, date('11/22/16'), 'DF112878', 'A');
INSERT INTO individual(id, version, address_id, date_created, last_name, last_updated, name, second_last_name, class, driver_license_id, email, employee_position_id, employee_type, job_detail_id, personal_data_id, employee_number) VALUES('4691a55d-b434-4353-8d66-48935df19d9d', 0, '91207be4-1bc2-4555-8557-9aaf0c24041e', current_timestamp, 'GARCIA', current_timestamp, 'ANGEL', 'VELAZQUEZ', 'justcloud.tickets.domain.Employee', '9b5d61d0-6ea5-4cd0-9eaa-be85dffb910e', '', 'operator-id', 'REGULAR_EMPLOYEE', '89d33250-889b-4c14-874a-6d8add934130', null, '1836');
INSERT INTO phone(id, version, date_created, last_updated, number, type) VALUES('bd494eb9-c827-4f23-adb5-19e9376473a3', 0, current_timestamp, current_timestamp, '8331379279', 'HOME');
INSERT INTO employee_phone(employee_phones_id, phone_id) VALUES('4691a55d-b434-4353-8d66-48935df19d9d', 'bd494eb9-c827-4f23-adb5-19e9376473a3');
INSERT INTO address(id, version, address, date_created, last_updated, municipality_id, postal_code, settlement_id, state_id) VALUES('463ab9e7-a7f6-4583-a9ff-f183dbe0dd30', 0, 'PRIVADA ENCINO MOD. 78', current_timestamp, current_timestamp, (select municipality_id from settlement where postal_code = '89556' limit 1), '89556', (select id from settlement where postal_code = '89556' limit 1), (select state_id from settlement where postal_code = '89556' limit 1));
INSERT INTO job_detail(id, version, base_salary, job_name, date_created, last_updated) VALUES('d24f533d-9213-4c88-8d4a-b5b27e73e129', 0, 4000.0, 'Operador', current_timestamp, current_timestamp);
INSERT INTO driver_license(id, version, antiqueness, date_created, last_updated, expedition, expiration, license_number, license_type) VALUES('9b3055c5-6ce9-45b9-b117-392255e0c0f4', 0, current_timestamp, current_timestamp, current_timestamp, current_timestamp, date('11/22/15'), 'TAMP304097', 'A');
INSERT INTO individual(id, version, address_id, date_created, last_name, last_updated, name, second_last_name, class, driver_license_id, email, employee_position_id, employee_type, job_detail_id, personal_data_id, employee_number) VALUES('275b4a97-4ac4-41da-be70-076f56e7d804', 0, '463ab9e7-a7f6-4583-a9ff-f183dbe0dd30', current_timestamp, 'HERNANDEZ', current_timestamp, 'ROMAN', 'AHUMADA', 'justcloud.tickets.domain.Employee', '9b3055c5-6ce9-45b9-b117-392255e0c0f4', '', 'operator-id', 'REGULAR_EMPLOYEE', 'd24f533d-9213-4c88-8d4a-b5b27e73e129', null, '1837');
INSERT INTO phone(id, version, date_created, last_updated, number, type) VALUES('c69edd41-ac62-479c-beb4-ad307294d3c8', 0, current_timestamp, current_timestamp, '8331580424', 'HOME');
INSERT INTO employee_phone(employee_phones_id, phone_id) VALUES('275b4a97-4ac4-41da-be70-076f56e7d804', 'c69edd41-ac62-479c-beb4-ad307294d3c8');
INSERT INTO address(id, version, address, date_created, last_updated, municipality_id, postal_code, settlement_id, state_id) VALUES('3259cff1-3e7b-4c49-a75d-e91a5eb47a55', 0, '30 DE MAYO 527', current_timestamp, current_timestamp, (select municipality_id from settlement where postal_code = '79050' limit 1), '79050', (select id from settlement where postal_code = '79050' limit 1), (select state_id from settlement where postal_code = '79050' limit 1));
INSERT INTO job_detail(id, version, base_salary, job_name, date_created, last_updated) VALUES('f113821b-5650-4e2b-8849-ffea0705a94c', 0, 4000.0, 'Operador', current_timestamp, current_timestamp);
INSERT INTO driver_license(id, version, antiqueness, date_created, last_updated, expedition, expiration, license_number, license_type) VALUES('d92da1a7-3faa-4c04-92bc-e0b3f51d4234', 0, current_timestamp, current_timestamp, current_timestamp, current_timestamp, date('7/9/15'), 'TAMP302227', 'A');
INSERT INTO individual(id, version, address_id, date_created, last_name, last_updated, name, second_last_name, class, driver_license_id, email, employee_position_id, employee_type, job_detail_id, personal_data_id, employee_number) VALUES('8b45b4b4-1f1f-4446-bfa4-9c1d54c16bd5', 0, '3259cff1-3e7b-4c49-a75d-e91a5eb47a55', current_timestamp, 'CASTILLO', current_timestamp, 'JOSE ANGEL', 'MARTINEZ', 'justcloud.tickets.domain.Employee', 'd92da1a7-3faa-4c04-92bc-e0b3f51d4234', '', 'operator-id', 'REGULAR_EMPLOYEE', 'f113821b-5650-4e2b-8849-ffea0705a94c', null, '1838');
INSERT INTO phone(id, version, date_created, last_updated, number, type) VALUES('026772d9-e564-4a2e-a183-dab22ee56c9f', 0, current_timestamp, current_timestamp, '9381560414', 'HOME');
INSERT INTO employee_phone(employee_phones_id, phone_id) VALUES('8b45b4b4-1f1f-4446-bfa4-9c1d54c16bd5', '026772d9-e564-4a2e-a183-dab22ee56c9f');
INSERT INTO address(id, version, address, date_created, last_updated, municipality_id, postal_code, settlement_id, state_id) VALUES('69971921-f47d-4a29-8de2-67aac9783ecb', 0, 'AVENIDA 16 DE SEPTIEMBRE S/N', current_timestamp, current_timestamp, (select municipality_id from settlement where postal_code = '55750' limit 1), '55750', (select id from settlement where postal_code = '55750' limit 1), (select state_id from settlement where postal_code = '55750' limit 1));
INSERT INTO job_detail(id, version, base_salary, job_name, date_created, last_updated) VALUES('f03e478d-00b8-4a7c-9815-b47a899df06e', 0, 4000.0, 'Operador', current_timestamp, current_timestamp);
INSERT INTO driver_license(id, version, antiqueness, date_created, last_updated, expedition, expiration, license_number, license_type) VALUES('ec9ba21e-b95e-4a25-bf3d-b220c0e9fac1', 0, current_timestamp, current_timestamp, current_timestamp, current_timestamp, date('8/19/16'), 'HGO06255', 'A');
INSERT INTO individual(id, version, address_id, date_created, last_name, last_updated, name, second_last_name, class, driver_license_id, email, employee_position_id, employee_type, job_detail_id, personal_data_id, employee_number) VALUES('7b360fbe-9d33-4515-88e7-56f804bdcde4', 0, '69971921-f47d-4a29-8de2-67aac9783ecb', current_timestamp, 'GUITIERREZ', current_timestamp, 'ERIC GUADALUPE', 'MARTINEZ', 'justcloud.tickets.domain.Employee', 'ec9ba21e-b95e-4a25-bf3d-b220c0e9fac1', '', 'operator-id', 'REGULAR_EMPLOYEE', 'f03e478d-00b8-4a7c-9815-b47a899df06e', null, '1842');
INSERT INTO phone(id, version, date_created, last_updated, number, type) VALUES('94f56368-4647-420b-9999-d7365a360766', 0, current_timestamp, current_timestamp, '5526601887', 'MOBILE');
INSERT INTO employee_phone(employee_phones_id, phone_id) VALUES('7b360fbe-9d33-4515-88e7-56f804bdcde4', '94f56368-4647-420b-9999-d7365a360766');
INSERT INTO address(id, version, address, date_created, last_updated, municipality_id, postal_code, settlement_id, state_id) VALUES('bcc00b3a-9079-4ceb-9fcc-d9d6b50b74a9', 0, 'REFORMA 11', current_timestamp, current_timestamp, (select municipality_id from settlement where postal_code = '56900' limit 1), '56900', (select id from settlement where postal_code = '56900' limit 1), (select state_id from settlement where postal_code = '56900' limit 1));
INSERT INTO job_detail(id, version, base_salary, job_name, date_created, last_updated) VALUES('008385f7-bb2f-4ac3-a1b0-fcd87fa2cd42', 0, 4000.0, 'Operador', current_timestamp, current_timestamp);
INSERT INTO driver_license(id, version, antiqueness, date_created, last_updated, expedition, expiration, license_number, license_type) VALUES('abc0a9f0-2a8f-4075-b9c5-2535181df3e3', 0, current_timestamp, current_timestamp, current_timestamp, current_timestamp, date('11/23/16'), 'OAX0101874', 'A');
INSERT INTO individual(id, version, address_id, date_created, last_name, last_updated, name, second_last_name, class, driver_license_id, email, employee_position_id, employee_type, job_detail_id, personal_data_id, employee_number) VALUES('ffa60904-68d2-47d0-8334-460a62c85933', 0, 'bcc00b3a-9079-4ceb-9fcc-d9d6b50b74a9', current_timestamp, 'QUIROZ', current_timestamp, 'RICARDO', 'ROJAS', 'justcloud.tickets.domain.Employee', 'abc0a9f0-2a8f-4075-b9c5-2535181df3e3', '', 'operator-id', 'REGULAR_EMPLOYEE', '008385f7-bb2f-4ac3-a1b0-fcd87fa2cd42', null, '1843');
INSERT INTO phone(id, version, date_created, last_updated, number, type) VALUES('3349cd0c-d12d-4763-a61e-c46714970ca8', 0, current_timestamp, current_timestamp, '5531074783', 'MOBILE');
INSERT INTO employee_phone(employee_phones_id, phone_id) VALUES('ffa60904-68d2-47d0-8334-460a62c85933', '3349cd0c-d12d-4763-a61e-c46714970ca8');
INSERT INTO address(id, version, address, date_created, last_updated, municipality_id, postal_code, settlement_id, state_id) VALUES('b40fbb91-d2d6-47f8-b2e1-60618b21a8cd', 0, 'ACACIA 209', current_timestamp, current_timestamp, (select municipality_id from settlement where postal_code = '95100' limit 1), '95100', (select id from settlement where postal_code = '95100' limit 1), (select state_id from settlement where postal_code = '95100' limit 1));
INSERT INTO job_detail(id, version, base_salary, job_name, date_created, last_updated) VALUES('d06ab956-0292-4170-8436-dd6ecf124467', 0, 4000.0, 'Operador', current_timestamp, current_timestamp);
INSERT INTO driver_license(id, version, antiqueness, date_created, last_updated, expedition, expiration, license_number, license_type) VALUES('e82af5f8-d3ff-443e-be10-c316e4f7e6a3', 0, current_timestamp, current_timestamp, current_timestamp, current_timestamp, date('4/20/17'), 'VER111250', 'A');
INSERT INTO individual(id, version, address_id, date_created, last_name, last_updated, name, second_last_name, class, driver_license_id, email, employee_position_id, employee_type, job_detail_id, personal_data_id, employee_number) VALUES('78b71b92-7d2d-4570-9471-42c5af00d083', 0, 'b40fbb91-d2d6-47f8-b2e1-60618b21a8cd', current_timestamp, 'RODRIGUEZ', current_timestamp, 'GABINO', 'OREA', 'justcloud.tickets.domain.Employee', 'e82af5f8-d3ff-443e-be10-c316e4f7e6a3', '', 'operator-id', 'REGULAR_EMPLOYEE', 'd06ab956-0292-4170-8436-dd6ecf124467', null, '1844');
INSERT INTO phone(id, version, date_created, last_updated, number, type) VALUES('71893932-15b7-4fae-9e9d-f20c2f1fde21', 0, current_timestamp, current_timestamp, '2741022072', 'HOME');
INSERT INTO employee_phone(employee_phones_id, phone_id) VALUES('78b71b92-7d2d-4570-9471-42c5af00d083', '71893932-15b7-4fae-9e9d-f20c2f1fde21');
INSERT INTO address(id, version, address, date_created, last_updated, municipality_id, postal_code, settlement_id, state_id) VALUES('7befffda-dc48-4229-90a6-07193028d74a', 0, 'ALFONSO AGUILAR ESQ 21 DE MARZO', current_timestamp, current_timestamp, (select municipality_id from settlement where postal_code = '92018' limit 1), '92018', (select id from settlement where postal_code = '92018' limit 1), (select state_id from settlement where postal_code = '92018' limit 1));
INSERT INTO job_detail(id, version, base_salary, job_name, date_created, last_updated) VALUES('0063cd6b-8861-4416-b215-c5d13885b866', 0, 4000.0, 'Operador', current_timestamp, current_timestamp);
INSERT INTO driver_license(id, version, antiqueness, date_created, last_updated, expedition, expiration, license_number, license_type) VALUES('23e97b3f-aca7-4bc4-8ca4-23bf65ac6bd3', 0, current_timestamp, current_timestamp, current_timestamp, current_timestamp, date('8/16/15'), 'TAMP310591', 'A');
INSERT INTO individual(id, version, address_id, date_created, last_name, last_updated, name, second_last_name, class, driver_license_id, email, employee_position_id, employee_type, job_detail_id, personal_data_id, employee_number) VALUES('3b5fbc30-ba16-43da-a2d1-7808ef0b38fb', 0, '7befffda-dc48-4229-90a6-07193028d74a', current_timestamp, 'OLGIN', current_timestamp, 'HILARIO', 'TORRES', 'justcloud.tickets.domain.Employee', '23e97b3f-aca7-4bc4-8ca4-23bf65ac6bd3', '', 'operator-id', 'REGULAR_EMPLOYEE', '0063cd6b-8861-4416-b215-c5d13885b866', null, '1847');
INSERT INTO address(id, version, address, date_created, last_updated, municipality_id, postal_code, settlement_id, state_id) VALUES('cff9eba9-9aec-4d02-bdef-1e8edbb4891b', 0, 'CANARIAS 156', current_timestamp, current_timestamp, (select municipality_id from settlement where postal_code = '89600' limit 1), '89600', (select id from settlement where postal_code = '89600' limit 1), (select state_id from settlement where postal_code = '89600' limit 1));
INSERT INTO job_detail(id, version, base_salary, job_name, date_created, last_updated) VALUES('b0dd5818-d7bc-4653-8870-81444ddfbc22', 0, 4000.0, 'Operador', current_timestamp, current_timestamp);
INSERT INTO driver_license(id, version, antiqueness, date_created, last_updated, expedition, expiration, license_number, license_type) VALUES('c69166e1-2345-4dd6-9902-5dd1c08c66a2', 0, current_timestamp, current_timestamp, current_timestamp, current_timestamp, date('1/19/16'), 'TAMP309285', 'A');
INSERT INTO individual(id, version, address_id, date_created, last_name, last_updated, name, second_last_name, class, driver_license_id, email, employee_position_id, employee_type, job_detail_id, personal_data_id, employee_number) VALUES('06dc44d5-af7d-4666-bf71-25ebe81e0c91', 0, 'cff9eba9-9aec-4d02-bdef-1e8edbb4891b', current_timestamp, 'DIAZ', current_timestamp, 'JUAN ENRIQUE', 'DEL ALGEL', 'justcloud.tickets.domain.Employee', 'c69166e1-2345-4dd6-9902-5dd1c08c66a2', '', 'operator-id', 'REGULAR_EMPLOYEE', 'b0dd5818-d7bc-4653-8870-81444ddfbc22', null, '1849');
INSERT INTO address(id, version, address, date_created, last_updated, municipality_id, postal_code, settlement_id, state_id) VALUES('6302fd74-3a93-4f9b-b064-ce80468820ad', 0, 'FRANCISCO VILLA S/N', current_timestamp, current_timestamp, (select municipality_id from settlement where postal_code = '92000' limit 1), '92000', (select id from settlement where postal_code = '92000' limit 1), (select state_id from settlement where postal_code = '92000' limit 1));
INSERT INTO job_detail(id, version, base_salary, job_name, date_created, last_updated) VALUES('4ff8f904-2988-4f57-9d8d-7b978be1087f', 0, 4000.0, 'Operador', current_timestamp, current_timestamp);
INSERT INTO driver_license(id, version, antiqueness, date_created, last_updated, expedition, expiration, license_number, license_type) VALUES('d1f579a3-b3d2-4151-b039-24ed665d0df0', 0, current_timestamp, current_timestamp, current_timestamp, current_timestamp, date('7/23/12'), 'TAMP306818', 'A');
INSERT INTO individual(id, version, address_id, date_created, last_name, last_updated, name, second_last_name, class, driver_license_id, email, employee_position_id, employee_type, job_detail_id, personal_data_id, employee_number) VALUES('ee622fab-9edf-4e67-922b-aa2b9bf3612c', 0, '6302fd74-3a93-4f9b-b064-ce80468820ad', current_timestamp, 'CRUZ', current_timestamp, 'EDMUNDO', 'MELLADO', 'justcloud.tickets.domain.Employee', 'd1f579a3-b3d2-4151-b039-24ed665d0df0', '', 'operator-id', 'REGULAR_EMPLOYEE', '4ff8f904-2988-4f57-9d8d-7b978be1087f', null, '1851');
INSERT INTO phone(id, version, date_created, last_updated, number, type) VALUES('6fcaf5a8-2b78-49cf-8325-adafb0170062', 0, current_timestamp, current_timestamp, '8333138375', 'MOBILE');
INSERT INTO employee_phone(employee_phones_id, phone_id) VALUES('ee622fab-9edf-4e67-922b-aa2b9bf3612c', '6fcaf5a8-2b78-49cf-8325-adafb0170062');
INSERT INTO address(id, version, address, date_created, last_updated, municipality_id, postal_code, settlement_id, state_id) VALUES('79dc7e9d-ccef-4de8-8720-7a1cb7979c96', 0, 'ANDADOR DIAMANTE EDIFICIO B DEPTO. 11', current_timestamp, current_timestamp, (select municipality_id from settlement where postal_code = '89344' limit 1), '89344', (select id from settlement where postal_code = '89344' limit 1), (select state_id from settlement where postal_code = '89344' limit 1));
INSERT INTO job_detail(id, version, base_salary, job_name, date_created, last_updated) VALUES('25145bb3-af49-4886-ac1e-d477f1fd5271', 0, 4000.0, 'Operador', current_timestamp, current_timestamp);
INSERT INTO driver_license(id, version, antiqueness, date_created, last_updated, expedition, expiration, license_number, license_type) VALUES('3996bd0c-c10c-4649-b3a3-2f9e65afb4b1', 0, current_timestamp, current_timestamp, current_timestamp, current_timestamp, date('7/17/17'), 'TAMP310343', 'A');
INSERT INTO individual(id, version, address_id, date_created, last_name, last_updated, name, second_last_name, class, driver_license_id, email, employee_position_id, employee_type, job_detail_id, personal_data_id, employee_number) VALUES('e668b227-4fbd-40e2-bd73-b55ee6f446c9', 0, '79dc7e9d-ccef-4de8-8720-7a1cb7979c96', current_timestamp, 'HERNANDEZ', current_timestamp, 'RAMON ERNESTO', 'RIVAS', 'justcloud.tickets.domain.Employee', '3996bd0c-c10c-4649-b3a3-2f9e65afb4b1', '', 'operator-id', 'REGULAR_EMPLOYEE', '25145bb3-af49-4886-ac1e-d477f1fd5271', null, '1859');
INSERT INTO phone(id, version, date_created, last_updated, number, type) VALUES('848d3ae4-363f-4365-b07f-182f4e54c2f8', 0, current_timestamp, current_timestamp, '8331354758', 'HOME');
INSERT INTO employee_phone(employee_phones_id, phone_id) VALUES('e668b227-4fbd-40e2-bd73-b55ee6f446c9', '848d3ae4-363f-4365-b07f-182f4e54c2f8');
INSERT INTO address(id, version, address, date_created, last_updated, municipality_id, postal_code, settlement_id, state_id) VALUES('6c367a9f-2d1a-4d83-96aa-cb64238a26d2', 0, 'VENUSTIANO CARRANZA No. 426 ALTOS A', current_timestamp, current_timestamp, (select municipality_id from settlement where postal_code = '89606' limit 1), '89606', (select id from settlement where postal_code = '89606' limit 1), (select state_id from settlement where postal_code = '89606' limit 1));
INSERT INTO job_detail(id, version, base_salary, job_name, date_created, last_updated) VALUES('8fe437d0-8f78-40b9-8bfc-e0b59a475192', 0, 4000.0, 'Operador', current_timestamp, current_timestamp);
INSERT INTO driver_license(id, version, antiqueness, date_created, last_updated, expedition, expiration, license_number, license_type) VALUES('0a42b0f3-df96-46e0-b58b-97c153a27e1a', 0, current_timestamp, current_timestamp, current_timestamp, current_timestamp, date('11/4/15'), 'TAMP312605', 'A');
INSERT INTO individual(id, version, address_id, date_created, last_name, last_updated, name, second_last_name, class, driver_license_id, email, employee_position_id, employee_type, job_detail_id, personal_data_id, employee_number) VALUES('e7051b4c-c60d-4723-8854-587798e43d7f', 0, '6c367a9f-2d1a-4d83-96aa-cb64238a26d2', current_timestamp, 'GARCIA', current_timestamp, 'ANGEL ESTEBAN', 'CRUZ', 'justcloud.tickets.domain.Employee', '0a42b0f3-df96-46e0-b58b-97c153a27e1a', '', 'operator-id', 'REGULAR_EMPLOYEE', '8fe437d0-8f78-40b9-8bfc-e0b59a475192', null, '1861');
INSERT INTO phone(id, version, date_created, last_updated, number, type) VALUES('9c8092ec-5299-414e-a68d-79fa0c81d638', 0, current_timestamp, current_timestamp, '8333184258', 'HOME');
INSERT INTO employee_phone(employee_phones_id, phone_id) VALUES('e7051b4c-c60d-4723-8854-587798e43d7f', '9c8092ec-5299-414e-a68d-79fa0c81d638');
INSERT INTO address(id, version, address, date_created, last_updated, municipality_id, postal_code, settlement_id, state_id) VALUES('cb5d9fed-f6e5-4d7a-bce2-49b7782b114f', 0, 'MORELOS No. 6', current_timestamp, current_timestamp, (select municipality_id from settlement where postal_code = '56646' limit 1), '56646', (select id from settlement where postal_code = '56646' limit 1), (select state_id from settlement where postal_code = '56646' limit 1));
INSERT INTO job_detail(id, version, base_salary, job_name, date_created, last_updated) VALUES('a0ca012f-9aa5-41d8-af02-ebdbc245cb80', 0, 4000.0, 'Operador', current_timestamp, current_timestamp);
INSERT INTO driver_license(id, version, antiqueness, date_created, last_updated, expedition, expiration, license_number, license_type) VALUES('249200e1-ef31-4d2b-8ad7-ee40a8cbca75', 0, current_timestamp, current_timestamp, current_timestamp, current_timestamp, date('7/18/16'), 'DF00112059', 'A');
INSERT INTO individual(id, version, address_id, date_created, last_name, last_updated, name, second_last_name, class, driver_license_id, email, employee_position_id, employee_type, job_detail_id, personal_data_id, employee_number) VALUES('80b36c4a-0b88-4067-b584-07aa858b8bdf', 0, 'cb5d9fed-f6e5-4d7a-bce2-49b7782b114f', current_timestamp, 'MORALES', current_timestamp, 'EFREN', 'MARTINEZ', 'justcloud.tickets.domain.Employee', '249200e1-ef31-4d2b-8ad7-ee40a8cbca75', '', 'operator-id', 'REGULAR_EMPLOYEE', 'a0ca012f-9aa5-41d8-af02-ebdbc245cb80', null, '1862');
INSERT INTO phone(id, version, date_created, last_updated, number, type) VALUES('4cc9e5c1-01c7-44df-9a53-71bfd144bab0', 0, current_timestamp, current_timestamp, '5528313553', 'HOME');
INSERT INTO employee_phone(employee_phones_id, phone_id) VALUES('80b36c4a-0b88-4067-b584-07aa858b8bdf', '4cc9e5c1-01c7-44df-9a53-71bfd144bab0');
INSERT INTO address(id, version, address, date_created, last_updated, municipality_id, postal_code, settlement_id, state_id) VALUES('d1a47761-d62f-43a3-9209-580b20f5aa2e', 0, 'CARRETERA ACUEDUCTO 123', current_timestamp, current_timestamp, (select municipality_id from settlement where postal_code = '52740' limit 1), '52740', (select id from settlement where postal_code = '52740' limit 1), (select state_id from settlement where postal_code = '52740' limit 1));
INSERT INTO job_detail(id, version, base_salary, job_name, date_created, last_updated) VALUES('9662286e-4f89-4757-a49e-7a0bb7a84315', 0, 4000.0, 'Operador', current_timestamp, current_timestamp);
INSERT INTO driver_license(id, version, antiqueness, date_created, last_updated, expedition, expiration, license_number, license_type) VALUES('61d55459-e68b-4573-b276-1f9a52ada443', 0, current_timestamp, current_timestamp, current_timestamp, current_timestamp, date('4/25/16'), 'EDOM021234', 'A');
INSERT INTO individual(id, version, address_id, date_created, last_name, last_updated, name, second_last_name, class, driver_license_id, email, employee_position_id, employee_type, job_detail_id, personal_data_id, employee_number) VALUES('d49f6a33-2e5e-422c-aa4b-91822421e0c5', 0, 'd1a47761-d62f-43a3-9209-580b20f5aa2e', current_timestamp, 'BARON', current_timestamp, 'RODOLFO', 'HERNANDEZ', 'justcloud.tickets.domain.Employee', '61d55459-e68b-4573-b276-1f9a52ada443', '', 'operator-id', 'REGULAR_EMPLOYEE', '9662286e-4f89-4757-a49e-7a0bb7a84315', null, '1876');
INSERT INTO address(id, version, address, date_created, last_updated, municipality_id, postal_code, settlement_id, state_id) VALUES('098c64fa-eea3-4a09-bc0c-b1aecf9d7797', 0, 'INTEGRACION SOCIAL 605', current_timestamp, current_timestamp, (select municipality_id from settlement where postal_code = '89314' limit 1), '89314', (select id from settlement where postal_code = '89314' limit 1), (select state_id from settlement where postal_code = '89314' limit 1));
INSERT INTO job_detail(id, version, base_salary, job_name, date_created, last_updated) VALUES('29d61237-1455-4e7a-a8d4-b9ae94068528', 0, 4000.0, 'Operador', current_timestamp, current_timestamp);
INSERT INTO driver_license(id, version, antiqueness, date_created, last_updated, expedition, expiration, license_number, license_type) VALUES('cc143249-eb27-467c-b259-f316ce48bdcf', 0, current_timestamp, current_timestamp, current_timestamp, current_timestamp, date('3/8/17'), 'TAMP309731', 'A');
INSERT INTO individual(id, version, address_id, date_created, last_name, last_updated, name, second_last_name, class, driver_license_id, email, employee_position_id, employee_type, job_detail_id, personal_data_id, employee_number) VALUES('fee4d2f6-ac1d-4925-8096-d2be0c5a136c', 0, '098c64fa-eea3-4a09-bc0c-b1aecf9d7797', current_timestamp, 'CRUZ', current_timestamp, 'MARTIN', 'MANCILLA', 'justcloud.tickets.domain.Employee', 'cc143249-eb27-467c-b259-f316ce48bdcf', '', 'operator-id', 'REGULAR_EMPLOYEE', '29d61237-1455-4e7a-a8d4-b9ae94068528', null, '1877');
INSERT INTO address(id, version, address, date_created, last_updated, municipality_id, postal_code, settlement_id, state_id) VALUES('412df280-d2d2-467b-82c3-c9559cd1a5d6', 0, 'EMILIANO ZAPATA 920', current_timestamp, current_timestamp, (select municipality_id from settlement where postal_code = '79092' limit 1), '79092', (select id from settlement where postal_code = '79092' limit 1), (select state_id from settlement where postal_code = '79092' limit 1));
INSERT INTO job_detail(id, version, base_salary, job_name, date_created, last_updated) VALUES('07bd1842-9ede-4bee-96ff-9fcbb8b916f5', 0, 4000.0, 'Operador', current_timestamp, current_timestamp);
INSERT INTO driver_license(id, version, antiqueness, date_created, last_updated, expedition, expiration, license_number, license_type) VALUES('e4b2b33e-d61f-4232-a440-cbe4bf7aaaaa', 0, current_timestamp, current_timestamp, current_timestamp, current_timestamp, date('7/26/16'), 'TAMP308863', 'A');
INSERT INTO individual(id, version, address_id, date_created, last_name, last_updated, name, second_last_name, class, driver_license_id, email, employee_position_id, employee_type, job_detail_id, personal_data_id, employee_number) VALUES('0efd87fd-022c-47f1-a89b-151ada7eb99b', 0, '412df280-d2d2-467b-82c3-c9559cd1a5d6', current_timestamp, 'GARCIA', current_timestamp, 'SELEDONIO', 'PEREZ', 'justcloud.tickets.domain.Employee', 'e4b2b33e-d61f-4232-a440-cbe4bf7aaaaa', '', 'operator-id', 'REGULAR_EMPLOYEE', '07bd1842-9ede-4bee-96ff-9fcbb8b916f5', null, '1878');
INSERT INTO address(id, version, address, date_created, last_updated, municipality_id, postal_code, settlement_id, state_id) VALUES('10ba63bb-d0d9-4756-b1f3-bd1d1780968e', 0, 'LIMON 507', current_timestamp, current_timestamp, (select municipality_id from settlement where postal_code = '89603' limit 1), '89603', (select id from settlement where postal_code = '89603' limit 1), (select state_id from settlement where postal_code = '89603' limit 1));
INSERT INTO job_detail(id, version, base_salary, job_name, date_created, last_updated) VALUES('3d996717-3e9d-4ba0-a28a-13cbfc629ef0', 0, 4000.0, 'Operador', current_timestamp, current_timestamp);
INSERT INTO driver_license(id, version, antiqueness, date_created, last_updated, expedition, expiration, license_number, license_type) VALUES('7f4c8c90-acbc-48b3-88b6-60ecb62f7782', 0, current_timestamp, current_timestamp, current_timestamp, current_timestamp, date('4/28/16'), 'TAMP311918', 'A');
INSERT INTO individual(id, version, address_id, date_created, last_name, last_updated, name, second_last_name, class, driver_license_id, email, employee_position_id, employee_type, job_detail_id, personal_data_id, employee_number) VALUES('bddbd4ae-9917-4475-825e-efc7c5f7bdb6', 0, '10ba63bb-d0d9-4756-b1f3-bd1d1780968e', current_timestamp, 'GARCIA', current_timestamp, 'FRANCISCO ARMANDO', 'SERVIN', 'justcloud.tickets.domain.Employee', '7f4c8c90-acbc-48b3-88b6-60ecb62f7782', '', 'operator-id', 'REGULAR_EMPLOYEE', '3d996717-3e9d-4ba0-a28a-13cbfc629ef0', null, '1879');
INSERT INTO address(id, version, address, date_created, last_updated, municipality_id, postal_code, settlement_id, state_id) VALUES('5c929304-8fe5-49c4-89c4-ddfebacd0130', 0, 'UNIVERSIDAD DE GUANAJUATO 209', current_timestamp, current_timestamp, (select municipality_id from settlement where postal_code = '89336' limit 1), '89336', (select id from settlement where postal_code = '89336' limit 1), (select state_id from settlement where postal_code = '89336' limit 1));
INSERT INTO job_detail(id, version, base_salary, job_name, date_created, last_updated) VALUES('2063cb88-187b-4b3c-8e98-e5abcfc218c5', 0, 4000.0, 'Operador', current_timestamp, current_timestamp);
INSERT INTO driver_license(id, version, antiqueness, date_created, last_updated, expedition, expiration, license_number, license_type) VALUES('d256f6a2-6712-4b85-8777-224caf342ab2', 0, current_timestamp, current_timestamp, current_timestamp, current_timestamp, date('8/30/17'), 'TAMP310229', 'A');
INSERT INTO individual(id, version, address_id, date_created, last_name, last_updated, name, second_last_name, class, driver_license_id, email, employee_position_id, employee_type, job_detail_id, personal_data_id, employee_number) VALUES('fc002676-9fac-43a1-8759-0130706e9b97', 0, '5c929304-8fe5-49c4-89c4-ddfebacd0130', current_timestamp, 'JARA', current_timestamp, 'JUAN FRANCISCO', 'LOPEZ', 'justcloud.tickets.domain.Employee', 'd256f6a2-6712-4b85-8777-224caf342ab2', '', 'operator-id', 'REGULAR_EMPLOYEE', '2063cb88-187b-4b3c-8e98-e5abcfc218c5', null, '1880');
INSERT INTO address(id, version, address, date_created, last_updated, municipality_id, postal_code, settlement_id, state_id) VALUES('c19ec480-423d-485e-b25e-36245d6f4233', 0, '14 No. 500 DEPTO. B', current_timestamp, current_timestamp, (select municipality_id from settlement where postal_code = '89550' limit 1), '89550', (select id from settlement where postal_code = '89550' limit 1), (select state_id from settlement where postal_code = '89550' limit 1));
INSERT INTO job_detail(id, version, base_salary, job_name, date_created, last_updated) VALUES('906fb345-503e-405a-9ebd-824c1e70a31c', 0, 4000.0, 'Operador', current_timestamp, current_timestamp);
INSERT INTO driver_license(id, version, antiqueness, date_created, last_updated, expedition, expiration, license_number, license_type) VALUES('eb0a2d90-455d-4c93-9b23-9758c56b8720', 0, current_timestamp, current_timestamp, current_timestamp, current_timestamp, date('1/2/17'), 'TAMP311594', 'A');
INSERT INTO individual(id, version, address_id, date_created, last_name, last_updated, name, second_last_name, class, driver_license_id, email, employee_position_id, employee_type, job_detail_id, personal_data_id, employee_number) VALUES('32135787-e390-41a7-92e3-60084cccb30d', 0, 'c19ec480-423d-485e-b25e-36245d6f4233', current_timestamp, 'MARTINEZ', current_timestamp, 'JULIO CESAR', 'GUEVARA', 'justcloud.tickets.domain.Employee', 'eb0a2d90-455d-4c93-9b23-9758c56b8720', '', 'operator-id', 'REGULAR_EMPLOYEE', '906fb345-503e-405a-9ebd-824c1e70a31c', null, '1881');
INSERT INTO address(id, version, address, date_created, last_updated, municipality_id, postal_code, settlement_id, state_id) VALUES('afb46411-0b83-4e9b-b16f-308fb30dad92', 0, 'LEYES DE REFORMA 401-A PONIENTE', current_timestamp, current_timestamp, (select municipality_id from settlement where postal_code = '89858' limit 1), '89858', (select id from settlement where postal_code = '89858' limit 1), (select state_id from settlement where postal_code = '89858' limit 1));
INSERT INTO job_detail(id, version, base_salary, job_name, date_created, last_updated) VALUES('7e443bbf-574b-4c31-a8ee-a8d766c3dd65', 0, 4000.0, 'Operador', current_timestamp, current_timestamp);
INSERT INTO driver_license(id, version, antiqueness, date_created, last_updated, expedition, expiration, license_number, license_type) VALUES('d4a2b5e4-bb52-487a-972d-4f5ef4d5aba4', 0, current_timestamp, current_timestamp, current_timestamp, current_timestamp, date('8/31/16'), 'TAMP104479', 'A');
INSERT INTO individual(id, version, address_id, date_created, last_name, last_updated, name, second_last_name, class, driver_license_id, email, employee_position_id, employee_type, job_detail_id, personal_data_id, employee_number) VALUES('623721a0-5b2e-45cd-9b38-854aef020051', 0, 'afb46411-0b83-4e9b-b16f-308fb30dad92', current_timestamp, 'MARTINEZ', current_timestamp, 'JESUS', 'SOLANO', 'justcloud.tickets.domain.Employee', 'd4a2b5e4-bb52-487a-972d-4f5ef4d5aba4', '', 'operator-id', 'REGULAR_EMPLOYEE', '7e443bbf-574b-4c31-a8ee-a8d766c3dd65', null, '1882');
INSERT INTO address(id, version, address, date_created, last_updated, municipality_id, postal_code, settlement_id, state_id) VALUES('b08e850f-a5f8-4214-98fe-f569288965fe', 0, 'ANZUELO 209 DEPTO. B', current_timestamp, current_timestamp, (select municipality_id from settlement where postal_code = '89600' limit 1), '89600', (select id from settlement where postal_code = '89600' limit 1), (select state_id from settlement where postal_code = '89600' limit 1));
INSERT INTO job_detail(id, version, base_salary, job_name, date_created, last_updated) VALUES('07e29f66-008a-4600-bd4d-9d8ad9a62fe5', 0, 4000.0, 'Operador', current_timestamp, current_timestamp);
INSERT INTO driver_license(id, version, antiqueness, date_created, last_updated, expedition, expiration, license_number, license_type) VALUES('0bf79193-1e23-4abb-bf0a-62694539bb6b', 0, current_timestamp, current_timestamp, current_timestamp, current_timestamp, date('7/14/15'), 'TAMP311475', 'A');
INSERT INTO individual(id, version, address_id, date_created, last_name, last_updated, name, second_last_name, class, driver_license_id, email, employee_position_id, employee_type, job_detail_id, personal_data_id, employee_number) VALUES('63eae7ff-6dd8-4f04-9709-e1f117d67ed7', 0, 'b08e850f-a5f8-4214-98fe-f569288965fe', current_timestamp, 'ORTEGA', current_timestamp, 'BERNARDINO', 'MORALES', 'justcloud.tickets.domain.Employee', '0bf79193-1e23-4abb-bf0a-62694539bb6b', '', 'operator-id', 'REGULAR_EMPLOYEE', '07e29f66-008a-4600-bd4d-9d8ad9a62fe5', null, '1883');
INSERT INTO address(id, version, address, date_created, last_updated, municipality_id, postal_code, settlement_id, state_id) VALUES('c62ffb3a-bfcb-4436-909e-487b0f001fef', 0, 'JUAN ALDAMA 116', current_timestamp, current_timestamp, (select municipality_id from settlement where postal_code = '89290' limit 1), '89290', (select id from settlement where postal_code = '89290' limit 1), (select state_id from settlement where postal_code = '89290' limit 1));
INSERT INTO job_detail(id, version, base_salary, job_name, date_created, last_updated) VALUES('91eb7b88-34db-4ce5-bfaf-a89511ff878f', 0, 4000.0, 'Operador', current_timestamp, current_timestamp);
INSERT INTO driver_license(id, version, antiqueness, date_created, last_updated, expedition, expiration, license_number, license_type) VALUES('674a90a3-a1cd-4d27-96d7-50acc58ee872', 0, current_timestamp, current_timestamp, current_timestamp, current_timestamp, date('3/22/17'), 'TAMP310439', 'A');
INSERT INTO individual(id, version, address_id, date_created, last_name, last_updated, name, second_last_name, class, driver_license_id, email, employee_position_id, employee_type, job_detail_id, personal_data_id, employee_number) VALUES('ebbdfeb9-6469-4340-8d8e-5855ea6d0e8a', 0, 'c62ffb3a-bfcb-4436-909e-487b0f001fef', current_timestamp, 'CASTILLO', current_timestamp, 'FERNANDO', 'RUIZ', 'justcloud.tickets.domain.Employee', '674a90a3-a1cd-4d27-96d7-50acc58ee872', '', 'operator-id', 'REGULAR_EMPLOYEE', '91eb7b88-34db-4ce5-bfaf-a89511ff878f', null, '1884');
INSERT INTO address(id, version, address, date_created, last_updated, municipality_id, postal_code, settlement_id, state_id) VALUES('86d018d0-3159-4d71-8186-5a09ee463ec7', 0, 'CHAMIZAL S/N', current_timestamp, current_timestamp, (select municipality_id from settlement where postal_code = '93260' limit 1), '93260', (select id from settlement where postal_code = '93260' limit 1), (select state_id from settlement where postal_code = '93260' limit 1));
INSERT INTO job_detail(id, version, base_salary, job_name, date_created, last_updated) VALUES('e30d0e0e-274e-479c-8c6a-32af09e4987c', 0, 4000.0, 'Operador', current_timestamp, current_timestamp);
INSERT INTO driver_license(id, version, antiqueness, date_created, last_updated, expedition, expiration, license_number, license_type) VALUES('1b9f5797-6e70-4f73-a197-c1cf93836dba', 0, current_timestamp, current_timestamp, current_timestamp, current_timestamp, date('8/31/17'), 'VER0205829', 'A');
INSERT INTO individual(id, version, address_id, date_created, last_name, last_updated, name, second_last_name, class, driver_license_id, email, employee_position_id, employee_type, job_detail_id, personal_data_id, employee_number) VALUES('33d4d022-dcc4-47c9-9863-2a2be99e04af', 0, '86d018d0-3159-4d71-8186-5a09ee463ec7', current_timestamp, 'APARICIO', current_timestamp, 'ELEASIB', 'ALMARAZ', 'justcloud.tickets.domain.Employee', '1b9f5797-6e70-4f73-a197-c1cf93836dba', '', 'operator-id', 'REGULAR_EMPLOYEE', 'e30d0e0e-274e-479c-8c6a-32af09e4987c', null, '1888');
INSERT INTO phone(id, version, date_created, last_updated, number, type) VALUES('978d2fda-3314-4f45-8ddf-78e7c3aad20e', 0, current_timestamp, current_timestamp, '7821266373', 'HOME');
INSERT INTO employee_phone(employee_phones_id, phone_id) VALUES('33d4d022-dcc4-47c9-9863-2a2be99e04af', '978d2fda-3314-4f45-8ddf-78e7c3aad20e');
INSERT INTO address(id, version, address, date_created, last_updated, municipality_id, postal_code, settlement_id, state_id) VALUES('ee4f0260-7847-4d67-8e06-8e55dec37420', 0, 'INDEPENDENCIA, EJIDO ALVARO OBREGON', current_timestamp, current_timestamp, (select municipality_id from settlement where postal_code = '79260' limit 1), '79260', (select id from settlement where postal_code = '79260' limit 1), (select state_id from settlement where postal_code = '79260' limit 1));
INSERT INTO job_detail(id, version, base_salary, job_name, date_created, last_updated) VALUES('9b26c8f7-dc7b-4d20-a58d-8c5f29fd1a62', 0, 4000.0, 'Operador', current_timestamp, current_timestamp);
INSERT INTO driver_license(id, version, antiqueness, date_created, last_updated, expedition, expiration, license_number, license_type) VALUES('8dcf1ca6-0cc8-40f9-b9a0-b3841d302b18', 0, current_timestamp, current_timestamp, current_timestamp, current_timestamp, date('3/16/16'), 'TAMP306698', 'A');
INSERT INTO individual(id, version, address_id, date_created, last_name, last_updated, name, second_last_name, class, driver_license_id, email, employee_position_id, employee_type, job_detail_id, personal_data_id, employee_number) VALUES('9a7f716f-e58d-46c7-933c-9d045d4b77af', 0, 'ee4f0260-7847-4d67-8e06-8e55dec37420', current_timestamp, 'NIÑO', current_timestamp, 'RAFAEL', 'AGUILAR', 'justcloud.tickets.domain.Employee', '8dcf1ca6-0cc8-40f9-b9a0-b3841d302b18', '', 'operator-id', 'REGULAR_EMPLOYEE', '9b26c8f7-dc7b-4d20-a58d-8c5f29fd1a62', null, '1889');
INSERT INTO phone(id, version, date_created, last_updated, number, type) VALUES('5c649f00-9205-436b-a5d7-ba1029c1a27f', 0, current_timestamp, current_timestamp, '4811118143', 'HOME');
INSERT INTO employee_phone(employee_phones_id, phone_id) VALUES('9a7f716f-e58d-46c7-933c-9d045d4b77af', '5c649f00-9205-436b-a5d7-ba1029c1a27f');
INSERT INTO address(id, version, address, date_created, last_updated, municipality_id, postal_code, settlement_id, state_id) VALUES('7d3bedb8-d757-455e-92bb-4e27307bff2b', 0, 'ELIAS CALLES 101', current_timestamp, current_timestamp, (select municipality_id from settlement where postal_code = '89600' limit 1), '89600', (select id from settlement where postal_code = '89600' limit 1), (select state_id from settlement where postal_code = '89600' limit 1));
INSERT INTO job_detail(id, version, base_salary, job_name, date_created, last_updated) VALUES('f9ae1432-071f-4076-a7bd-a896a91fdb64', 0, 4000.0, 'Operador', current_timestamp, current_timestamp);
INSERT INTO driver_license(id, version, antiqueness, date_created, last_updated, expedition, expiration, license_number, license_type) VALUES('65442b79-7b80-46a7-bcb9-66876c384f22', 0, current_timestamp, current_timestamp, current_timestamp, current_timestamp, date('11/23/16'), 'TAMP310320', 'A');
INSERT INTO individual(id, version, address_id, date_created, last_name, last_updated, name, second_last_name, class, driver_license_id, email, employee_position_id, employee_type, job_detail_id, personal_data_id, employee_number) VALUES('80cea3d6-a038-4d3d-a1ce-cc133281dad8', 0, '7d3bedb8-d757-455e-92bb-4e27307bff2b', current_timestamp, 'HERNANDEZ', current_timestamp, 'HECTOR', 'BONILLA', 'justcloud.tickets.domain.Employee', '65442b79-7b80-46a7-bcb9-66876c384f22', '', 'operator-id', 'REGULAR_EMPLOYEE', 'f9ae1432-071f-4076-a7bd-a896a91fdb64', null, '1891');
INSERT INTO phone(id, version, date_created, last_updated, number, type) VALUES('25e3598e-8c11-4345-942e-55a69ada0d11', 0, current_timestamp, current_timestamp, '8331522382', 'HOME');
INSERT INTO employee_phone(employee_phones_id, phone_id) VALUES('80cea3d6-a038-4d3d-a1ce-cc133281dad8', '25e3598e-8c11-4345-942e-55a69ada0d11');
INSERT INTO address(id, version, address, date_created, last_updated, municipality_id, postal_code, settlement_id, state_id) VALUES('58f1ce9f-d210-469b-ad66-e750613f53d9', 0, 'ANDADOR LA PAZ 98', current_timestamp, current_timestamp, (select municipality_id from settlement where postal_code = '24080' limit 1), '24080', (select id from settlement where postal_code = '24080' limit 1), (select state_id from settlement where postal_code = '24080' limit 1));
INSERT INTO job_detail(id, version, base_salary, job_name, date_created, last_updated) VALUES('8cb0036e-7a80-41c1-a560-d823df9bab5d', 0, 4000.0, 'Operador', current_timestamp, current_timestamp);
INSERT INTO driver_license(id, version, antiqueness, date_created, last_updated, expedition, expiration, license_number, license_type) VALUES('ae524915-2db2-4ab3-bf66-702a8d63248a', 0, current_timestamp, current_timestamp, current_timestamp, current_timestamp, date('7/15/15'), 'CAMP001140', 'A');
INSERT INTO individual(id, version, address_id, date_created, last_name, last_updated, name, second_last_name, class, driver_license_id, email, employee_position_id, employee_type, job_detail_id, personal_data_id, employee_number) VALUES('bdec49dc-71cf-41bd-8030-2b71149e1f9b', 0, '58f1ce9f-d210-469b-ad66-e750613f53d9', current_timestamp, 'HERNANDEZ', current_timestamp, 'FELIX ENRIQUE', 'MENDEZ', 'justcloud.tickets.domain.Employee', 'ae524915-2db2-4ab3-bf66-702a8d63248a', '', 'operator-id', 'REGULAR_EMPLOYEE', '8cb0036e-7a80-41c1-a560-d823df9bab5d', null, '1893');
INSERT INTO phone(id, version, date_created, last_updated, number, type) VALUES('790a6a37-716b-4800-bc6f-97c6ca9cdca2', 0, current_timestamp, current_timestamp, '9981708624', 'HOME');
INSERT INTO employee_phone(employee_phones_id, phone_id) VALUES('bdec49dc-71cf-41bd-8030-2b71149e1f9b', '790a6a37-716b-4800-bc6f-97c6ca9cdca2');
INSERT INTO address(id, version, address, date_created, last_updated, municipality_id, postal_code, settlement_id, state_id) VALUES('2369ee24-6799-499f-aeb5-65e543e202a4', 0, 'LAS GRANJAS 22', current_timestamp, current_timestamp, (select municipality_id from settlement where postal_code = '94273' limit 1), '94273', (select id from settlement where postal_code = '94273' limit 1), (select state_id from settlement where postal_code = '94273' limit 1));
INSERT INTO job_detail(id, version, base_salary, job_name, date_created, last_updated) VALUES('4cf356f0-5f06-4733-a8fa-bcaa5af27ee3', 0, 4000.0, 'Operador', current_timestamp, current_timestamp);
INSERT INTO driver_license(id, version, antiqueness, date_created, last_updated, expedition, expiration, license_number, license_type) VALUES('1cee3729-1297-426b-b3aa-8771e4f161ff', 0, current_timestamp, current_timestamp, current_timestamp, current_timestamp, date('4/11/17'), 'VER0109630', 'A');
INSERT INTO individual(id, version, address_id, date_created, last_name, last_updated, name, second_last_name, class, driver_license_id, email, employee_position_id, employee_type, job_detail_id, personal_data_id, employee_number) VALUES('18ea52b3-38ec-4321-8a2e-83e111e3d1dc', 0, '2369ee24-6799-499f-aeb5-65e543e202a4', current_timestamp, 'MORALES', current_timestamp, 'CRUZ', 'PALMEROS', 'justcloud.tickets.domain.Employee', '1cee3729-1297-426b-b3aa-8771e4f161ff', '', 'operator-id', 'REGULAR_EMPLOYEE', '4cf356f0-5f06-4733-a8fa-bcaa5af27ee3', null, '1894');
INSERT INTO phone(id, version, date_created, last_updated, number, type) VALUES('fd895271-d14d-40b2-b53f-f2b29ed382b1', 0, current_timestamp, current_timestamp, '2292072841', 'HOME');
INSERT INTO employee_phone(employee_phones_id, phone_id) VALUES('18ea52b3-38ec-4321-8a2e-83e111e3d1dc', 'fd895271-d14d-40b2-b53f-f2b29ed382b1');
INSERT INTO address(id, version, address, date_created, last_updated, municipality_id, postal_code, settlement_id, state_id) VALUES('3ccaedc0-8108-453c-8de6-7e0f719ea056', 0, '5 DE MAYO 1801 SUR', current_timestamp, current_timestamp, (select municipality_id from settlement where postal_code = '89490' limit 1), '89490', (select id from settlement where postal_code = '89490' limit 1), (select state_id from settlement where postal_code = '89490' limit 1));
INSERT INTO job_detail(id, version, base_salary, job_name, date_created, last_updated) VALUES('7c2688c5-b78a-4130-bd54-abf46a360497', 0, 4000.0, 'Operador', current_timestamp, current_timestamp);
INSERT INTO driver_license(id, version, antiqueness, date_created, last_updated, expedition, expiration, license_number, license_type) VALUES('7e76cf0d-6c5e-45ac-883e-17c3d98e3434', 0, current_timestamp, current_timestamp, current_timestamp, current_timestamp, date('6/13/15'), 'NVOL24092', 'A');
INSERT INTO individual(id, version, address_id, date_created, last_name, last_updated, name, second_last_name, class, driver_license_id, email, employee_position_id, employee_type, job_detail_id, personal_data_id, employee_number) VALUES('e4d24ae3-365f-4d08-8fe5-9e105ccdf4a7', 0, '3ccaedc0-8108-453c-8de6-7e0f719ea056', current_timestamp, 'ZAVALA', current_timestamp, 'JOSE GUADALUPE', 'MORALES', 'justcloud.tickets.domain.Employee', '7e76cf0d-6c5e-45ac-883e-17c3d98e3434', '', 'operator-id', 'REGULAR_EMPLOYEE', '7c2688c5-b78a-4130-bd54-abf46a360497', null, '1892');
INSERT INTO phone(id, version, date_created, last_updated, number, type) VALUES('3d51aca8-9ad2-4145-af38-655e343a4bb9', 0, current_timestamp, current_timestamp, '8311172672', 'HOME');
INSERT INTO employee_phone(employee_phones_id, phone_id) VALUES('e4d24ae3-365f-4d08-8fe5-9e105ccdf4a7', '3d51aca8-9ad2-4145-af38-655e343a4bb9');
INSERT INTO address(id, version, address, date_created, last_updated, municipality_id, postal_code, settlement_id, state_id) VALUES('179a1678-dac8-44e3-bfeb-84cfce04ac92', 0, 'R.L. CARMELITAS 2 MANZ. LXXIII, LOTE 20 CON 31 INT. 5', current_timestamp, current_timestamp, (select municipality_id from settlement where postal_code = '55740' limit 1), '55740', (select id from settlement where postal_code = '55740' limit 1), (select state_id from settlement where postal_code = '55740' limit 1));
INSERT INTO job_detail(id, version, base_salary, job_name, date_created, last_updated) VALUES('5313489b-eccd-4e9a-aa2f-a18db9239f41', 0, 4000.0, 'Operador', current_timestamp, current_timestamp);
INSERT INTO driver_license(id, version, antiqueness, date_created, last_updated, expedition, expiration, license_number, license_type) VALUES('2bb52369-21c3-4fa6-bac2-1456a4007591', 0, current_timestamp, current_timestamp, current_timestamp, current_timestamp, date('2/14/16'), 'DF00117944', 'A');
INSERT INTO individual(id, version, address_id, date_created, last_name, last_updated, name, second_last_name, class, driver_license_id, email, employee_position_id, employee_type, job_detail_id, personal_data_id, employee_number) VALUES('e8799ec4-7e27-4e36-8735-6ba3765343dd', 0, '179a1678-dac8-44e3-bfeb-84cfce04ac92', current_timestamp, 'GUTIERREZ', current_timestamp, 'JOSE LUIS', 'MACORRA', 'justcloud.tickets.domain.Employee', '2bb52369-21c3-4fa6-bac2-1456a4007591', '', 'operator-id', 'REGULAR_EMPLOYEE', '5313489b-eccd-4e9a-aa2f-a18db9239f41', null, '1895');
INSERT INTO phone(id, version, date_created, last_updated, number, type) VALUES('da020624-1af5-43c4-b0c9-999068e91871', 0, current_timestamp, current_timestamp, '5511507952', 'HOME');
INSERT INTO employee_phone(employee_phones_id, phone_id) VALUES('e8799ec4-7e27-4e36-8735-6ba3765343dd', 'da020624-1af5-43c4-b0c9-999068e91871');
INSERT INTO address(id, version, address, date_created, last_updated, municipality_id, postal_code, settlement_id, state_id) VALUES('bf0952dc-bac4-424c-b5ad-2611e5d086a8', 0, 'PLAZA DE TOROS No.  12', current_timestamp, current_timestamp, (select municipality_id from settlement where postal_code = '94270' limit 1), '94270', (select id from settlement where postal_code = '94270' limit 1), (select state_id from settlement where postal_code = '94270' limit 1));
INSERT INTO job_detail(id, version, base_salary, job_name, date_created, last_updated) VALUES('befd5ff7-6aa9-489d-9ba1-8ae46d9e67d8', 0, 4000.0, 'Operador', current_timestamp, current_timestamp);
INSERT INTO driver_license(id, version, antiqueness, date_created, last_updated, expedition, expiration, license_number, license_type) VALUES('3ef357bc-3909-4ee9-95bb-741708611f23', 0, current_timestamp, current_timestamp, current_timestamp, current_timestamp, date('1/26/18'), 'VER0205364', 'A');
INSERT INTO individual(id, version, address_id, date_created, last_name, last_updated, name, second_last_name, class, driver_license_id, email, employee_position_id, employee_type, job_detail_id, personal_data_id, employee_number) VALUES('5faecd91-6e0c-42ec-b6cb-7d6c557ac399', 0, 'bf0952dc-bac4-424c-b5ad-2611e5d086a8', current_timestamp, 'BARRADAS', current_timestamp, 'MARTIN', 'BELTRAN', 'justcloud.tickets.domain.Employee', '3ef357bc-3909-4ee9-95bb-741708611f23', '', 'operator-id', 'REGULAR_EMPLOYEE', 'befd5ff7-6aa9-489d-9ba1-8ae46d9e67d8', null, '1911');
INSERT INTO phone(id, version, date_created, last_updated, number, type) VALUES('e9454515-6a30-43be-a164-aa8589d6e73a', 0, current_timestamp, current_timestamp, '782 1161632', 'MOBILE');
INSERT INTO employee_phone(employee_phones_id, phone_id) VALUES('5faecd91-6e0c-42ec-b6cb-7d6c557ac399', 'e9454515-6a30-43be-a164-aa8589d6e73a');
INSERT INTO address(id, version, address, date_created, last_updated, municipality_id, postal_code, settlement_id, state_id) VALUES('3fab2ccd-24dd-4bc6-9379-776e1338f76f', 0, 'MANZANA 14 LOTE 25 CASA 19', current_timestamp, current_timestamp, (select municipality_id from settlement where postal_code = '55710' limit 1), '55710', (select id from settlement where postal_code = '55710' limit 1), (select state_id from settlement where postal_code = '55710' limit 1));
INSERT INTO job_detail(id, version, base_salary, job_name, date_created, last_updated) VALUES('9e39c9a7-fcd3-439e-8f53-41456b3fcc03', 0, 4000.0, 'Operador', current_timestamp, current_timestamp);
INSERT INTO driver_license(id, version, antiqueness, date_created, last_updated, expedition, expiration, license_number, license_type) VALUES('74fe4046-4a29-4c0d-9fe6-ceb353512614', 0, current_timestamp, current_timestamp, current_timestamp, current_timestamp, date('2/25/16'), 'MICH202571', 'A');
INSERT INTO individual(id, version, address_id, date_created, last_name, last_updated, name, second_last_name, class, driver_license_id, email, employee_position_id, employee_type, job_detail_id, personal_data_id, employee_number) VALUES('641bba4f-adbd-4077-bd0d-d1adb6c46e31', 0, '3fab2ccd-24dd-4bc6-9379-776e1338f76f', current_timestamp, 'GARCIA', current_timestamp, 'MIGUEL', 'ANAYA', 'justcloud.tickets.domain.Employee', '74fe4046-4a29-4c0d-9fe6-ceb353512614', '', 'operator-id', 'REGULAR_EMPLOYEE', '9e39c9a7-fcd3-439e-8f53-41456b3fcc03', null, '1912');
INSERT INTO phone(id, version, date_created, last_updated, number, type) VALUES('107a05f4-2284-4686-bfc5-33f21f6aaa13', 0, current_timestamp, current_timestamp, '5558799489', 'HOME');
INSERT INTO employee_phone(employee_phones_id, phone_id) VALUES('641bba4f-adbd-4077-bd0d-d1adb6c46e31', '107a05f4-2284-4686-bfc5-33f21f6aaa13');
INSERT INTO phone(id, version, date_created, last_updated, number, type) VALUES('e9a809ab-c8dc-4831-bc02-900bf2b310d4', 0, current_timestamp, current_timestamp, '5521971268', 'MOBILE');
INSERT INTO employee_phone(employee_phones_id, phone_id) VALUES('641bba4f-adbd-4077-bd0d-d1adb6c46e31', 'e9a809ab-c8dc-4831-bc02-900bf2b310d4');
INSERT INTO address(id, version, address, date_created, last_updated, municipality_id, postal_code, settlement_id, state_id) VALUES('4d509f84-0d0a-43f7-9ee8-230fd82f8bb6', 0, 'DOMICILIO CONOCIDO', current_timestamp, current_timestamp, (select municipality_id from settlement where postal_code = '97917' limit 1), '97917', (select id from settlement where postal_code = '97917' limit 1), (select state_id from settlement where postal_code = '97917' limit 1));
INSERT INTO job_detail(id, version, base_salary, job_name, date_created, last_updated) VALUES('9403f4eb-4749-4e6e-abd6-2629e2fdbb16', 0, 4000.0, 'Operador', current_timestamp, current_timestamp);
INSERT INTO driver_license(id, version, antiqueness, date_created, last_updated, expedition, expiration, license_number, license_type) VALUES('ee3e2333-1ed5-4c8e-be14-a32410b3cc07', 0, current_timestamp, current_timestamp, current_timestamp, current_timestamp, date('2/24/16'), 'TAMP105905', 'A');
INSERT INTO individual(id, version, address_id, date_created, last_name, last_updated, name, second_last_name, class, driver_license_id, email, employee_position_id, employee_type, job_detail_id, personal_data_id, employee_number) VALUES('b56a5aba-a1e3-4c05-b1ec-86ea35466b1c', 0, '4d509f84-0d0a-43f7-9ee8-230fd82f8bb6', current_timestamp, 'MANRIQUE', current_timestamp, 'JUAN CARLOS', 'GOMEZ', 'justcloud.tickets.domain.Employee', 'ee3e2333-1ed5-4c8e-be14-a32410b3cc07', '', 'operator-id', 'REGULAR_EMPLOYEE', '9403f4eb-4749-4e6e-abd6-2629e2fdbb16', null, '1913');
INSERT INTO phone(id, version, date_created, last_updated, number, type) VALUES('64b7b80e-bae5-446b-9e03-232947caa445', 0, current_timestamp, current_timestamp, '8681880883', 'HOME');
INSERT INTO employee_phone(employee_phones_id, phone_id) VALUES('b56a5aba-a1e3-4c05-b1ec-86ea35466b1c', '64b7b80e-bae5-446b-9e03-232947caa445');
INSERT INTO address(id, version, address, date_created, last_updated, municipality_id, postal_code, settlement_id, state_id) VALUES('0f3f2a3c-1549-4026-8df3-fb9c025a3ac0', 0, 'ERNESTO GUAJARDO No. 630', current_timestamp, current_timestamp, (select municipality_id from settlement where postal_code = '87019' limit 1), '87019', (select id from settlement where postal_code = '87019' limit 1), (select state_id from settlement where postal_code = '87019' limit 1));
INSERT INTO job_detail(id, version, base_salary, job_name, date_created, last_updated) VALUES('d144f6d2-b9b2-4203-ae91-0bd6d6ec8c2b', 0, 4000.0, 'Operador', current_timestamp, current_timestamp);
INSERT INTO driver_license(id, version, antiqueness, date_created, last_updated, expedition, expiration, license_number, license_type) VALUES('11b65d3f-b835-460c-9535-8a36895e443a', 0, current_timestamp, current_timestamp, current_timestamp, current_timestamp, date('9/23/16'), 'TAMP104454', 'A');
INSERT INTO individual(id, version, address_id, date_created, last_name, last_updated, name, second_last_name, class, driver_license_id, email, employee_position_id, employee_type, job_detail_id, personal_data_id, employee_number) VALUES('0d218211-d1ca-4786-9919-a4e0bcb6b72e', 0, '0f3f2a3c-1549-4026-8df3-fb9c025a3ac0', current_timestamp, 'ORTEGA', current_timestamp, 'FILIBERTO', 'JIMENEZ', 'justcloud.tickets.domain.Employee', '11b65d3f-b835-460c-9535-8a36895e443a', '', 'operator-id', 'REGULAR_EMPLOYEE', 'd144f6d2-b9b2-4203-ae91-0bd6d6ec8c2b', null, '1915');
INSERT INTO phone(id, version, date_created, last_updated, number, type) VALUES('89db4c03-a8a2-4459-9a5b-338fb1434424', 0, current_timestamp, current_timestamp, '8341830907', 'HOME');
INSERT INTO employee_phone(employee_phones_id, phone_id) VALUES('0d218211-d1ca-4786-9919-a4e0bcb6b72e', '89db4c03-a8a2-4459-9a5b-338fb1434424');
INSERT INTO phone(id, version, date_created, last_updated, number, type) VALUES('6c34819c-7610-4e52-b861-4c7b6ee38ef1', 0, current_timestamp, current_timestamp, '6181738146', 'MOBILE');
INSERT INTO employee_phone(employee_phones_id, phone_id) VALUES('0d218211-d1ca-4786-9919-a4e0bcb6b72e', '6c34819c-7610-4e52-b861-4c7b6ee38ef1');
INSERT INTO address(id, version, address, date_created, last_updated, municipality_id, postal_code, settlement_id, state_id) VALUES('216c31e6-f617-48e5-bc8e-4b8dc70dea96', 0, 'MAGNOLIAS 1105', current_timestamp, current_timestamp, (select municipality_id from settlement where postal_code = '78399' limit 1), '78399', (select id from settlement where postal_code = '78399' limit 1), (select state_id from settlement where postal_code = '78399' limit 1));
INSERT INTO job_detail(id, version, base_salary, job_name, date_created, last_updated) VALUES('8f580d3c-cd36-4a99-b94d-e0454497bc34', 0, 4000.0, 'Operador', current_timestamp, current_timestamp);
INSERT INTO driver_license(id, version, antiqueness, date_created, last_updated, expedition, expiration, license_number, license_type) VALUES('b0939233-9f82-4787-ad03-181a453e0402', 0, current_timestamp, current_timestamp, current_timestamp, current_timestamp, date('3/27/17'), 'QRO06085', 'A');
INSERT INTO individual(id, version, address_id, date_created, last_name, last_updated, name, second_last_name, class, driver_license_id, email, employee_position_id, employee_type, job_detail_id, personal_data_id, employee_number) VALUES('41553adc-0f62-4d85-a7f1-ecb18a50806b', 0, '216c31e6-f617-48e5-bc8e-4b8dc70dea96', current_timestamp, 'DIAZ', current_timestamp, 'VALENTE', 'LEYVA', 'justcloud.tickets.domain.Employee', 'b0939233-9f82-4787-ad03-181a453e0402', '', 'operator-id', 'REGULAR_EMPLOYEE', '8f580d3c-cd36-4a99-b94d-e0454497bc34', null, '1920');
INSERT INTO phone(id, version, date_created, last_updated, number, type) VALUES('9cb458ce-3dc2-421b-bba9-7df4d63092fd', 0, current_timestamp, current_timestamp, '445524082534', 'MOBILE');
INSERT INTO employee_phone(employee_phones_id, phone_id) VALUES('41553adc-0f62-4d85-a7f1-ecb18a50806b', '9cb458ce-3dc2-421b-bba9-7df4d63092fd');
INSERT INTO address(id, version, address, date_created, last_updated, municipality_id, postal_code, settlement_id, state_id) VALUES('0459b5ac-eacc-4f2f-961a-62cc24633566', 0, 'CONSTITUCION 15', current_timestamp, current_timestamp, (select municipality_id from settlement where postal_code = '59330' limit 1), '59330', (select id from settlement where postal_code = '59330' limit 1), (select state_id from settlement where postal_code = '59330' limit 1));
INSERT INTO job_detail(id, version, base_salary, job_name, date_created, last_updated) VALUES('9e1b60ac-16f9-447b-9230-5b3855337208', 0, 4000.0, 'Operador', current_timestamp, current_timestamp);
INSERT INTO driver_license(id, version, antiqueness, date_created, last_updated, expedition, expiration, license_number, license_type) VALUES('20c8f0ee-aa9b-4f04-8e0c-46fa1e2413f0', 0, current_timestamp, current_timestamp, current_timestamp, current_timestamp, date('7/18/16'), 'DF109591', 'A');
INSERT INTO individual(id, version, address_id, date_created, last_name, last_updated, name, second_last_name, class, driver_license_id, email, employee_position_id, employee_type, job_detail_id, personal_data_id, employee_number) VALUES('be61978b-4381-4e7c-818e-98c3f0c67915', 0, '0459b5ac-eacc-4f2f-961a-62cc24633566', current_timestamp, 'JIMENEZ', current_timestamp, 'SERGIO', 'CEJA', 'justcloud.tickets.domain.Employee', '20c8f0ee-aa9b-4f04-8e0c-46fa1e2413f0', '', 'operator-id', 'REGULAR_EMPLOYEE', '9e1b60ac-16f9-447b-9230-5b3855337208', null, '1923');
INSERT INTO phone(id, version, date_created, last_updated, number, type) VALUES('a0bd4ebe-0d86-410e-9b7a-078698795ac1', 0, current_timestamp, current_timestamp, '3521270482', 'HOME');
INSERT INTO employee_phone(employee_phones_id, phone_id) VALUES('be61978b-4381-4e7c-818e-98c3f0c67915', 'a0bd4ebe-0d86-410e-9b7a-078698795ac1');
INSERT INTO phone(id, version, date_created, last_updated, number, type) VALUES('79f7f661-d878-4401-84a8-379b15ad744a', 0, current_timestamp, current_timestamp, '9231198061', 'MOBILE');
INSERT INTO employee_phone(employee_phones_id, phone_id) VALUES('be61978b-4381-4e7c-818e-98c3f0c67915', '79f7f661-d878-4401-84a8-379b15ad744a');
INSERT INTO address(id, version, address, date_created, last_updated, municipality_id, postal_code, settlement_id, state_id) VALUES('49f3ce44-6787-451e-9d6d-e17b5b16b9f0', 0, 'CALLE 58 Y 60 EXT. 438', current_timestamp, current_timestamp, (select municipality_id from settlement where postal_code = '97000' limit 1), '97000', (select id from settlement where postal_code = '97000' limit 1), (select state_id from settlement where postal_code = '97000' limit 1));
INSERT INTO job_detail(id, version, base_salary, job_name, date_created, last_updated) VALUES('e88a7c07-e329-433a-95e2-d1b721d2cd83', 0, 4000.0, 'Operador', current_timestamp, current_timestamp);
INSERT INTO driver_license(id, version, antiqueness, date_created, last_updated, expedition, expiration, license_number, license_type) VALUES('58927e6e-da0c-4ce4-bcf5-8278b897671a', 0, current_timestamp, current_timestamp, current_timestamp, current_timestamp, date('4/6/17'), 'YUC0003563', 'A');
INSERT INTO individual(id, version, address_id, date_created, last_name, last_updated, name, second_last_name, class, driver_license_id, email, employee_position_id, employee_type, job_detail_id, personal_data_id, employee_number) VALUES('4b3b1c95-1636-49bf-91a7-ca454e0f4e1d', 0, '49f3ce44-6787-451e-9d6d-e17b5b16b9f0', current_timestamp, 'MARAÑON', current_timestamp, 'FRANCISCO JAVIER', 'VALES', 'justcloud.tickets.domain.Employee', '58927e6e-da0c-4ce4-bcf5-8278b897671a', '', 'operator-id', 'REGULAR_EMPLOYEE', 'e88a7c07-e329-433a-95e2-d1b721d2cd83', null, '1933');
INSERT INTO phone(id, version, date_created, last_updated, number, type) VALUES('090b2464-8b40-4db6-8b15-6c3e5f970f95', 0, current_timestamp, current_timestamp, '9992891762', 'HOME');
INSERT INTO employee_phone(employee_phones_id, phone_id) VALUES('4b3b1c95-1636-49bf-91a7-ca454e0f4e1d', '090b2464-8b40-4db6-8b15-6c3e5f970f95');
INSERT INTO phone(id, version, date_created, last_updated, number, type) VALUES('afe629ea-189e-4be2-a621-0b57d4a018da', 0, current_timestamp, current_timestamp, '9999186514', 'MOBILE');
INSERT INTO employee_phone(employee_phones_id, phone_id) VALUES('4b3b1c95-1636-49bf-91a7-ca454e0f4e1d', 'afe629ea-189e-4be2-a621-0b57d4a018da');
INSERT INTO address(id, version, address, date_created, last_updated, municipality_id, postal_code, settlement_id, state_id) VALUES('50650ca8-9378-47ed-85ca-282835c3f001', 0, 'PRIMERO DE MAYO 1317', current_timestamp, current_timestamp, (select municipality_id from settlement where postal_code = '89600' limit 1), '89600', (select id from settlement where postal_code = '89600' limit 1), (select state_id from settlement where postal_code = '89600' limit 1));
INSERT INTO job_detail(id, version, base_salary, job_name, date_created, last_updated) VALUES('024c5c0a-16ec-41f5-80f0-9af96ca49a87', 0, 4000.0, 'Operador', current_timestamp, current_timestamp);
INSERT INTO driver_license(id, version, antiqueness, date_created, last_updated, expedition, expiration, license_number, license_type) VALUES('b26ef3f7-1265-4cc3-972f-064bfc92db92', 0, current_timestamp, current_timestamp, current_timestamp, current_timestamp, date('1/30/14'), 'TAM303133', 'A');
INSERT INTO individual(id, version, address_id, date_created, last_name, last_updated, name, second_last_name, class, driver_license_id, email, employee_position_id, employee_type, job_detail_id, personal_data_id, employee_number) VALUES('275be41e-7714-405b-b5fe-d3aa97e2eba2', 0, '50650ca8-9378-47ed-85ca-282835c3f001', current_timestamp, 'MENDEZ', current_timestamp, 'JUAN ANTONIO', 'ZAMARRON', 'justcloud.tickets.domain.Employee', 'b26ef3f7-1265-4cc3-972f-064bfc92db92', '', 'operator-id', 'REGULAR_EMPLOYEE', '024c5c0a-16ec-41f5-80f0-9af96ca49a87', null, '1934');
INSERT INTO phone(id, version, date_created, last_updated, number, type) VALUES('799146b5-3815-4de9-85cb-54a5b65636e4', 0, current_timestamp, current_timestamp, '2266922', 'HOME');
INSERT INTO employee_phone(employee_phones_id, phone_id) VALUES('275be41e-7714-405b-b5fe-d3aa97e2eba2', '799146b5-3815-4de9-85cb-54a5b65636e4');
INSERT INTO phone(id, version, date_created, last_updated, number, type) VALUES('a48ad0e1-4bb0-4ec0-a983-acd72048ebeb', 0, current_timestamp, current_timestamp, '8333473311', 'MOBILE');
INSERT INTO employee_phone(employee_phones_id, phone_id) VALUES('275be41e-7714-405b-b5fe-d3aa97e2eba2', 'a48ad0e1-4bb0-4ec0-a983-acd72048ebeb');
INSERT INTO address(id, version, address, date_created, last_updated, municipality_id, postal_code, settlement_id, state_id) VALUES('49c045ce-972e-4574-b60d-501808365d71', 0, 'CEDRO 178-B', current_timestamp, current_timestamp, (select municipality_id from settlement where postal_code = '89603' limit 1), '89603', (select id from settlement where postal_code = '89603' limit 1), (select state_id from settlement where postal_code = '89603' limit 1));
INSERT INTO job_detail(id, version, base_salary, job_name, date_created, last_updated) VALUES('4966382f-6f81-4ff9-ad90-e1ef21d9c188', 0, 4000.0, 'Operador', current_timestamp, current_timestamp);
INSERT INTO driver_license(id, version, antiqueness, date_created, last_updated, expedition, expiration, license_number, license_type) VALUES('b2b2be97-0a95-4a93-9fc0-f1484e137004', 0, current_timestamp, current_timestamp, current_timestamp, current_timestamp, date('2/2/16'), 'TAMP301890', 'A');
INSERT INTO individual(id, version, address_id, date_created, last_name, last_updated, name, second_last_name, class, driver_license_id, email, employee_position_id, employee_type, job_detail_id, personal_data_id, employee_number) VALUES('fc14cdff-43ab-4dd6-a401-11718c22fe33', 0, '49c045ce-972e-4574-b60d-501808365d71', current_timestamp, 'TABERA', current_timestamp, 'FELIPE JAVIER', 'RAMIREZ', 'justcloud.tickets.domain.Employee', 'b2b2be97-0a95-4a93-9fc0-f1484e137004', '', 'operator-id', 'REGULAR_EMPLOYEE', '4966382f-6f81-4ff9-ad90-e1ef21d9c188', null, '1935');
INSERT INTO phone(id, version, date_created, last_updated, number, type) VALUES('906b3f0d-c78b-4c97-9428-d83a18574aa3', 0, current_timestamp, current_timestamp, '7831063702', 'MOBILE');
INSERT INTO employee_phone(employee_phones_id, phone_id) VALUES('fc14cdff-43ab-4dd6-a401-11718c22fe33', '906b3f0d-c78b-4c97-9428-d83a18574aa3');
INSERT INTO address(id, version, address, date_created, last_updated, municipality_id, postal_code, settlement_id, state_id) VALUES('d1c59f96-204e-4b5b-90aa-5ce840563a9c', 0, 'BURGOS 694-C', current_timestamp, current_timestamp, (select municipality_id from settlement where postal_code = '89367' limit 1), '89367', (select id from settlement where postal_code = '89367' limit 1), (select state_id from settlement where postal_code = '89367' limit 1));
INSERT INTO job_detail(id, version, base_salary, job_name, date_created, last_updated) VALUES('f50211f5-9539-4add-9275-e7f16bb4d44b', 0, 4000.0, 'Operador', current_timestamp, current_timestamp);
INSERT INTO driver_license(id, version, antiqueness, date_created, last_updated, expedition, expiration, license_number, license_type) VALUES('514d9358-3f33-4426-aff3-41d6881d417f', 0, current_timestamp, current_timestamp, current_timestamp, current_timestamp, date('11/26/15'), 'TAMP308462', 'A');
INSERT INTO individual(id, version, address_id, date_created, last_name, last_updated, name, second_last_name, class, driver_license_id, email, employee_position_id, employee_type, job_detail_id, personal_data_id, employee_number) VALUES('3ee7c313-951f-4e1c-ba31-ba04d6a1c559', 0, 'd1c59f96-204e-4b5b-90aa-5ce840563a9c', current_timestamp, 'CALVILLO', current_timestamp, 'JUAN GABRIEL', 'HERNANDEZ', 'justcloud.tickets.domain.Employee', '514d9358-3f33-4426-aff3-41d6881d417f', '', 'operator-id', 'REGULAR_EMPLOYEE', 'f50211f5-9539-4add-9275-e7f16bb4d44b', null, '1936');
INSERT INTO phone(id, version, date_created, last_updated, number, type) VALUES('d9ddedab-f941-4340-86d9-6243ed84b8d5', 0, current_timestamp, current_timestamp, '2279053', 'HOME');
INSERT INTO employee_phone(employee_phones_id, phone_id) VALUES('3ee7c313-951f-4e1c-ba31-ba04d6a1c559', 'd9ddedab-f941-4340-86d9-6243ed84b8d5');
INSERT INTO phone(id, version, date_created, last_updated, number, type) VALUES('37300264-f95e-4021-98cf-c541e8e93f7c', 0, current_timestamp, current_timestamp, '8332800617', 'MOBILE');
INSERT INTO employee_phone(employee_phones_id, phone_id) VALUES('3ee7c313-951f-4e1c-ba31-ba04d6a1c559', '37300264-f95e-4021-98cf-c541e8e93f7c');
INSERT INTO address(id, version, address, date_created, last_updated, municipality_id, postal_code, settlement_id, state_id) VALUES('1f70cb8e-bc56-428e-8982-1c1da96e6b47', 0, 'MIGUEL HIDALGO 302', current_timestamp, current_timestamp, (select municipality_id from settlement where postal_code = '89320' limit 1), '89320', (select id from settlement where postal_code = '89320' limit 1), (select state_id from settlement where postal_code = '89320' limit 1));
INSERT INTO job_detail(id, version, base_salary, job_name, date_created, last_updated) VALUES('720f4f1c-891a-4130-9238-7fd29195b7b4', 0, 4000.0, 'Operador', current_timestamp, current_timestamp);
INSERT INTO driver_license(id, version, antiqueness, date_created, last_updated, expedition, expiration, license_number, license_type) VALUES('cef36550-ebd5-4ef9-a1e9-0ea356cb401d', 0, current_timestamp, current_timestamp, current_timestamp, current_timestamp, date('12/12/16'), 'TAMP301750', 'A');
INSERT INTO individual(id, version, address_id, date_created, last_name, last_updated, name, second_last_name, class, driver_license_id, email, employee_position_id, employee_type, job_detail_id, personal_data_id, employee_number) VALUES('fee2a660-ef45-44b4-b52c-97a3d29ede31', 0, '1f70cb8e-bc56-428e-8982-1c1da96e6b47', current_timestamp, 'DELGADO', current_timestamp, 'FERNANDO', 'VILLANUEVA', 'justcloud.tickets.domain.Employee', 'cef36550-ebd5-4ef9-a1e9-0ea356cb401d', '', 'operator-id', 'REGULAR_EMPLOYEE', '720f4f1c-891a-4130-9238-7fd29195b7b4', null, '1937');
INSERT INTO phone(id, version, date_created, last_updated, number, type) VALUES('bebe9989-e471-4d13-a660-e2b9a607ea5d', 0, current_timestamp, current_timestamp, '8331194078', 'MOBILE');
INSERT INTO employee_phone(employee_phones_id, phone_id) VALUES('fee2a660-ef45-44b4-b52c-97a3d29ede31', 'bebe9989-e471-4d13-a660-e2b9a607ea5d');
INSERT INTO address(id, version, address, date_created, last_updated, municipality_id, postal_code, settlement_id, state_id) VALUES('e0116f56-fd75-47de-b44c-5e76b058714a', 0, '16 DE SEPTIEMBRE SIN NUMERO', current_timestamp, current_timestamp, (select municipality_id from settlement where postal_code = '92680' limit 1), '92680', (select id from settlement where postal_code = '92680' limit 1), (select state_id from settlement where postal_code = '92680' limit 1));
INSERT INTO job_detail(id, version, base_salary, job_name, date_created, last_updated) VALUES('889c7fdf-9126-44f7-a7e6-1e8c61627d9c', 0, 4000.0, 'Operador', current_timestamp, current_timestamp);
INSERT INTO driver_license(id, version, antiqueness, date_created, last_updated, expedition, expiration, license_number, license_type) VALUES('afa98c94-fbdc-4891-8e51-13450ec910b3', 0, current_timestamp, current_timestamp, current_timestamp, current_timestamp, date('4/13/17'), 'VER0206498', 'A');
INSERT INTO individual(id, version, address_id, date_created, last_name, last_updated, name, second_last_name, class, driver_license_id, email, employee_position_id, employee_type, job_detail_id, personal_data_id, employee_number) VALUES('1af591d7-e10f-4529-b0d2-c8166f553c98', 0, 'e0116f56-fd75-47de-b44c-5e76b058714a', current_timestamp, 'MORALES', current_timestamp, 'RAMIRO', 'APARICIO', 'justcloud.tickets.domain.Employee', 'afa98c94-fbdc-4891-8e51-13450ec910b3', '', 'operator-id', 'REGULAR_EMPLOYEE', '889c7fdf-9126-44f7-a7e6-1e8c61627d9c', null, '1938');
INSERT INTO phone(id, version, date_created, last_updated, number, type) VALUES('0881b014-e585-41d6-99bd-7f5e7ae5bac4', 0, current_timestamp, current_timestamp, '7828240297', 'HOME');
INSERT INTO employee_phone(employee_phones_id, phone_id) VALUES('1af591d7-e10f-4529-b0d2-c8166f553c98', '0881b014-e585-41d6-99bd-7f5e7ae5bac4');
INSERT INTO phone(id, version, date_created, last_updated, number, type) VALUES('ee94f221-f505-4a44-bf35-0cd4fcdbc4a0', 0, current_timestamp, current_timestamp, '7828171662', 'MOBILE');
INSERT INTO employee_phone(employee_phones_id, phone_id) VALUES('1af591d7-e10f-4529-b0d2-c8166f553c98', 'ee94f221-f505-4a44-bf35-0cd4fcdbc4a0');
INSERT INTO address(id, version, address, date_created, last_updated, municipality_id, postal_code, settlement_id, state_id) VALUES('72f96753-3bd5-489d-9b1c-980022ce1ae3', 0, 'SANTOS DEGOLLADO No. 417', current_timestamp, current_timestamp, (select municipality_id from settlement where postal_code = '89518' limit 1), '89518', (select id from settlement where postal_code = '89518' limit 1), (select state_id from settlement where postal_code = '89518' limit 1));
INSERT INTO job_detail(id, version, base_salary, job_name, date_created, last_updated) VALUES('a4fb1ff6-e38f-4d25-8ca6-0cb75e187a7c', 0, 4000.0, 'Operador', current_timestamp, current_timestamp);
INSERT INTO driver_license(id, version, antiqueness, date_created, last_updated, expedition, expiration, license_number, license_type) VALUES('ce01c47b-0064-4bce-9114-032ec8ba6302', 0, current_timestamp, current_timestamp, current_timestamp, current_timestamp, date('2/17/17'), 'VER115544', 'A');
INSERT INTO individual(id, version, address_id, date_created, last_name, last_updated, name, second_last_name, class, driver_license_id, email, employee_position_id, employee_type, job_detail_id, personal_data_id, employee_number) VALUES('e46a2e3d-a235-4fc4-8ef1-15c62429504c', 0, '72f96753-3bd5-489d-9b1c-980022ce1ae3', current_timestamp, 'RODRIGUEZ', current_timestamp, 'GERARDO', 'FLORES', 'justcloud.tickets.domain.Employee', 'ce01c47b-0064-4bce-9114-032ec8ba6302', '', 'operator-id', 'REGULAR_EMPLOYEE', 'a4fb1ff6-e38f-4d25-8ca6-0cb75e187a7c', null, '1939');
INSERT INTO phone(id, version, date_created, last_updated, number, type) VALUES('5c3c48a8-5317-4b29-9f21-0e3c649a7ade', 0, current_timestamp, current_timestamp, '228 140 7013', 'HOME');
INSERT INTO employee_phone(employee_phones_id, phone_id) VALUES('e46a2e3d-a235-4fc4-8ef1-15c62429504c', '5c3c48a8-5317-4b29-9f21-0e3c649a7ade');
INSERT INTO phone(id, version, date_created, last_updated, number, type) VALUES('077d84bc-5152-4dbf-a218-a4223c40c1d7', 0, current_timestamp, current_timestamp, '833 345 2938', 'MOBILE');
INSERT INTO employee_phone(employee_phones_id, phone_id) VALUES('e46a2e3d-a235-4fc4-8ef1-15c62429504c', '077d84bc-5152-4dbf-a218-a4223c40c1d7');
INSERT INTO address(id, version, address, date_created, last_updated, municipality_id, postal_code, settlement_id, state_id) VALUES('7fc674d4-2ba4-4549-8e72-16c4343343cc', 0, 'JAUMAVE 1003', current_timestamp, current_timestamp, (select municipality_id from settlement where postal_code = '89580' limit 1), '89580', (select id from settlement where postal_code = '89580' limit 1), (select state_id from settlement where postal_code = '89580' limit 1));
INSERT INTO job_detail(id, version, base_salary, job_name, date_created, last_updated) VALUES('2bb35539-3534-48bf-a6ef-6fb4868cee0d', 0, 4000.0, 'Operador', current_timestamp, current_timestamp);
INSERT INTO driver_license(id, version, antiqueness, date_created, last_updated, expedition, expiration, license_number, license_type) VALUES('974fcdac-c32c-4a39-aeda-18795da164e8', 0, current_timestamp, current_timestamp, current_timestamp, current_timestamp, date('7/26/16'), 'TAMP312943', 'A');
INSERT INTO individual(id, version, address_id, date_created, last_name, last_updated, name, second_last_name, class, driver_license_id, email, employee_position_id, employee_type, job_detail_id, personal_data_id, employee_number) VALUES('8214760f-0e20-4d69-9aaf-d54966285c34', 0, '7fc674d4-2ba4-4549-8e72-16c4343343cc', current_timestamp, 'ALVAREZ', current_timestamp, 'RAMON', 'BRAVO', 'justcloud.tickets.domain.Employee', '974fcdac-c32c-4a39-aeda-18795da164e8', '', 'operator-id', 'REGULAR_EMPLOYEE', '2bb35539-3534-48bf-a6ef-6fb4868cee0d', null, '1940');
INSERT INTO phone(id, version, date_created, last_updated, number, type) VALUES('d5cde0a6-c091-4aa4-b1de-985ebf4294a8', 0, current_timestamp, current_timestamp, '8331728998', 'MOBILE');
INSERT INTO employee_phone(employee_phones_id, phone_id) VALUES('8214760f-0e20-4d69-9aaf-d54966285c34', 'd5cde0a6-c091-4aa4-b1de-985ebf4294a8');
INSERT INTO address(id, version, address, date_created, last_updated, municipality_id, postal_code, settlement_id, state_id) VALUES('c21544f3-b6fd-4b38-9df2-34c4b5a8fbaf', 0, 'CALLE AZUCENAS No. 105', current_timestamp, current_timestamp, (select municipality_id from settlement where postal_code = '89603' limit 1), '89603', (select id from settlement where postal_code = '89603' limit 1), (select state_id from settlement where postal_code = '89603' limit 1));
INSERT INTO job_detail(id, version, base_salary, job_name, date_created, last_updated) VALUES('b9767fb0-c696-46a7-8f4e-30786774c92e', 0, 4000.0, 'Operador', current_timestamp, current_timestamp);
INSERT INTO driver_license(id, version, antiqueness, date_created, last_updated, expedition, expiration, license_number, license_type) VALUES('a81b510a-4c47-456e-a3b7-744b40a10344', 0, current_timestamp, current_timestamp, current_timestamp, current_timestamp, date('9/7/15'), 'TAMP312538', 'A');
INSERT INTO individual(id, version, address_id, date_created, last_name, last_updated, name, second_last_name, class, driver_license_id, email, employee_position_id, employee_type, job_detail_id, personal_data_id, employee_number) VALUES('62d67387-6580-4ca2-bdaf-2f16e257c3da', 0, 'c21544f3-b6fd-4b38-9df2-34c4b5a8fbaf', current_timestamp, 'GARCIA', current_timestamp, 'JUAN ANTONIO', 'SANCHEZ', 'justcloud.tickets.domain.Employee', 'a81b510a-4c47-456e-a3b7-744b40a10344', '', 'operator-id', 'REGULAR_EMPLOYEE', 'b9767fb0-c696-46a7-8f4e-30786774c92e', null, '1945');
INSERT INTO phone(id, version, date_created, last_updated, number, type) VALUES('321a4b9a-86dc-44be-8bda-fa63f6a4a188', 0, current_timestamp, current_timestamp, '3737624', 'HOME');
INSERT INTO employee_phone(employee_phones_id, phone_id) VALUES('62d67387-6580-4ca2-bdaf-2f16e257c3da', '321a4b9a-86dc-44be-8bda-fa63f6a4a188');
INSERT INTO phone(id, version, date_created, last_updated, number, type) VALUES('7e0e4aae-ba62-4758-a34e-9a8ce93af0c0', 0, current_timestamp, current_timestamp, '833 166 2447', 'MOBILE');
INSERT INTO employee_phone(employee_phones_id, phone_id) VALUES('62d67387-6580-4ca2-bdaf-2f16e257c3da', '7e0e4aae-ba62-4758-a34e-9a8ce93af0c0');
INSERT INTO address(id, version, address, date_created, last_updated, municipality_id, postal_code, settlement_id, state_id) VALUES('bde71ca8-4116-47da-ac63-881354c6242b', 0, 'SEGUNDA 308', current_timestamp, current_timestamp, (select municipality_id from settlement where postal_code = '89506' limit 1), '89506', (select id from settlement where postal_code = '89506' limit 1), (select state_id from settlement where postal_code = '89506' limit 1));
INSERT INTO job_detail(id, version, base_salary, job_name, date_created, last_updated) VALUES('d4cae7a0-39e1-476c-a963-ec069280029c', 0, 4000.0, 'Operador', current_timestamp, current_timestamp);
INSERT INTO driver_license(id, version, antiqueness, date_created, last_updated, expedition, expiration, license_number, license_type) VALUES('70a7d7e9-2c5a-4243-a0f9-8eec25992201', 0, current_timestamp, current_timestamp, current_timestamp, current_timestamp, date('12/10/17'), 'TAMP310318', 'A');
INSERT INTO individual(id, version, address_id, date_created, last_name, last_updated, name, second_last_name, class, driver_license_id, email, employee_position_id, employee_type, job_detail_id, personal_data_id, employee_number) VALUES('9001da7d-ff61-4ff6-b0f1-c9c49549c447', 0, 'bde71ca8-4116-47da-ac63-881354c6242b', current_timestamp, 'LOPEZ', current_timestamp, 'MARIO', 'ARREDONDO', 'justcloud.tickets.domain.Employee', '70a7d7e9-2c5a-4243-a0f9-8eec25992201', '', 'operator-id', 'REGULAR_EMPLOYEE', 'd4cae7a0-39e1-476c-a963-ec069280029c', null, '1943');
INSERT INTO phone(id, version, date_created, last_updated, number, type) VALUES('be1da1ed-fb5f-452f-8c83-8f8a7263c5ad', 0, current_timestamp, current_timestamp, '8332318824', 'MOBILE');
INSERT INTO employee_phone(employee_phones_id, phone_id) VALUES('9001da7d-ff61-4ff6-b0f1-c9c49549c447', 'be1da1ed-fb5f-452f-8c83-8f8a7263c5ad');
INSERT INTO address(id, version, address, date_created, last_updated, municipality_id, postal_code, settlement_id, state_id) VALUES('4117d7f6-de0f-4a56-907a-b1e306480efd', 0, 'REPUBLICA DOMINICANA', current_timestamp, current_timestamp, (select municipality_id from settlement where postal_code = '89317' limit 1), '89317', (select id from settlement where postal_code = '89317' limit 1), (select state_id from settlement where postal_code = '89317' limit 1));
INSERT INTO job_detail(id, version, base_salary, job_name, date_created, last_updated) VALUES('ababdb9a-0f93-453a-a209-85a50359a6b9', 0, 4000.0, 'Operador', current_timestamp, current_timestamp);
INSERT INTO driver_license(id, version, antiqueness, date_created, last_updated, expedition, expiration, license_number, license_type) VALUES('6876e30d-4bed-4484-b212-edef51b3b2eb', 0, current_timestamp, current_timestamp, current_timestamp, current_timestamp, date('9/24/15'), 'TAMP310773', 'A');
INSERT INTO individual(id, version, address_id, date_created, last_name, last_updated, name, second_last_name, class, driver_license_id, email, employee_position_id, employee_type, job_detail_id, personal_data_id, employee_number) VALUES('380657e8-4d03-4052-b11a-29f1dad2a5d2', 0, '4117d7f6-de0f-4a56-907a-b1e306480efd', current_timestamp, 'DEL ANGEL', current_timestamp, 'JUAN JOSE', 'SALAS', 'justcloud.tickets.domain.Employee', '6876e30d-4bed-4484-b212-edef51b3b2eb', '', 'operator-id', 'REGULAR_EMPLOYEE', 'ababdb9a-0f93-453a-a209-85a50359a6b9', null, '1946');
INSERT INTO phone(id, version, date_created, last_updated, number, type) VALUES('49573acb-e75c-4424-aa7d-d6e19e479abb', 0, current_timestamp, current_timestamp, '8331651540', 'MOBILE');
INSERT INTO employee_phone(employee_phones_id, phone_id) VALUES('380657e8-4d03-4052-b11a-29f1dad2a5d2', '49573acb-e75c-4424-aa7d-d6e19e479abb');
INSERT INTO address(id, version, address, date_created, last_updated, municipality_id, postal_code, settlement_id, state_id) VALUES('4dac0840-978e-4e19-8776-2e43ab0c342b', 0, 'VERACRUZ  No.  9', current_timestamp, current_timestamp, (select municipality_id from settlement where postal_code = '50020' limit 1), '50020', (select id from settlement where postal_code = '50020' limit 1), (select state_id from settlement where postal_code = '50020' limit 1));
INSERT INTO job_detail(id, version, base_salary, job_name, date_created, last_updated) VALUES('361e0a52-56dc-4b20-8ec3-bc02d0409c9b', 0, 4000.0, 'Operador', current_timestamp, current_timestamp);
INSERT INTO driver_license(id, version, antiqueness, date_created, last_updated, expedition, expiration, license_number, license_type) VALUES('719742df-1444-4888-b239-1bc6e41475f9', 0, current_timestamp, current_timestamp, current_timestamp, current_timestamp, date('8/5/15'), 'HGO0009836', 'A');
INSERT INTO individual(id, version, address_id, date_created, last_name, last_updated, name, second_last_name, class, driver_license_id, email, employee_position_id, employee_type, job_detail_id, personal_data_id, employee_number) VALUES('1a26502d-47a1-4bd2-81a1-04c212167f41', 0, '4dac0840-978e-4e19-8776-2e43ab0c342b', current_timestamp, 'DOCTOR', current_timestamp, 'MARCO ANTONIO', 'LOZA', 'justcloud.tickets.domain.Employee', '719742df-1444-4888-b239-1bc6e41475f9', '', 'operator-id', 'REGULAR_EMPLOYEE', '361e0a52-56dc-4b20-8ec3-bc02d0409c9b', null, '1948');
INSERT INTO phone(id, version, date_created, last_updated, number, type) VALUES('f8f23ce6-7450-4e82-8e3d-603a162aa923', 0, current_timestamp, current_timestamp, '772 2119793', 'HOME');
INSERT INTO employee_phone(employee_phones_id, phone_id) VALUES('1a26502d-47a1-4bd2-81a1-04c212167f41', 'f8f23ce6-7450-4e82-8e3d-603a162aa923');
INSERT INTO phone(id, version, date_created, last_updated, number, type) VALUES('e565ccb4-2462-4c27-ad6b-3095bf90287b', 0, current_timestamp, current_timestamp, '722 1294280', 'MOBILE');
INSERT INTO employee_phone(employee_phones_id, phone_id) VALUES('1a26502d-47a1-4bd2-81a1-04c212167f41', 'e565ccb4-2462-4c27-ad6b-3095bf90287b');
INSERT INTO address(id, version, address, date_created, last_updated, municipality_id, postal_code, settlement_id, state_id) VALUES('d8568c20-7749-409a-b8f8-11fc3a39c0b2', 0, 'REPUBLICA DE IRLANDA 908', current_timestamp, current_timestamp, (select municipality_id from settlement where postal_code = '87049' limit 1), '87049', (select id from settlement where postal_code = '87049' limit 1), (select state_id from settlement where postal_code = '87049' limit 1));
INSERT INTO job_detail(id, version, base_salary, job_name, date_created, last_updated) VALUES('b9a96075-37cb-43f6-bc7b-114f0e7b1555', 0, 4000.0, 'Operador', current_timestamp, current_timestamp);
INSERT INTO driver_license(id, version, antiqueness, date_created, last_updated, expedition, expiration, license_number, license_type) VALUES('10d54ec4-b72f-4286-bd45-cd1fbeee39c2', 0, current_timestamp, current_timestamp, current_timestamp, current_timestamp, date('6/26/15'), 'TAMP308084', 'A');
INSERT INTO individual(id, version, address_id, date_created, last_name, last_updated, name, second_last_name, class, driver_license_id, email, employee_position_id, employee_type, job_detail_id, personal_data_id, employee_number) VALUES('201eeb87-4ee1-4e15-b50c-93348a710c43', 0, 'd8568c20-7749-409a-b8f8-11fc3a39c0b2', current_timestamp, 'BANDA', current_timestamp, 'NORBERTO', 'DE LEON', 'justcloud.tickets.domain.Employee', '10d54ec4-b72f-4286-bd45-cd1fbeee39c2', '', 'operator-id', 'REGULAR_EMPLOYEE', 'b9a96075-37cb-43f6-bc7b-114f0e7b1555', null, '1951');
INSERT INTO phone(id, version, date_created, last_updated, number, type) VALUES('75f0fff2-9c42-4411-bfaf-237b0d9ea0c3', 0, current_timestamp, current_timestamp, '834 1803977', 'MOBILE');
INSERT INTO employee_phone(employee_phones_id, phone_id) VALUES('201eeb87-4ee1-4e15-b50c-93348a710c43', '75f0fff2-9c42-4411-bfaf-237b0d9ea0c3');
INSERT INTO address(id, version, address, date_created, last_updated, municipality_id, postal_code, settlement_id, state_id) VALUES('081e97d5-4bff-461c-99a5-4256c7151e09', 0, 'INDEPENDENCIA 513', current_timestamp, current_timestamp, (select municipality_id from settlement where postal_code = '89080' limit 1), '89080', (select id from settlement where postal_code = '89080' limit 1), (select state_id from settlement where postal_code = '89080' limit 1));
INSERT INTO job_detail(id, version, base_salary, job_name, date_created, last_updated) VALUES('6569e5ac-12e5-4fda-bb2b-8db644cec3e5', 0, 4000.0, 'Operador', current_timestamp, current_timestamp);
INSERT INTO driver_license(id, version, antiqueness, date_created, last_updated, expedition, expiration, license_number, license_type) VALUES('69395b25-2e7f-494c-91c4-1d2a0360f296', 0, current_timestamp, current_timestamp, current_timestamp, current_timestamp, date('9/5/17'), 'TAMP304736', 'A');
INSERT INTO individual(id, version, address_id, date_created, last_name, last_updated, name, second_last_name, class, driver_license_id, email, employee_position_id, employee_type, job_detail_id, personal_data_id, employee_number) VALUES('69530d6d-4c4b-4b78-8d5f-80f86efe8d5b', 0, '081e97d5-4bff-461c-99a5-4256c7151e09', current_timestamp, 'GARIBALDI', current_timestamp, 'ALEJANDRO', 'ALMARAZ', 'justcloud.tickets.domain.Employee', '69395b25-2e7f-494c-91c4-1d2a0360f296', '', 'operator-id', 'REGULAR_EMPLOYEE', '6569e5ac-12e5-4fda-bb2b-8db644cec3e5', null, '1956');
INSERT INTO phone(id, version, date_created, last_updated, number, type) VALUES('b9a28e99-b947-4e49-8eb6-e60cfd3d6132', 0, current_timestamp, current_timestamp, '8332192187', 'HOME');
INSERT INTO employee_phone(employee_phones_id, phone_id) VALUES('69530d6d-4c4b-4b78-8d5f-80f86efe8d5b', 'b9a28e99-b947-4e49-8eb6-e60cfd3d6132');
INSERT INTO phone(id, version, date_created, last_updated, number, type) VALUES('630e26a3-9eac-4523-83a0-1d699f88fa54', 0, current_timestamp, current_timestamp, '8331183535', 'MOBILE');
INSERT INTO employee_phone(employee_phones_id, phone_id) VALUES('69530d6d-4c4b-4b78-8d5f-80f86efe8d5b', '630e26a3-9eac-4523-83a0-1d699f88fa54');
INSERT INTO address(id, version, address, date_created, last_updated, municipality_id, postal_code, settlement_id, state_id) VALUES('d21ba55c-ee63-43c0-a31f-23ba8b641757', 0, 'LAGO GINEBRA 269', current_timestamp, current_timestamp, (select municipality_id from settlement where postal_code = '11470' limit 1), '11470', (select id from settlement where postal_code = '11470' limit 1), (select state_id from settlement where postal_code = '11470' limit 1));
INSERT INTO job_detail(id, version, base_salary, job_name, date_created, last_updated) VALUES('e27fc553-06f6-49c0-87f1-cf7a747b7a3f', 0, 4000.0, 'Operador', current_timestamp, current_timestamp);
INSERT INTO driver_license(id, version, antiqueness, date_created, last_updated, expedition, expiration, license_number, license_type) VALUES('b191f7f0-245e-4ed2-86c6-b604f41f61dd', 0, current_timestamp, current_timestamp, current_timestamp, current_timestamp, date('5/19/16'), 'DF00207076', 'A');
INSERT INTO individual(id, version, address_id, date_created, last_name, last_updated, name, second_last_name, class, driver_license_id, email, employee_position_id, employee_type, job_detail_id, personal_data_id, employee_number) VALUES('bedf0205-0136-437c-bd9c-fe1209b99b36', 0, 'd21ba55c-ee63-43c0-a31f-23ba8b641757', current_timestamp, 'RODRIGUEZ', current_timestamp, 'ELOY', 'CARRANCO', 'justcloud.tickets.domain.Employee', 'b191f7f0-245e-4ed2-86c6-b604f41f61dd', '', 'operator-id', 'REGULAR_EMPLOYEE', 'e27fc553-06f6-49c0-87f1-cf7a747b7a3f', null, '1971');
INSERT INTO phone(id, version, date_created, last_updated, number, type) VALUES('68232634-aeb7-42a8-bacf-e495cb4d7e09', 0, current_timestamp, current_timestamp, '5555314106', 'HOME');
INSERT INTO employee_phone(employee_phones_id, phone_id) VALUES('bedf0205-0136-437c-bd9c-fe1209b99b36', '68232634-aeb7-42a8-bacf-e495cb4d7e09');
INSERT INTO phone(id, version, date_created, last_updated, number, type) VALUES('c4904085-cde7-41db-97d6-a0f32fce7a94', 0, current_timestamp, current_timestamp, '5529473030', 'MOBILE');
INSERT INTO employee_phone(employee_phones_id, phone_id) VALUES('bedf0205-0136-437c-bd9c-fe1209b99b36', 'c4904085-cde7-41db-97d6-a0f32fce7a94');
INSERT INTO address(id, version, address, date_created, last_updated, municipality_id, postal_code, settlement_id, state_id) VALUES('44fabd00-9b8d-4d19-b64f-636560011214', 0, 'RUBEN DARIO 1201', current_timestamp, current_timestamp, (select municipality_id from settlement where postal_code = '93620' limit 1), '93620', (select id from settlement where postal_code = '93620' limit 1), (select state_id from settlement where postal_code = '93620' limit 1));
INSERT INTO job_detail(id, version, base_salary, job_name, date_created, last_updated) VALUES('b3449cca-d088-4ffb-b2b9-0a2afc76ccdb', 0, 4000.0, 'Operador', current_timestamp, current_timestamp);
INSERT INTO driver_license(id, version, antiqueness, date_created, last_updated, expedition, expiration, license_number, license_type) VALUES('fe905b11-01a9-4df6-aeca-1fa57bb5cebc', 0, current_timestamp, current_timestamp, current_timestamp, current_timestamp, date('11/4/16'), 'VER107349', 'A');
INSERT INTO individual(id, version, address_id, date_created, last_name, last_updated, name, second_last_name, class, driver_license_id, email, employee_position_id, employee_type, job_detail_id, personal_data_id, employee_number) VALUES('900c7891-d30f-49c9-befa-9db3016a7019', 0, '44fabd00-9b8d-4d19-b64f-636560011214', current_timestamp, 'CAMPOS', current_timestamp, 'FRANCISCO', 'DIA', 'justcloud.tickets.domain.Employee', 'fe905b11-01a9-4df6-aeca-1fa57bb5cebc', '', 'operator-id', 'REGULAR_EMPLOYEE', 'b3449cca-d088-4ffb-b2b9-0a2afc76ccdb', null, '1975');
INSERT INTO phone(id, version, date_created, last_updated, number, type) VALUES('0261b14f-e13a-4d60-93ac-d0ef1f90f78a', 0, current_timestamp, current_timestamp, '232 325 1682', 'HOME');
INSERT INTO employee_phone(employee_phones_id, phone_id) VALUES('900c7891-d30f-49c9-befa-9db3016a7019', '0261b14f-e13a-4d60-93ac-d0ef1f90f78a');
INSERT INTO phone(id, version, date_created, last_updated, number, type) VALUES('e043e617-cd0a-4791-b760-c3f2be06b3c8', 0, current_timestamp, current_timestamp, '551 343 5693', 'MOBILE');
INSERT INTO employee_phone(employee_phones_id, phone_id) VALUES('900c7891-d30f-49c9-befa-9db3016a7019', 'e043e617-cd0a-4791-b760-c3f2be06b3c8');
INSERT INTO address(id, version, address, date_created, last_updated, municipality_id, postal_code, settlement_id, state_id) VALUES('d3c0021d-9441-4ea9-9455-d2250c8148e0', 0, 'NICOLAS BRAVO 211', current_timestamp, current_timestamp, (select municipality_id from settlement where postal_code = '89347' limit 1), '89347', (select id from settlement where postal_code = '89347' limit 1), (select state_id from settlement where postal_code = '89347' limit 1));
INSERT INTO job_detail(id, version, base_salary, job_name, date_created, last_updated) VALUES('5c80e385-2879-4174-9928-7e2f1b47b52f', 0, 4000.0, 'Operador', current_timestamp, current_timestamp);
INSERT INTO driver_license(id, version, antiqueness, date_created, last_updated, expedition, expiration, license_number, license_type) VALUES('bdfcb8de-5c02-4d2b-83fc-7e88ebbfbb25', 0, current_timestamp, current_timestamp, current_timestamp, current_timestamp, date('1/12/16'), 'TAMP308513', 'A');
INSERT INTO individual(id, version, address_id, date_created, last_name, last_updated, name, second_last_name, class, driver_license_id, email, employee_position_id, employee_type, job_detail_id, personal_data_id, employee_number) VALUES('4d64214c-fb06-4c8a-8c9c-c70ff508c217', 0, 'd3c0021d-9441-4ea9-9455-d2250c8148e0', current_timestamp, 'LOPEZ', current_timestamp, 'EVERARDO', 'MAURY', 'justcloud.tickets.domain.Employee', 'bdfcb8de-5c02-4d2b-83fc-7e88ebbfbb25', '', 'operator-id', 'REGULAR_EMPLOYEE', '5c80e385-2879-4174-9928-7e2f1b47b52f', null, '1976');
INSERT INTO phone(id, version, date_created, last_updated, number, type) VALUES('dae57873-f48c-4937-8d8b-a04419fd9315', 0, current_timestamp, current_timestamp, '8332906737', 'MOBILE');
INSERT INTO employee_phone(employee_phones_id, phone_id) VALUES('4d64214c-fb06-4c8a-8c9c-c70ff508c217', 'dae57873-f48c-4937-8d8b-a04419fd9315');
INSERT INTO address(id, version, address, date_created, last_updated, municipality_id, postal_code, settlement_id, state_id) VALUES('ac19074d-2dd1-4e6a-b821-5c08ac76574b', 0, 'CARRETERA VALLE DE BRAVO 3', current_timestamp, current_timestamp, (select municipality_id from settlement where postal_code = '50940' limit 1), '50940', (select id from settlement where postal_code = '50940' limit 1), (select state_id from settlement where postal_code = '50940' limit 1));
INSERT INTO job_detail(id, version, base_salary, job_name, date_created, last_updated) VALUES('4be58d57-da60-45b3-8203-ebc9d263dad0', 0, 4000.0, 'Operador', current_timestamp, current_timestamp);
INSERT INTO driver_license(id, version, antiqueness, date_created, last_updated, expedition, expiration, license_number, license_type) VALUES('a5418c81-bd53-4eec-ac4a-6efa8150e779', 0, current_timestamp, current_timestamp, current_timestamp, current_timestamp, date('3/22/16'), 'EDOM09342', 'A');
INSERT INTO individual(id, version, address_id, date_created, last_name, last_updated, name, second_last_name, class, driver_license_id, email, employee_position_id, employee_type, job_detail_id, personal_data_id, employee_number) VALUES('a037635a-84c5-4067-b1a7-54693725b951', 0, 'ac19074d-2dd1-4e6a-b821-5c08ac76574b', current_timestamp, 'PEREZ', current_timestamp, 'HUGO', 'CHATO', 'justcloud.tickets.domain.Employee', 'a5418c81-bd53-4eec-ac4a-6efa8150e779', '', 'operator-id', 'REGULAR_EMPLOYEE', '4be58d57-da60-45b3-8203-ebc9d263dad0', null, '1977');
INSERT INTO phone(id, version, date_created, last_updated, number, type) VALUES('1019a7c9-5897-4385-94c7-e78e5d8a5ef0', 0, current_timestamp, current_timestamp, '7222182850', 'HOME');
INSERT INTO employee_phone(employee_phones_id, phone_id) VALUES('a037635a-84c5-4067-b1a7-54693725b951', '1019a7c9-5897-4385-94c7-e78e5d8a5ef0');
INSERT INTO phone(id, version, date_created, last_updated, number, type) VALUES('d7b884b5-a102-42c8-be62-3d34ce7ce6c4', 0, current_timestamp, current_timestamp, '5520412674', 'WORK');
INSERT INTO employee_phone(employee_phones_id, phone_id) VALUES('a037635a-84c5-4067-b1a7-54693725b951', 'd7b884b5-a102-42c8-be62-3d34ce7ce6c4');
INSERT INTO phone(id, version, date_created, last_updated, number, type) VALUES('ae969731-9733-47b7-947c-f6d1eb67c0c4', 0, current_timestamp, current_timestamp, '2461327689', 'MOBILE');
INSERT INTO employee_phone(employee_phones_id, phone_id) VALUES('a037635a-84c5-4067-b1a7-54693725b951', 'ae969731-9733-47b7-947c-f6d1eb67c0c4');
INSERT INTO address(id, version, address, date_created, last_updated, municipality_id, postal_code, settlement_id, state_id) VALUES('40a9d43c-1c69-46d2-8188-62a1a3f97f51', 0, 'CALLE 20 No. 188', current_timestamp, current_timestamp, (select municipality_id from settlement where postal_code = '97199' limit 1), '97199', (select id from settlement where postal_code = '97199' limit 1), (select state_id from settlement where postal_code = '97199' limit 1));
INSERT INTO job_detail(id, version, base_salary, job_name, date_created, last_updated) VALUES('62b031ce-ebac-48e3-96ae-5d57641d5c5d', 0, 4000.0, 'Operador', current_timestamp, current_timestamp);
INSERT INTO driver_license(id, version, antiqueness, date_created, last_updated, expedition, expiration, license_number, license_type) VALUES('c96f4857-e0c3-488c-82aa-5eb4acd01ee1', 0, current_timestamp, current_timestamp, current_timestamp, current_timestamp, date('1/21/16'), 'VER0101849', 'A');
INSERT INTO individual(id, version, address_id, date_created, last_name, last_updated, name, second_last_name, class, driver_license_id, email, employee_position_id, employee_type, job_detail_id, personal_data_id, employee_number) VALUES('aa3a0943-5a83-40e2-bf8c-5c669acb32a1', 0, '40a9d43c-1c69-46d2-8188-62a1a3f97f51', current_timestamp, 'CHI', current_timestamp, 'PABLO JESUS', 'CAAMAL', 'justcloud.tickets.domain.Employee', 'c96f4857-e0c3-488c-82aa-5eb4acd01ee1', '', 'operator-id', 'REGULAR_EMPLOYEE', '62b031ce-ebac-48e3-96ae-5d57641d5c5d', null, '1978');
INSERT INTO phone(id, version, date_created, last_updated, number, type) VALUES('ef6f0b6b-d79e-4d1a-9100-03ee887163bd', 0, current_timestamp, current_timestamp, '9381612197', 'MOBILE');
INSERT INTO employee_phone(employee_phones_id, phone_id) VALUES('aa3a0943-5a83-40e2-bf8c-5c669acb32a1', 'ef6f0b6b-d79e-4d1a-9100-03ee887163bd');
INSERT INTO address(id, version, address, date_created, last_updated, municipality_id, postal_code, settlement_id, state_id) VALUES('ffa189a7-61ff-445f-b505-1d9deef16fd2', 0, 'FERROCARRIL 25 A', current_timestamp, current_timestamp, (select municipality_id from settlement where postal_code = '79110' limit 1), '79110', (select id from settlement where postal_code = '79110' limit 1), (select state_id from settlement where postal_code = '79110' limit 1));
INSERT INTO job_detail(id, version, base_salary, job_name, date_created, last_updated) VALUES('5c55b23d-f31c-4f52-b94d-d3691e0e7e98', 0, 4000.0, 'Operador', current_timestamp, current_timestamp);
INSERT INTO driver_license(id, version, antiqueness, date_created, last_updated, expedition, expiration, license_number, license_type) VALUES('aea21033-5b8d-40e1-b887-620c95db7bcb', 0, current_timestamp, current_timestamp, current_timestamp, current_timestamp, date('3/22/16'), 'TAMP311150', 'A');
INSERT INTO individual(id, version, address_id, date_created, last_name, last_updated, name, second_last_name, class, driver_license_id, email, employee_position_id, employee_type, job_detail_id, personal_data_id, employee_number) VALUES('7f5ae914-fb2d-45f6-af5d-b664723b5ded', 0, 'ffa189a7-61ff-445f-b505-1d9deef16fd2', current_timestamp, 'DEL ANGEL', current_timestamp, 'JESUS ALBERTO', 'RIVERA', 'justcloud.tickets.domain.Employee', 'aea21033-5b8d-40e1-b887-620c95db7bcb', '', 'operator-id', 'REGULAR_EMPLOYEE', '5c55b23d-f31c-4f52-b94d-d3691e0e7e98', null, '1979');
INSERT INTO phone(id, version, date_created, last_updated, number, type) VALUES('38ccf71a-f807-481d-a2d9-01593a79e6da', 0, current_timestamp, current_timestamp, '8452634246', 'HOME');
INSERT INTO employee_phone(employee_phones_id, phone_id) VALUES('7f5ae914-fb2d-45f6-af5d-b664723b5ded', '38ccf71a-f807-481d-a2d9-01593a79e6da');
INSERT INTO phone(id, version, date_created, last_updated, number, type) VALUES('83095995-fa26-4121-a247-8813dfef103a', 0, current_timestamp, current_timestamp, '4441066141', 'MOBILE');
INSERT INTO employee_phone(employee_phones_id, phone_id) VALUES('7f5ae914-fb2d-45f6-af5d-b664723b5ded', '83095995-fa26-4121-a247-8813dfef103a');
INSERT INTO address(id, version, address, date_created, last_updated, municipality_id, postal_code, settlement_id, state_id) VALUES('c1631b08-8b57-45bb-9dec-16ae6e9e025b', 0, 'BLVD LOPEZ MATEOS 208 SUR', current_timestamp, current_timestamp, (select municipality_id from settlement where postal_code = '89460' limit 1), '89460', (select id from settlement where postal_code = '89460' limit 1), (select state_id from settlement where postal_code = '89460' limit 1));
INSERT INTO job_detail(id, version, base_salary, job_name, date_created, last_updated) VALUES('5cf57d22-4764-42a6-aafa-b7368db4bc7c', 0, 4000.0, 'Operador', current_timestamp, current_timestamp);
INSERT INTO driver_license(id, version, antiqueness, date_created, last_updated, expedition, expiration, license_number, license_type) VALUES('19875f03-9928-41fc-b779-58a2fa446c1c', 0, current_timestamp, current_timestamp, current_timestamp, current_timestamp, date('4/12/16'), 'VER201426', 'A');
INSERT INTO individual(id, version, address_id, date_created, last_name, last_updated, name, second_last_name, class, driver_license_id, email, employee_position_id, employee_type, job_detail_id, personal_data_id, employee_number) VALUES('df169ce1-39c5-458f-a460-933ebd03c91a', 0, 'c1631b08-8b57-45bb-9dec-16ae6e9e025b', current_timestamp, 'MORALES', current_timestamp, 'PEDRO', 'APARICIO', 'justcloud.tickets.domain.Employee', '19875f03-9928-41fc-b779-58a2fa446c1c', '', 'operator-id', 'REGULAR_EMPLOYEE', '5cf57d22-4764-42a6-aafa-b7368db4bc7c', null, '1980');
INSERT INTO phone(id, version, date_created, last_updated, number, type) VALUES('36212e0e-7dc1-4e3a-9d75-ac3261f621fc', 0, current_timestamp, current_timestamp, '8333251215', 'HOME');
INSERT INTO employee_phone(employee_phones_id, phone_id) VALUES('df169ce1-39c5-458f-a460-933ebd03c91a', '36212e0e-7dc1-4e3a-9d75-ac3261f621fc');
INSERT INTO phone(id, version, date_created, last_updated, number, type) VALUES('4bf24b5d-f59c-4f18-ad10-ee1b76e33404', 0, current_timestamp, current_timestamp, '7821384276', 'MOBILE');
INSERT INTO employee_phone(employee_phones_id, phone_id) VALUES('df169ce1-39c5-458f-a460-933ebd03c91a', '4bf24b5d-f59c-4f18-ad10-ee1b76e33404');
INSERT INTO address(id, version, address, date_created, last_updated, municipality_id, postal_code, settlement_id, state_id) VALUES('c358ea36-1853-48bc-bf94-29aae04f1619', 0, 'CUARTA DE JUAN SOTO 111', current_timestamp, current_timestamp, (select municipality_id from settlement where postal_code = '91500' limit 1), '91500', (select id from settlement where postal_code = '91500' limit 1), (select state_id from settlement where postal_code = '91500' limit 1));
INSERT INTO job_detail(id, version, base_salary, job_name, date_created, last_updated) VALUES('e971693e-4e75-49f9-9bda-805609b01280', 0, 4000.0, 'Operador', current_timestamp, current_timestamp);
INSERT INTO driver_license(id, version, antiqueness, date_created, last_updated, expedition, expiration, license_number, license_type) VALUES('fc1f81aa-10a4-4d2b-9cf7-37e1abed6211', 0, current_timestamp, current_timestamp, current_timestamp, current_timestamp, date('4/16/17'), 'PUE0017981', 'A');
INSERT INTO individual(id, version, address_id, date_created, last_name, last_updated, name, second_last_name, class, driver_license_id, email, employee_position_id, employee_type, job_detail_id, personal_data_id, employee_number) VALUES('a374b9e5-4a61-4bb4-95bc-7a9b541e1643', 0, 'c358ea36-1853-48bc-bf94-29aae04f1619', current_timestamp, 'MONTERO', current_timestamp, 'GERARDO MIGUEL', 'GONZALEZ', 'justcloud.tickets.domain.Employee', 'fc1f81aa-10a4-4d2b-9cf7-37e1abed6211', '', 'operator-id', 'REGULAR_EMPLOYEE', 'e971693e-4e75-49f9-9bda-805609b01280', null, '1981');
INSERT INTO phone(id, version, date_created, last_updated, number, type) VALUES('5a467f8f-fb64-417f-995e-be69cc146752', 0, current_timestamp, current_timestamp, '2281136435', 'MOBILE');
INSERT INTO employee_phone(employee_phones_id, phone_id) VALUES('a374b9e5-4a61-4bb4-95bc-7a9b541e1643', '5a467f8f-fb64-417f-995e-be69cc146752');
INSERT INTO address(id, version, address, date_created, last_updated, municipality_id, postal_code, settlement_id, state_id) VALUES('21db476c-9170-4440-8574-2c282d485e06', 0, 'AGUASCALIENTES 107 DEPTO 2', current_timestamp, current_timestamp, (select municipality_id from settlement where postal_code = '89080' limit 1), '89080', (select id from settlement where postal_code = '89080' limit 1), (select state_id from settlement where postal_code = '89080' limit 1));
INSERT INTO job_detail(id, version, base_salary, job_name, date_created, last_updated) VALUES('1da57daa-8a00-4bdc-8019-f2920e48b79e', 0, 4000.0, 'Operador', current_timestamp, current_timestamp);
INSERT INTO driver_license(id, version, antiqueness, date_created, last_updated, expedition, expiration, license_number, license_type) VALUES('c995bacb-4197-429b-98c8-e20be291d728', 0, current_timestamp, current_timestamp, current_timestamp, current_timestamp, date('2/27/18'), 'TAMP309180', 'A');
INSERT INTO individual(id, version, address_id, date_created, last_name, last_updated, name, second_last_name, class, driver_license_id, email, employee_position_id, employee_type, job_detail_id, personal_data_id, employee_number) VALUES('41f8ea50-17e4-4af2-b944-ed63283e0c3d', 0, '21db476c-9170-4440-8574-2c282d485e06', current_timestamp, 'SALMERON', current_timestamp, 'LUIS ENRIQUE', 'ORTIZ', 'justcloud.tickets.domain.Employee', 'c995bacb-4197-429b-98c8-e20be291d728', '', 'operator-id', 'REGULAR_EMPLOYEE', '1da57daa-8a00-4bdc-8019-f2920e48b79e', null, '1984');
INSERT INTO phone(id, version, date_created, last_updated, number, type) VALUES('88f91dca-eaab-4e73-ad71-48fa5fddca0f', 0, current_timestamp, current_timestamp, '8332148161', 'HOME');
INSERT INTO employee_phone(employee_phones_id, phone_id) VALUES('41f8ea50-17e4-4af2-b944-ed63283e0c3d', '88f91dca-eaab-4e73-ad71-48fa5fddca0f');
INSERT INTO phone(id, version, date_created, last_updated, number, type) VALUES('a8a42f6d-f3cf-41fe-85bd-fa813a519169', 0, current_timestamp, current_timestamp, '8333472505', 'MOBILE');
INSERT INTO employee_phone(employee_phones_id, phone_id) VALUES('41f8ea50-17e4-4af2-b944-ed63283e0c3d', 'a8a42f6d-f3cf-41fe-85bd-fa813a519169');
INSERT INTO address(id, version, address, date_created, last_updated, municipality_id, postal_code, settlement_id, state_id) VALUES('d7a89660-1a3d-4c0d-b315-36cf4776f5c4', 0, '73 A EXT. 210-A', current_timestamp, current_timestamp, (select municipality_id from settlement where postal_code = '97370' limit 1), '97370', (select id from settlement where postal_code = '97370' limit 1), (select state_id from settlement where postal_code = '97370' limit 1));
INSERT INTO job_detail(id, version, base_salary, job_name, date_created, last_updated) VALUES('c5327a53-5a2c-4933-b7c2-728c1cf45799', 0, 4000.0, 'Operador', current_timestamp, current_timestamp);
INSERT INTO driver_license(id, version, antiqueness, date_created, last_updated, expedition, expiration, license_number, license_type) VALUES('ce0607a4-06ea-4dad-ade1-c17b976451bf', 0, current_timestamp, current_timestamp, current_timestamp, current_timestamp, date('8/11/15'), 'YUC0008570', 'A');
INSERT INTO individual(id, version, address_id, date_created, last_name, last_updated, name, second_last_name, class, driver_license_id, email, employee_position_id, employee_type, job_detail_id, personal_data_id, employee_number) VALUES('9e89a001-21cf-4d6e-bd55-25d6bef9ffb4', 0, 'd7a89660-1a3d-4c0d-b315-36cf4776f5c4', current_timestamp, 'SOBERANIS', current_timestamp, 'EDGAR RODRIGO', 'EK', 'justcloud.tickets.domain.Employee', 'ce0607a4-06ea-4dad-ade1-c17b976451bf', '', 'operator-id', 'REGULAR_EMPLOYEE', 'c5327a53-5a2c-4933-b7c2-728c1cf45799', null, '1985');
INSERT INTO phone(id, version, date_created, last_updated, number, type) VALUES('c02a6dcd-16c3-4978-8a2f-c286755f25f5', 0, current_timestamp, current_timestamp, '999 131 5859', 'HOME');
INSERT INTO employee_phone(employee_phones_id, phone_id) VALUES('9e89a001-21cf-4d6e-bd55-25d6bef9ffb4', 'c02a6dcd-16c3-4978-8a2f-c286755f25f5');
INSERT INTO phone(id, version, date_created, last_updated, number, type) VALUES('35ce8071-700e-42b2-b368-636a62b130ed', 0, current_timestamp, current_timestamp, '9991129745', 'MOBILE');
INSERT INTO employee_phone(employee_phones_id, phone_id) VALUES('9e89a001-21cf-4d6e-bd55-25d6bef9ffb4', '35ce8071-700e-42b2-b368-636a62b130ed');
INSERT INTO address(id, version, address, date_created, last_updated, municipality_id, postal_code, settlement_id, state_id) VALUES('8ca8ec4e-20ed-4b13-8721-f4b544cdae2d', 0, 'ALMEJA 445', current_timestamp, current_timestamp, (select municipality_id from settlement where postal_code = '89600' limit 1), '89600', (select id from settlement where postal_code = '89600' limit 1), (select state_id from settlement where postal_code = '89600' limit 1));
INSERT INTO job_detail(id, version, base_salary, job_name, date_created, last_updated) VALUES('da10af01-d2a2-403b-9172-4983103ae27b', 0, 4000.0, 'Operador', current_timestamp, current_timestamp);
INSERT INTO driver_license(id, version, antiqueness, date_created, last_updated, expedition, expiration, license_number, license_type) VALUES('a616f97d-3202-4974-b31e-91992bf52e21', 0, current_timestamp, current_timestamp, current_timestamp, current_timestamp, date('1/19/17'), 'TAMP301955', 'A');
INSERT INTO individual(id, version, address_id, date_created, last_name, last_updated, name, second_last_name, class, driver_license_id, email, employee_position_id, employee_type, job_detail_id, personal_data_id, employee_number) VALUES('2c2c750c-ba11-4f1f-b2ad-113ab3f8846c', 0, '8ca8ec4e-20ed-4b13-8721-f4b544cdae2d', current_timestamp, 'VELAZQUEZ', current_timestamp, 'MARGARITO', 'CASTILLO', 'justcloud.tickets.domain.Employee', 'a616f97d-3202-4974-b31e-91992bf52e21', '', 'operator-id', 'REGULAR_EMPLOYEE', 'da10af01-d2a2-403b-9172-4983103ae27b', null, '1988');
INSERT INTO phone(id, version, date_created, last_updated, number, type) VALUES('7aaeaadc-1dd3-47e6-99ec-615e66658025', 0, current_timestamp, current_timestamp, '811 1178836', 'MOBILE');
INSERT INTO employee_phone(employee_phones_id, phone_id) VALUES('2c2c750c-ba11-4f1f-b2ad-113ab3f8846c', '7aaeaadc-1dd3-47e6-99ec-615e66658025');
INSERT INTO address(id, version, address, date_created, last_updated, municipality_id, postal_code, settlement_id, state_id) VALUES('3bde6fec-9574-4c10-aa0a-8835aaadbf2b', 0, 'PALMA 503', current_timestamp, current_timestamp, (select municipality_id from settlement where postal_code = '89330' limit 1), '89330', (select id from settlement where postal_code = '89330' limit 1), (select state_id from settlement where postal_code = '89330' limit 1));
INSERT INTO job_detail(id, version, base_salary, job_name, date_created, last_updated) VALUES('22823c68-52d0-49df-8dde-87f7f3c1ff76', 0, 4000.0, 'Operador', current_timestamp, current_timestamp);
INSERT INTO driver_license(id, version, antiqueness, date_created, last_updated, expedition, expiration, license_number, license_type) VALUES('9a277e97-7ea9-44de-8aa8-a00628974c51', 0, current_timestamp, current_timestamp, current_timestamp, current_timestamp, date('10/18/15'), 'TAMP308333', 'A');
INSERT INTO individual(id, version, address_id, date_created, last_name, last_updated, name, second_last_name, class, driver_license_id, email, employee_position_id, employee_type, job_detail_id, personal_data_id, employee_number) VALUES('653dafaa-c017-4688-b90f-0df05381cff8', 0, '3bde6fec-9574-4c10-aa0a-8835aaadbf2b', current_timestamp, 'GONZALEZ', current_timestamp, 'ALEJANDRO', 'GOMEZ', 'justcloud.tickets.domain.Employee', '9a277e97-7ea9-44de-8aa8-a00628974c51', '', 'operator-id', 'REGULAR_EMPLOYEE', '22823c68-52d0-49df-8dde-87f7f3c1ff76', null, '1992');
INSERT INTO phone(id, version, date_created, last_updated, number, type) VALUES('a9230cf7-a147-49a7-bff1-27f4ea629073', 0, current_timestamp, current_timestamp, '833 2287570', 'HOME');
INSERT INTO employee_phone(employee_phones_id, phone_id) VALUES('653dafaa-c017-4688-b90f-0df05381cff8', 'a9230cf7-a147-49a7-bff1-27f4ea629073');
INSERT INTO phone(id, version, date_created, last_updated, number, type) VALUES('3a4d6a29-4560-4ce7-94c4-6f7a565f0fd7', 0, current_timestamp, current_timestamp, '8331185941', 'MOBILE');
INSERT INTO employee_phone(employee_phones_id, phone_id) VALUES('653dafaa-c017-4688-b90f-0df05381cff8', '3a4d6a29-4560-4ce7-94c4-6f7a565f0fd7');
INSERT INTO address(id, version, address, date_created, last_updated, municipality_id, postal_code, settlement_id, state_id) VALUES('ec7631e0-faf2-404c-9a72-2bc732bb95af', 0, 'PISTACHE MANZANA 114 LOTE 23', current_timestamp, current_timestamp, (select municipality_id from settlement where postal_code = '91855' limit 1), '91855', (select id from settlement where postal_code = '91855' limit 1), (select state_id from settlement where postal_code = '91855' limit 1));
INSERT INTO job_detail(id, version, base_salary, job_name, date_created, last_updated) VALUES('e7b85828-6e8c-4422-94f5-2ded56133c8c', 0, 4000.0, 'Operador', current_timestamp, current_timestamp);
INSERT INTO driver_license(id, version, antiqueness, date_created, last_updated, expedition, expiration, license_number, license_type) VALUES('7db40524-cb86-4553-831b-64f79558d5e9', 0, current_timestamp, current_timestamp, current_timestamp, current_timestamp, date('10/4/15'), 'VER0135760', 'A');
INSERT INTO individual(id, version, address_id, date_created, last_name, last_updated, name, second_last_name, class, driver_license_id, email, employee_position_id, employee_type, job_detail_id, personal_data_id, employee_number) VALUES('5d8b48fc-41a6-432a-bb0d-e5645528eaf1', 0, 'ec7631e0-faf2-404c-9a72-2bc732bb95af', current_timestamp, 'LICONA', current_timestamp, 'DAVID HUMBERTO', 'RODRIGUEZ', 'justcloud.tickets.domain.Employee', '7db40524-cb86-4553-831b-64f79558d5e9', '', 'operator-id', 'REGULAR_EMPLOYEE', 'e7b85828-6e8c-4422-94f5-2ded56133c8c', null, '1993');
INSERT INTO phone(id, version, date_created, last_updated, number, type) VALUES('3b186535-d3ed-49d5-8224-b03fbba3f466', 0, current_timestamp, current_timestamp, '2292332930', 'MOBILE');
INSERT INTO employee_phone(employee_phones_id, phone_id) VALUES('5d8b48fc-41a6-432a-bb0d-e5645528eaf1', '3b186535-d3ed-49d5-8224-b03fbba3f466');
INSERT INTO address(id, version, address, date_created, last_updated, municipality_id, postal_code, settlement_id, state_id) VALUES('0e7dee05-5927-4c02-a3f0-1ebcd399f3dc', 0, 'MEMBRILLO 823', current_timestamp, current_timestamp, (select municipality_id from settlement where postal_code = '25115' limit 1), '25115', (select id from settlement where postal_code = '25115' limit 1), (select state_id from settlement where postal_code = '25115' limit 1));
INSERT INTO job_detail(id, version, base_salary, job_name, date_created, last_updated) VALUES('cec12a00-cdae-487c-8fc2-99146b9e6a76', 0, 4000.0, 'Operador', current_timestamp, current_timestamp);
INSERT INTO driver_license(id, version, antiqueness, date_created, last_updated, expedition, expiration, license_number, license_type) VALUES('255722e2-ed95-45ec-af7d-a74ebb5c4e6f', 0, current_timestamp, current_timestamp, current_timestamp, current_timestamp, date('6/30/15'), 'VER304123', 'A');
INSERT INTO individual(id, version, address_id, date_created, last_name, last_updated, name, second_last_name, class, driver_license_id, email, employee_position_id, employee_type, job_detail_id, personal_data_id, employee_number) VALUES('996b9ba4-8cf5-4520-9fa6-cfbf6eb926f8', 0, '0e7dee05-5927-4c02-a3f0-1ebcd399f3dc', current_timestamp, 'GLOBER', current_timestamp, 'ENRIQUE', 'REYNOLDS', 'justcloud.tickets.domain.Employee', '255722e2-ed95-45ec-af7d-a74ebb5c4e6f', '', 'operator-id', 'REGULAR_EMPLOYEE', 'cec12a00-cdae-487c-8fc2-99146b9e6a76', null, '2026');
INSERT INTO phone(id, version, date_created, last_updated, number, type) VALUES('8641e460-5664-4436-8d98-35c1dd4aa004', 0, current_timestamp, current_timestamp, '8111944407', 'MOBILE');
INSERT INTO employee_phone(employee_phones_id, phone_id) VALUES('996b9ba4-8cf5-4520-9fa6-cfbf6eb926f8', '8641e460-5664-4436-8d98-35c1dd4aa004');
INSERT INTO address(id, version, address, date_created, last_updated, municipality_id, postal_code, settlement_id, state_id) VALUES('7347c18d-fe2e-4a9c-8d0d-95e1509ec6e8', 0, 'CIRCUITO BOREAL 172-A', current_timestamp, current_timestamp, (select municipality_id from settlement where postal_code = '89600' limit 1), '89600', (select id from settlement where postal_code = '89600' limit 1), (select state_id from settlement where postal_code = '89600' limit 1));
INSERT INTO job_detail(id, version, base_salary, job_name, date_created, last_updated) VALUES('d193b0b5-09f5-425e-afbc-769a225d0aad', 0, 4000.0, 'Operador', current_timestamp, current_timestamp);
INSERT INTO driver_license(id, version, antiqueness, date_created, last_updated, expedition, expiration, license_number, license_type) VALUES('31a80eae-f61e-4e37-a4e8-ebef82b0e9b0', 0, current_timestamp, current_timestamp, current_timestamp, current_timestamp, date('9/14/16'), 'TAMP310190', 'A');
INSERT INTO individual(id, version, address_id, date_created, last_name, last_updated, name, second_last_name, class, driver_license_id, email, employee_position_id, employee_type, job_detail_id, personal_data_id, employee_number) VALUES('408e54c9-8117-4482-9da4-be67145d8fe1', 0, '7347c18d-fe2e-4a9c-8d0d-95e1509ec6e8', current_timestamp, 'AGUILAR', current_timestamp, 'HUMBERTO FRANCISCO', 'CAN', 'justcloud.tickets.domain.Employee', '31a80eae-f61e-4e37-a4e8-ebef82b0e9b0', '', 'operator-id', 'REGULAR_EMPLOYEE', 'd193b0b5-09f5-425e-afbc-769a225d0aad', null, '2025');
INSERT INTO phone(id, version, date_created, last_updated, number, type) VALUES('ebe4df3f-689a-4e4f-a6d7-a0222a0073f8', 0, current_timestamp, current_timestamp, '8333725625', 'HOME');
INSERT INTO employee_phone(employee_phones_id, phone_id) VALUES('408e54c9-8117-4482-9da4-be67145d8fe1', 'ebe4df3f-689a-4e4f-a6d7-a0222a0073f8');
INSERT INTO phone(id, version, date_created, last_updated, number, type) VALUES('12c3fdbf-e58f-4774-95d9-68c701b77825', 0, current_timestamp, current_timestamp, '8333471949', 'MOBILE');
INSERT INTO employee_phone(employee_phones_id, phone_id) VALUES('408e54c9-8117-4482-9da4-be67145d8fe1', '12c3fdbf-e58f-4774-95d9-68c701b77825');
INSERT INTO job_detail(id, version, base_salary, job_name, date_created, last_updated) VALUES('09bf0a03-cfa4-4107-8dda-04c17880cde4', 0, 4000.0, 'Operador', current_timestamp, current_timestamp);
INSERT INTO individual(id, version, address_id, date_created, last_name, last_updated, name, second_last_name, class, driver_license_id, email, employee_position_id, employee_type, job_detail_id, personal_data_id, employee_number) VALUES('fdcd2cb4-77e3-42f5-8643-872a29cc716c', 0, null, current_timestamp, 'MORENO', current_timestamp, 'FIDEL', 'ARREOLA', 'justcloud.tickets.domain.Employee', null, '', 'operator-id', 'REGULAR_EMPLOYEE', '09bf0a03-cfa4-4107-8dda-04c17880cde4', null, '2063');
INSERT INTO address(id, version, address, date_created, last_updated, municipality_id, postal_code, settlement_id, state_id) VALUES('55864103-0454-4878-81ce-615f7b55be84', 0, 'CATALPA No. 11', current_timestamp, current_timestamp, (select municipality_id from settlement where postal_code = '89600' limit 1), '89600', (select id from settlement where postal_code = '89600' limit 1), (select state_id from settlement where postal_code = '89600' limit 1));
INSERT INTO job_detail(id, version, base_salary, job_name, date_created, last_updated) VALUES('6f4e0518-c3e1-4042-84be-534334782972', 0, 4000.0, 'Operador', current_timestamp, current_timestamp);
INSERT INTO driver_license(id, version, antiqueness, date_created, last_updated, expedition, expiration, license_number, license_type) VALUES('2931859c-48f2-48ea-904d-3972e69cabfa', 0, current_timestamp, current_timestamp, current_timestamp, current_timestamp, date('9/8/11'), 'TAMP304255', 'A');
INSERT INTO individual(id, version, address_id, date_created, last_name, last_updated, name, second_last_name, class, driver_license_id, email, employee_position_id, employee_type, job_detail_id, personal_data_id, employee_number) VALUES('ba51c8c0-3896-4c8a-830c-79198713e7fb', 0, '55864103-0454-4878-81ce-615f7b55be84', current_timestamp, 'GUERRERO', current_timestamp, 'ALEJANDRO', 'VELAZQUEZ', 'justcloud.tickets.domain.Employee', '2931859c-48f2-48ea-904d-3972e69cabfa', '', 'operator-id', 'REGULAR_EMPLOYEE', '6f4e0518-c3e1-4042-84be-534334782972', null, '2050');
INSERT INTO phone(id, version, date_created, last_updated, number, type) VALUES('d3fc9002-5e60-4714-bdf1-b8b4883af262', 0, current_timestamp, current_timestamp, '833 123 26 80', 'MOBILE');
INSERT INTO employee_phone(employee_phones_id, phone_id) VALUES('ba51c8c0-3896-4c8a-830c-79198713e7fb', 'd3fc9002-5e60-4714-bdf1-b8b4883af262');
INSERT INTO address(id, version, address, date_created, last_updated, municipality_id, postal_code, settlement_id, state_id) VALUES('3622611b-0fa0-4900-9d20-af7917dcca2a', 0, 'TAMAUILIPAS No. 1113', current_timestamp, current_timestamp, (select municipality_id from settlement where postal_code = '89600' limit 1), '89600', (select id from settlement where postal_code = '89600' limit 1), (select state_id from settlement where postal_code = '89600' limit 1));
INSERT INTO job_detail(id, version, base_salary, job_name, date_created, last_updated) VALUES('5904f94f-fad9-4c90-a95e-c44f882860cf', 0, 4000.0, 'Operador', current_timestamp, current_timestamp);
INSERT INTO driver_license(id, version, antiqueness, date_created, last_updated, expedition, expiration, license_number, license_type) VALUES('ab960d90-48de-42c6-94e7-d70658d7611b', 0, current_timestamp, current_timestamp, current_timestamp, current_timestamp, date('10/29/15'), 'NVOL06204', 'A');
INSERT INTO individual(id, version, address_id, date_created, last_name, last_updated, name, second_last_name, class, driver_license_id, email, employee_position_id, employee_type, job_detail_id, personal_data_id, employee_number) VALUES('06af62e5-0609-46e7-892c-db079be10571', 0, '3622611b-0fa0-4900-9d20-af7917dcca2a', current_timestamp, 'ORNELAS', current_timestamp, 'HUMBERTO ALFREDO', 'MACIAS', 'justcloud.tickets.domain.Employee', 'ab960d90-48de-42c6-94e7-d70658d7611b', '', 'operator-id', 'REGULAR_EMPLOYEE', '5904f94f-fad9-4c90-a95e-c44f882860cf', null, '2090');
INSERT INTO phone(id, version, date_created, last_updated, number, type) VALUES('10d90fba-f31d-4766-a065-c2abbbed32a5', 0, current_timestamp, current_timestamp, '8331731007', 'MOBILE');
INSERT INTO employee_phone(employee_phones_id, phone_id) VALUES('06af62e5-0609-46e7-892c-db079be10571', '10d90fba-f31d-4766-a065-c2abbbed32a5');
INSERT INTO address(id, version, address, date_created, last_updated, municipality_id, postal_code, settlement_id, state_id) VALUES('6f768643-7b6e-4c5e-b15b-8f72de55c021', 0, 'OCAMPO No. 1502 SUR', current_timestamp, current_timestamp, (select municipality_id from settlement where postal_code = '89880' limit 1), '89880', (select id from settlement where postal_code = '89880' limit 1), (select state_id from settlement where postal_code = '89880' limit 1));
INSERT INTO job_detail(id, version, base_salary, job_name, date_created, last_updated) VALUES('f2ff07c5-b7c9-41d6-9331-55e54e55cee3', 0, 4000.0, 'Operador', current_timestamp, current_timestamp);
INSERT INTO driver_license(id, version, antiqueness, date_created, last_updated, expedition, expiration, license_number, license_type) VALUES('fd6b8fbf-bfee-4b67-921f-c4eb7ff3d452', 0, current_timestamp, current_timestamp, current_timestamp, current_timestamp, date('10/17/16'), 'TAMP309389', 'A');
INSERT INTO individual(id, version, address_id, date_created, last_name, last_updated, name, second_last_name, class, driver_license_id, email, employee_position_id, employee_type, job_detail_id, personal_data_id, employee_number) VALUES('705c6d45-1964-4b3e-ac97-c7c409504c82', 0, '6f768643-7b6e-4c5e-b15b-8f72de55c021', current_timestamp, 'CASTILLO', current_timestamp, 'JOSE RAFAEL', 'MUÑIZ', 'justcloud.tickets.domain.Employee', 'fd6b8fbf-bfee-4b67-921f-c4eb7ff3d452', '', 'operator-id', 'REGULAR_EMPLOYEE', 'f2ff07c5-b7c9-41d6-9331-55e54e55cee3', null, '2112');
INSERT INTO address(id, version, address, date_created, last_updated, municipality_id, postal_code, settlement_id, state_id) VALUES('5d9699c4-835c-4912-963f-8f09298b7061', 0, 'LAS ANIMAS S/N', current_timestamp, current_timestamp, (select municipality_id from settlement where postal_code = '92002' limit 1), '92002', (select id from settlement where postal_code = '92002' limit 1), (select state_id from settlement where postal_code = '92002' limit 1));
INSERT INTO job_detail(id, version, base_salary, job_name, date_created, last_updated) VALUES('caa7f4fc-527a-4bba-b02f-be8c488f746d', 0, 4000.0, 'Operador', current_timestamp, current_timestamp);
INSERT INTO driver_license(id, version, antiqueness, date_created, last_updated, expedition, expiration, license_number, license_type) VALUES('08916de9-b74f-4f14-84f6-844c4c2970b6', 0, current_timestamp, current_timestamp, current_timestamp, current_timestamp, date('6/13/16'), 'TAMP303416', 'A');
INSERT INTO individual(id, version, address_id, date_created, last_name, last_updated, name, second_last_name, class, driver_license_id, email, employee_position_id, employee_type, job_detail_id, personal_data_id, employee_number) VALUES('86902e67-aac2-470b-b03c-4769d1c7db56', 0, '5d9699c4-835c-4912-963f-8f09298b7061', current_timestamp, 'ESPRONCEDA', current_timestamp, 'JOSE LUIS', 'CERVANTES', 'justcloud.tickets.domain.Employee', '08916de9-b74f-4f14-84f6-844c4c2970b6', '', 'operator-id', 'REGULAR_EMPLOYEE', 'caa7f4fc-527a-4bba-b02f-be8c488f746d', null, '2113');
INSERT INTO address(id, version, address, date_created, last_updated, municipality_id, postal_code, settlement_id, state_id) VALUES('96255a11-472e-4fe1-a4af-9ea21c4a7df4', 0, 'AV LOS TECNICOS No. 1', current_timestamp, current_timestamp, (select municipality_id from settlement where postal_code = '73160' limit 1), '73160', (select id from settlement where postal_code = '73160' limit 1), (select state_id from settlement where postal_code = '73160' limit 1));
INSERT INTO job_detail(id, version, base_salary, job_name, date_created, last_updated) VALUES('2f503e32-c803-48ca-b49c-2fad1d64cd3d', 0, 4000.0, 'Operador', current_timestamp, current_timestamp);
INSERT INTO driver_license(id, version, antiqueness, date_created, last_updated, expedition, expiration, license_number, license_type) VALUES('ccc9313c-d9b1-4d8a-862c-913fec602523', 0, current_timestamp, current_timestamp, current_timestamp, current_timestamp, date('4/8/16'), 'SIN200075', 'A');
INSERT INTO individual(id, version, address_id, date_created, last_name, last_updated, name, second_last_name, class, driver_license_id, email, employee_position_id, employee_type, job_detail_id, personal_data_id, employee_number) VALUES('9c931ffe-5032-44aa-aa93-1189b9dd41ac', 0, '96255a11-472e-4fe1-a4af-9ea21c4a7df4', current_timestamp, 'VELAZQUEZ', current_timestamp, 'MARCO SERGIO', 'SOLANO', 'justcloud.tickets.domain.Employee', 'ccc9313c-d9b1-4d8a-862c-913fec602523', '', 'operator-id', 'REGULAR_EMPLOYEE', '2f503e32-c803-48ca-b49c-2fad1d64cd3d', null, '2114');
INSERT INTO address(id, version, address, date_created, last_updated, municipality_id, postal_code, settlement_id, state_id) VALUES('9dc14cf3-f539-4394-af6e-783a75c26344', 0, 'SAN FCO MZ 38 LT 12 C 2', current_timestamp, current_timestamp, (select municipality_id from settlement where postal_code = '55710' limit 1), '55710', (select id from settlement where postal_code = '55710' limit 1), (select state_id from settlement where postal_code = '55710' limit 1));
INSERT INTO job_detail(id, version, base_salary, job_name, date_created, last_updated) VALUES('ebd4a1e3-84d7-42de-841f-cc0a22221350', 0, 4000.0, 'Operador', current_timestamp, current_timestamp);
INSERT INTO driver_license(id, version, antiqueness, date_created, last_updated, expedition, expiration, license_number, license_type) VALUES('594c6910-f67d-4f13-bf18-251aae3e4ec7', 0, current_timestamp, current_timestamp, current_timestamp, current_timestamp, date('8/25/16'), 'COAH203269', 'A');
INSERT INTO individual(id, version, address_id, date_created, last_name, last_updated, name, second_last_name, class, driver_license_id, email, employee_position_id, employee_type, job_detail_id, personal_data_id, employee_number) VALUES('5628b289-3ac7-472c-a149-919dd73a8095', 0, '9dc14cf3-f539-4394-af6e-783a75c26344', current_timestamp, 'NAVA', current_timestamp, 'VICTOR ARMANDO', 'CEJA', 'justcloud.tickets.domain.Employee', '594c6910-f67d-4f13-bf18-251aae3e4ec7', '', 'operator-id', 'REGULAR_EMPLOYEE', 'ebd4a1e3-84d7-42de-841f-cc0a22221350', null, '2115');
INSERT INTO phone(id, version, date_created, last_updated, number, type) VALUES('54419da8-8480-4777-abd6-a2d448100337', 0, current_timestamp, current_timestamp, '559 1081730', 'MOBILE');
INSERT INTO employee_phone(employee_phones_id, phone_id) VALUES('5628b289-3ac7-472c-a149-919dd73a8095', '54419da8-8480-4777-abd6-a2d448100337');
INSERT INTO job_detail(id, version, base_salary, job_name, date_created, last_updated) VALUES('e2a798f4-7188-42ae-9dea-142123357762', 0, 4000.0, 'Operador', current_timestamp, current_timestamp);
INSERT INTO individual(id, version, address_id, date_created, last_name, last_updated, name, second_last_name, class, driver_license_id, email, employee_position_id, employee_type, job_detail_id, personal_data_id, employee_number) VALUES('963bd9cc-875d-4a48-959a-ac909ba60735', 0, null, current_timestamp, 'MORENO', current_timestamp, 'FIDEL', 'ARREOLA', 'justcloud.tickets.domain.Employee', null, '', 'operator-id', 'REGULAR_EMPLOYEE', 'e2a798f4-7188-42ae-9dea-142123357762', null, '1056');
INSERT INTO job_detail(id, version, base_salary, job_name, date_created, last_updated) VALUES('8e192301-fa0e-4475-8803-f080da8679f0', 0, 4000.0, 'Operador', current_timestamp, current_timestamp);
INSERT INTO driver_license(id, version, antiqueness, date_created, last_updated, expedition, expiration, license_number, license_type) VALUES('f4d5a595-dc4a-40e3-8afd-05264f31f8ec', 0, current_timestamp, current_timestamp, current_timestamp, current_timestamp, date('7/31/11'), 'TAMP309587', 'A');
INSERT INTO individual(id, version, address_id, date_created, last_name, last_updated, name, second_last_name, class, driver_license_id, email, employee_position_id, employee_type, job_detail_id, personal_data_id, employee_number) VALUES('961f5ae8-bd6b-48a6-a934-1ee60170c70d', 0, null, current_timestamp, 'MARTINEZ', current_timestamp, 'JOSE LUIS', 'MENESES', 'justcloud.tickets.domain.Employee', 'f4d5a595-dc4a-40e3-8afd-05264f31f8ec', '', 'operator-id', 'REGULAR_EMPLOYEE', '8e192301-fa0e-4475-8803-f080da8679f0', null, '1052');
INSERT INTO job_detail(id, version, base_salary, job_name, date_created, last_updated) VALUES('6fc0573b-6175-4f53-aefd-b0d9f994b997', 0, 4000.0, 'Operador', current_timestamp, current_timestamp);
INSERT INTO driver_license(id, version, antiqueness, date_created, last_updated, expedition, expiration, license_number, license_type) VALUES('ff19ff1c-144f-411e-a931-6ff378d23035', 0, current_timestamp, current_timestamp, current_timestamp, current_timestamp, date('5/10/11'), 'VER0105682', 'A');
INSERT INTO individual(id, version, address_id, date_created, last_name, last_updated, name, second_last_name, class, driver_license_id, email, employee_position_id, employee_type, job_detail_id, personal_data_id, employee_number) VALUES('b7ee4ce4-5114-40de-bd1f-2675b221036b', 0, null, current_timestamp, 'VEGA', current_timestamp, 'JOSE MARGARITO', 'HERNANDEZ', 'justcloud.tickets.domain.Employee', 'ff19ff1c-144f-411e-a931-6ff378d23035', '', 'operator-id', 'REGULAR_EMPLOYEE', '6fc0573b-6175-4f53-aefd-b0d9f994b997', null, '1081');
INSERT INTO job_detail(id, version, base_salary, job_name, date_created, last_updated) VALUES('9237a62b-bf33-4e1a-9ad7-d92954a58f95', 0, 4000.0, 'Operador', current_timestamp, current_timestamp);
INSERT INTO driver_license(id, version, antiqueness, date_created, last_updated, expedition, expiration, license_number, license_type) VALUES('ba8596f9-3bdd-42b9-8d7f-bfc24eb4d8c4', 0, current_timestamp, current_timestamp, current_timestamp, current_timestamp, date('10/25/10'), 'TAMP305294', 'A');
INSERT INTO individual(id, version, address_id, date_created, last_name, last_updated, name, second_last_name, class, driver_license_id, email, employee_position_id, employee_type, job_detail_id, personal_data_id, employee_number) VALUES('da5fa55b-14bf-42f7-81ba-09d3d67cdb61', 0, null, current_timestamp, 'MARIN', current_timestamp, 'RAUL', 'NUÑEZ', 'justcloud.tickets.domain.Employee', 'ba8596f9-3bdd-42b9-8d7f-bfc24eb4d8c4', '', 'operator-id', 'REGULAR_EMPLOYEE', '9237a62b-bf33-4e1a-9ad7-d92954a58f95', null, '1206');
INSERT INTO job_detail(id, version, base_salary, job_name, date_created, last_updated) VALUES('be927e73-7827-4733-bf91-bcee5e7ef9ec', 0, 4000.0, 'Operador', current_timestamp, current_timestamp);
INSERT INTO driver_license(id, version, antiqueness, date_created, last_updated, expedition, expiration, license_number, license_type) VALUES('fd65ea47-2bb6-4bf6-99aa-f190226660e9', 0, current_timestamp, current_timestamp, current_timestamp, current_timestamp, date('4/23/11'), 'VER0304977', 'A');
INSERT INTO individual(id, version, address_id, date_created, last_name, last_updated, name, second_last_name, class, driver_license_id, email, employee_position_id, employee_type, job_detail_id, personal_data_id, employee_number) VALUES('2d54b0ca-d5f8-4b19-a57c-1698eaf9ac35', 0, null, current_timestamp, 'PONCE DE LEON', current_timestamp, 'LUIS LEON', 'RAMIREZ', 'justcloud.tickets.domain.Employee', 'fd65ea47-2bb6-4bf6-99aa-f190226660e9', '', 'operator-id', 'REGULAR_EMPLOYEE', 'be927e73-7827-4733-bf91-bcee5e7ef9ec', null, '1157');
INSERT INTO job_detail(id, version, base_salary, job_name, date_created, last_updated) VALUES('bb592e7e-6545-4fde-928f-aa446ae44a66', 0, 4000.0, 'Operador', current_timestamp, current_timestamp);
INSERT INTO driver_license(id, version, antiqueness, date_created, last_updated, expedition, expiration, license_number, license_type) VALUES('76601f5b-8ccf-4d55-bc16-0f5243204a77', 0, current_timestamp, current_timestamp, current_timestamp, current_timestamp, date('7/20/11'), 'TAMP303464', 'A');
INSERT INTO individual(id, version, address_id, date_created, last_name, last_updated, name, second_last_name, class, driver_license_id, email, employee_position_id, employee_type, job_detail_id, personal_data_id, employee_number) VALUES('01779ce6-324e-4c13-b46c-ee36752400f1', 0, null, current_timestamp, 'MARTINEZ', current_timestamp, 'JUAN PABLO', 'DE LA ROSA', 'justcloud.tickets.domain.Employee', '76601f5b-8ccf-4d55-bc16-0f5243204a77', '', 'operator-id', 'REGULAR_EMPLOYEE', 'bb592e7e-6545-4fde-928f-aa446ae44a66', null, '1219');
INSERT INTO job_detail(id, version, base_salary, job_name, date_created, last_updated) VALUES('fe460666-7509-46f3-bdbf-8e767cf0f695', 0, 4000.0, 'Operador', current_timestamp, current_timestamp);
INSERT INTO driver_license(id, version, antiqueness, date_created, last_updated, expedition, expiration, license_number, license_type) VALUES('bd051e09-8030-44ce-bef6-2e0360916441', 0, current_timestamp, current_timestamp, current_timestamp, current_timestamp, date('6/9/11'), 'TAMP308805', 'A');
INSERT INTO individual(id, version, address_id, date_created, last_name, last_updated, name, second_last_name, class, driver_license_id, email, employee_position_id, employee_type, job_detail_id, personal_data_id, employee_number) VALUES('62025cce-36df-44ed-847b-41312006ff64', 0, null, current_timestamp, 'REYES', current_timestamp, 'JULIO', 'HERNANDEZ', 'justcloud.tickets.domain.Employee', 'bd051e09-8030-44ce-bef6-2e0360916441', '', 'operator-id', 'REGULAR_EMPLOYEE', 'fe460666-7509-46f3-bdbf-8e767cf0f695', null, '1240');
INSERT INTO address(id, version, address, date_created, last_updated, municipality_id, postal_code, settlement_id, state_id) VALUES('a1762ab2-34ba-4d8b-990c-a585e3df3323', 0, 'FRANCISCO VILLA S/N', current_timestamp, current_timestamp, (select municipality_id from settlement where postal_code = '92000' limit 1), '92000', (select id from settlement where postal_code = '92000' limit 1), (select state_id from settlement where postal_code = '92000' limit 1));
INSERT INTO job_detail(id, version, base_salary, job_name, date_created, last_updated) VALUES('9c5b795a-f6bf-489d-ac6b-52b5d236fc39', 0, 4000.0, 'Operador', current_timestamp, current_timestamp);
INSERT INTO driver_license(id, version, antiqueness, date_created, last_updated, expedition, expiration, license_number, license_type) VALUES('e01427c1-2c18-4c4f-94f5-4c023498fb01', 0, current_timestamp, current_timestamp, current_timestamp, current_timestamp, date('11/24/10'), 'TAM308455', 'A');
INSERT INTO individual(id, version, address_id, date_created, last_name, last_updated, name, second_last_name, class, driver_license_id, email, employee_position_id, employee_type, job_detail_id, personal_data_id, employee_number) VALUES('0c44ca19-0727-49de-badc-8082ff546bcf', 0, 'a1762ab2-34ba-4d8b-990c-a585e3df3323', current_timestamp, 'ESQUIVEL', current_timestamp, 'JUAN', 'GUZMAN', 'justcloud.tickets.domain.Employee', 'e01427c1-2c18-4c4f-94f5-4c023498fb01', '', 'operator-id', 'REGULAR_EMPLOYEE', '9c5b795a-f6bf-489d-ac6b-52b5d236fc39', null, '1252');
INSERT INTO phone(id, version, date_created, last_updated, number, type) VALUES('9ab9c63f-4afb-4ca3-b340-161070c39134', 0, current_timestamp, current_timestamp, '833 262 08 30', 'HOME');
INSERT INTO employee_phone(employee_phones_id, phone_id) VALUES('0c44ca19-0727-49de-badc-8082ff546bcf', '9ab9c63f-4afb-4ca3-b340-161070c39134');
INSERT INTO address(id, version, address, date_created, last_updated, municipality_id, postal_code, settlement_id, state_id) VALUES('355660dd-aa5d-4e42-aaa2-03cd783d6fde', 0, 'ALICIA No. 902 A', current_timestamp, current_timestamp, (select municipality_id from settlement where postal_code = '79060' limit 1), '79060', (select id from settlement where postal_code = '79060' limit 1), (select state_id from settlement where postal_code = '79060' limit 1));
INSERT INTO job_detail(id, version, base_salary, job_name, date_created, last_updated) VALUES('e1a77f39-4a20-4376-828e-5221c6360e80', 0, 4000.0, 'Operador', current_timestamp, current_timestamp);
INSERT INTO driver_license(id, version, antiqueness, date_created, last_updated, expedition, expiration, license_number, license_type) VALUES('b8c79269-c8ec-487c-9ad6-04c41b6cf682', 0, current_timestamp, current_timestamp, current_timestamp, current_timestamp, date('11/7/11'), 'TAMP303732', 'A');
INSERT INTO individual(id, version, address_id, date_created, last_name, last_updated, name, second_last_name, class, driver_license_id, email, employee_position_id, employee_type, job_detail_id, personal_data_id, employee_number) VALUES('76a228d8-10ae-4250-9393-ff5608e69958', 0, '355660dd-aa5d-4e42-aaa2-03cd783d6fde', current_timestamp, 'BALDERAS', current_timestamp, 'CESAR', 'MAYORGA', 'justcloud.tickets.domain.Employee', 'b8c79269-c8ec-487c-9ad6-04c41b6cf682', '', 'operator-id', 'REGULAR_EMPLOYEE', 'e1a77f39-4a20-4376-828e-5221c6360e80', null, '2042');
INSERT INTO phone(id, version, date_created, last_updated, number, type) VALUES('2265fcba-eb6e-4f53-8df2-251363baafbd', 0, current_timestamp, current_timestamp, '481 381 58 74', 'HOME');
INSERT INTO employee_phone(employee_phones_id, phone_id) VALUES('76a228d8-10ae-4250-9393-ff5608e69958', '2265fcba-eb6e-4f53-8df2-251363baafbd');
INSERT INTO address(id, version, address, date_created, last_updated, municipality_id, postal_code, settlement_id, state_id) VALUES('30b9d3c7-6040-424b-8a0a-f56612073b23', 0, 'VICENTE GUERRERO No. 1408', current_timestamp, current_timestamp, (select municipality_id from settlement where postal_code = '89600' limit 1), '89600', (select id from settlement where postal_code = '89600' limit 1), (select state_id from settlement where postal_code = '89600' limit 1));
INSERT INTO job_detail(id, version, base_salary, job_name, date_created, last_updated) VALUES('ebe7c614-c37b-434f-8d04-a9910c44e859', 0, 4000.0, 'Operador', current_timestamp, current_timestamp);
INSERT INTO individual(id, version, address_id, date_created, last_name, last_updated, name, second_last_name, class, driver_license_id, email, employee_position_id, employee_type, job_detail_id, personal_data_id, employee_number) VALUES('9a82567c-0683-46ce-bd69-6f6008aa57bf', 0, '30b9d3c7-6040-424b-8a0a-f56612073b23', current_timestamp, 'RAMIREZ', current_timestamp, 'ALFREDO', 'MELENDEZ', 'justcloud.tickets.domain.Employee', null, '', 'operator-id', 'REGULAR_EMPLOYEE', 'ebe7c614-c37b-434f-8d04-a9910c44e859', null, '2043');
INSERT INTO job_detail(id, version, base_salary, job_name, date_created, last_updated) VALUES('6310958e-6999-48da-827c-0f1caca97b00', 0, 4000.0, 'Operador', current_timestamp, current_timestamp);
INSERT INTO driver_license(id, version, antiqueness, date_created, last_updated, expedition, expiration, license_number, license_type) VALUES('a00a5907-73d1-4758-8a1a-684daf98687b', 0, current_timestamp, current_timestamp, current_timestamp, current_timestamp, date('11/13/10'), 'TAMP102859', 'A');
INSERT INTO individual(id, version, address_id, date_created, last_name, last_updated, name, second_last_name, class, driver_license_id, email, employee_position_id, employee_type, job_detail_id, personal_data_id, employee_number) VALUES('60c6192b-d55a-44da-b7cc-decf6f2028f3', 0, null, current_timestamp, 'HERNANDEZ', current_timestamp, 'GUADALUPE', 'GONZALEZ', 'justcloud.tickets.domain.Employee', 'a00a5907-73d1-4758-8a1a-684daf98687b', '', 'operator-id', 'REGULAR_EMPLOYEE', '6310958e-6999-48da-827c-0f1caca97b00', null, '2044');
INSERT INTO job_detail(id, version, base_salary, job_name, date_created, last_updated) VALUES('19de2b4a-7b9a-458a-bfb7-9ab165581d7f', 0, 4000.0, 'Operador', current_timestamp, current_timestamp);
INSERT INTO driver_license(id, version, antiqueness, date_created, last_updated, expedition, expiration, license_number, license_type) VALUES('5396a25b-fb54-4841-8cf9-01b04c80cf3e', 0, current_timestamp, current_timestamp, current_timestamp, current_timestamp, date('6/26/11'), 'DF209418', 'A');
INSERT INTO individual(id, version, address_id, date_created, last_name, last_updated, name, second_last_name, class, driver_license_id, email, employee_position_id, employee_type, job_detail_id, personal_data_id, employee_number) VALUES('032fbbd4-7273-4115-be13-ff8250b17346', 0, null, current_timestamp, 'NUÑEZ', current_timestamp, 'ALBERTO', 'MARTINEZ', 'justcloud.tickets.domain.Employee', '5396a25b-fb54-4841-8cf9-01b04c80cf3e', '', 'operator-id', 'REGULAR_EMPLOYEE', '19de2b4a-7b9a-458a-bfb7-9ab165581d7f', null, '2045');
INSERT INTO job_detail(id, version, base_salary, job_name, date_created, last_updated) VALUES('de04d79f-b600-4f2a-b667-fae5bbd24eb3', 0, 4000.0, 'Operador', current_timestamp, current_timestamp);
INSERT INTO driver_license(id, version, antiqueness, date_created, last_updated, expedition, expiration, license_number, license_type) VALUES('a423f41d-00c8-45b6-81e5-fdeb652b715c', 0, current_timestamp, current_timestamp, current_timestamp, current_timestamp, date('5/2/15'), 'MICH100535', 'A');
INSERT INTO individual(id, version, address_id, date_created, last_name, last_updated, name, second_last_name, class, driver_license_id, email, employee_position_id, employee_type, job_detail_id, personal_data_id, employee_number) VALUES('55819e5c-4990-4c9c-ae3e-f8b7357ddf11', 0, null, current_timestamp, 'RONQUILLO', current_timestamp, 'SERGIO', 'FERRETIS', 'justcloud.tickets.domain.Employee', 'a423f41d-00c8-45b6-81e5-fdeb652b715c', '', 'operator-id', 'REGULAR_EMPLOYEE', 'de04d79f-b600-4f2a-b667-fae5bbd24eb3', null, '2046');
INSERT INTO address(id, version, address, date_created, last_updated, municipality_id, postal_code, settlement_id, state_id) VALUES('4d63802b-873a-464e-82d4-aa7774a649a6', 0, 'PEDRO J. MENDEZ No. 428', current_timestamp, current_timestamp, (select municipality_id from settlement where postal_code = '89520' limit 1), '89520', (select id from settlement where postal_code = '89520' limit 1), (select state_id from settlement where postal_code = '89520' limit 1));
INSERT INTO job_detail(id, version, base_salary, job_name, date_created, last_updated) VALUES('0a15a434-6525-446d-aef9-832afd9a80d9', 0, 4000.0, 'Operador', current_timestamp, current_timestamp);
INSERT INTO driver_license(id, version, antiqueness, date_created, last_updated, expedition, expiration, license_number, license_type) VALUES('514f7ca5-f406-4905-8ea7-31e7a3bce1f7', 0, current_timestamp, current_timestamp, current_timestamp, current_timestamp, date('4/27/15'), 'TAMP301686', 'A');
INSERT INTO individual(id, version, address_id, date_created, last_name, last_updated, name, second_last_name, class, driver_license_id, email, employee_position_id, employee_type, job_detail_id, personal_data_id, employee_number) VALUES('2e38a3cf-5dcc-48ef-952e-9cb786bd976f', 0, '4d63802b-873a-464e-82d4-aa7774a649a6', current_timestamp, 'CARREON', current_timestamp, 'MARTIN', 'VILLAGOMEZ', 'justcloud.tickets.domain.Employee', '514f7ca5-f406-4905-8ea7-31e7a3bce1f7', '', 'operator-id', 'REGULAR_EMPLOYEE', '0a15a434-6525-446d-aef9-832afd9a80d9', null, '2048');
INSERT INTO phone(id, version, date_created, last_updated, number, type) VALUES('850c4ea6-cb93-4ed8-b90e-0a650bac6079', 0, current_timestamp, current_timestamp, '8332566683', 'MOBILE');
INSERT INTO employee_phone(employee_phones_id, phone_id) VALUES('2e38a3cf-5dcc-48ef-952e-9cb786bd976f', '850c4ea6-cb93-4ed8-b90e-0a650bac6079');
INSERT INTO address(id, version, address, date_created, last_updated, municipality_id, postal_code, settlement_id, state_id) VALUES('b7fc9e4b-093a-40e2-bc87-6a0009faaac7', 0, 'CALLE CUAUHTEMOC 210 SUR', current_timestamp, current_timestamp, (select municipality_id from settlement where postal_code = '89520' limit 1), '89520', (select id from settlement where postal_code = '89520' limit 1), (select state_id from settlement where postal_code = '89520' limit 1));
INSERT INTO job_detail(id, version, base_salary, job_name, date_created, last_updated) VALUES('bae7f8a8-c78a-488f-8c74-d422d3d4eeeb', 0, 4000.0, 'Operador', current_timestamp, current_timestamp);
INSERT INTO driver_license(id, version, antiqueness, date_created, last_updated, expedition, expiration, license_number, license_type) VALUES('2e961259-2c38-42b4-b19a-94f62f1873ce', 0, current_timestamp, current_timestamp, current_timestamp, current_timestamp, date('8/1/11'), 'TAMP306101', 'A');
INSERT INTO individual(id, version, address_id, date_created, last_name, last_updated, name, second_last_name, class, driver_license_id, email, employee_position_id, employee_type, job_detail_id, personal_data_id, employee_number) VALUES('e054370f-175f-4b87-ba74-7772b64fb157', 0, 'b7fc9e4b-093a-40e2-bc87-6a0009faaac7', current_timestamp, 'CORDOBA', current_timestamp, 'ROBERTO', 'RODRIGUEZ', 'justcloud.tickets.domain.Employee', '2e961259-2c38-42b4-b19a-94f62f1873ce', '', 'operator-id', 'REGULAR_EMPLOYEE', 'bae7f8a8-c78a-488f-8c74-d422d3d4eeeb', null, '2049');
INSERT INTO phone(id, version, date_created, last_updated, number, type) VALUES('035a83a3-4885-4f8d-82e5-9b94f93acf9f', 0, current_timestamp, current_timestamp, '833 256 64 19', 'HOME');
INSERT INTO employee_phone(employee_phones_id, phone_id) VALUES('e054370f-175f-4b87-ba74-7772b64fb157', '035a83a3-4885-4f8d-82e5-9b94f93acf9f');
INSERT INTO phone(id, version, date_created, last_updated, number, type) VALUES('7936c2f3-b70b-4fcd-86be-323e70186423', 0, current_timestamp, current_timestamp, '833 171 86 01', 'MOBILE');
INSERT INTO employee_phone(employee_phones_id, phone_id) VALUES('e054370f-175f-4b87-ba74-7772b64fb157', '7936c2f3-b70b-4fcd-86be-323e70186423');
INSERT INTO job_detail(id, version, base_salary, job_name, date_created, last_updated) VALUES('78e17540-456f-4534-b2b1-03a987421b90', 0, 4000.0, 'Operador', current_timestamp, current_timestamp);
INSERT INTO driver_license(id, version, antiqueness, date_created, last_updated, expedition, expiration, license_number, license_type) VALUES('81e9f4c6-0c05-453f-8ff4-64261e4ebeb6', 0, current_timestamp, current_timestamp, current_timestamp, current_timestamp, date('12/13/11'), 'TAMP306488', 'A');
INSERT INTO individual(id, version, address_id, date_created, last_name, last_updated, name, second_last_name, class, driver_license_id, email, employee_position_id, employee_type, job_detail_id, personal_data_id, employee_number) VALUES('a28dd3ab-4002-4a19-8ba7-b2a9acc35829', 0, null, current_timestamp, 'VELASCO', current_timestamp, 'MARCOS', 'LOPEZ', 'justcloud.tickets.domain.Employee', '81e9f4c6-0c05-453f-8ff4-64261e4ebeb6', '', 'operator-id', 'REGULAR_EMPLOYEE', '78e17540-456f-4534-b2b1-03a987421b90', null, '2051');
INSERT INTO address(id, version, address, date_created, last_updated, municipality_id, postal_code, settlement_id, state_id) VALUES('fc6cd99e-e91b-4f2f-94b5-015c551f2178', 0, 'SERAPIO VENEGAS NO. 629', current_timestamp, current_timestamp, (select municipality_id from settlement where postal_code = '89510' limit 1), '89510', (select id from settlement where postal_code = '89510' limit 1), (select state_id from settlement where postal_code = '89510' limit 1));
INSERT INTO job_detail(id, version, base_salary, job_name, date_created, last_updated) VALUES('8eeeed19-da9d-40a7-b7a4-fcf7cff51b12', 0, 4000.0, 'Operador', current_timestamp, current_timestamp);
INSERT INTO driver_license(id, version, antiqueness, date_created, last_updated, expedition, expiration, license_number, license_type) VALUES('10ed44a0-d680-4fe7-a630-8786a5f73b6b', 0, current_timestamp, current_timestamp, current_timestamp, current_timestamp, date('6/5/11'), 'TAMP303967', 'A');
INSERT INTO individual(id, version, address_id, date_created, last_name, last_updated, name, second_last_name, class, driver_license_id, email, employee_position_id, employee_type, job_detail_id, personal_data_id, employee_number) VALUES('38c444f8-dbc4-4acf-b3f5-36833e9ff210', 0, 'fc6cd99e-e91b-4f2f-94b5-015c551f2178', current_timestamp, 'GARCIA', current_timestamp, 'JULIO CESAR', 'HERNANDEZ', 'justcloud.tickets.domain.Employee', '10ed44a0-d680-4fe7-a630-8786a5f73b6b', '', 'operator-id', 'REGULAR_EMPLOYEE', '8eeeed19-da9d-40a7-b7a4-fcf7cff51b12', null, '2056');
INSERT INTO phone(id, version, date_created, last_updated, number, type) VALUES('019edd07-50dc-4bd2-bde2-b1ba4abfd2c9', 0, current_timestamp, current_timestamp, '833 1 43 68 02', 'HOME');
INSERT INTO employee_phone(employee_phones_id, phone_id) VALUES('38c444f8-dbc4-4acf-b3f5-36833e9ff210', '019edd07-50dc-4bd2-bde2-b1ba4abfd2c9');
INSERT INTO phone(id, version, date_created, last_updated, number, type) VALUES('eeea684d-ba05-424e-9e75-03a47ba15462', 0, current_timestamp, current_timestamp, '833 1 49 99 23', 'MOBILE');
INSERT INTO employee_phone(employee_phones_id, phone_id) VALUES('38c444f8-dbc4-4acf-b3f5-36833e9ff210', 'eeea684d-ba05-424e-9e75-03a47ba15462');
INSERT INTO address(id, version, address, date_created, last_updated, municipality_id, postal_code, settlement_id, state_id) VALUES('a4b0092b-f2ec-414c-a2d0-0702a3a7e20f', 0, 'CUARTA AVENIDA 607-L', current_timestamp, current_timestamp, (select municipality_id from settlement where postal_code = '89310' limit 1), '89310', (select id from settlement where postal_code = '89310' limit 1), (select state_id from settlement where postal_code = '89310' limit 1));
INSERT INTO job_detail(id, version, base_salary, job_name, date_created, last_updated) VALUES('cb7774bc-bbfa-4df0-ab15-11c7ae708c53', 0, 4000.0, 'Operador', current_timestamp, current_timestamp);
INSERT INTO driver_license(id, version, antiqueness, date_created, last_updated, expedition, expiration, license_number, license_type) VALUES('174b603f-0b8c-4da3-a9e5-384510a3ecef', 0, current_timestamp, current_timestamp, current_timestamp, current_timestamp, date('8/31/11'), 'VER106605', 'A');
INSERT INTO individual(id, version, address_id, date_created, last_name, last_updated, name, second_last_name, class, driver_license_id, email, employee_position_id, employee_type, job_detail_id, personal_data_id, employee_number) VALUES('2464e5dd-d706-4abc-b82f-cb8d513fab3e', 0, 'a4b0092b-f2ec-414c-a2d0-0702a3a7e20f', current_timestamp, 'CERVANTES', current_timestamp, 'GUSTAVO', 'CARBALLO', 'justcloud.tickets.domain.Employee', '174b603f-0b8c-4da3-a9e5-384510a3ecef', '', 'operator-id', 'REGULAR_EMPLOYEE', 'cb7774bc-bbfa-4df0-ab15-11c7ae708c53', null, '2060');
INSERT INTO phone(id, version, date_created, last_updated, number, type) VALUES('80640b4c-5033-4677-a1a5-4367730e1d98', 0, current_timestamp, current_timestamp, '8331115864', 'MOBILE');
INSERT INTO employee_phone(employee_phones_id, phone_id) VALUES('2464e5dd-d706-4abc-b82f-cb8d513fab3e', '80640b4c-5033-4677-a1a5-4367730e1d98');
INSERT INTO address(id, version, address, date_created, last_updated, municipality_id, postal_code, settlement_id, state_id) VALUES('7cc29ebd-810b-4981-9a1e-48e4572c065c', 0, 'CALLE SONORA 304 SUR', current_timestamp, current_timestamp, (select municipality_id from settlement where postal_code = '89050' limit 1), '89050', (select id from settlement where postal_code = '89050' limit 1), (select state_id from settlement where postal_code = '89050' limit 1));
INSERT INTO job_detail(id, version, base_salary, job_name, date_created, last_updated) VALUES('82ba7376-a807-47d3-8814-744d71056614', 0, 4000.0, 'Operador', current_timestamp, current_timestamp);
INSERT INTO driver_license(id, version, antiqueness, date_created, last_updated, expedition, expiration, license_number, license_type) VALUES('957e26f5-12ce-4898-b723-0e52fab2cda1', 0, current_timestamp, current_timestamp, current_timestamp, current_timestamp, date('2/16/15'), 'TAMP309952', 'A');
INSERT INTO individual(id, version, address_id, date_created, last_name, last_updated, name, second_last_name, class, driver_license_id, email, employee_position_id, employee_type, job_detail_id, personal_data_id, employee_number) VALUES('9385e9c9-5aa7-4fda-8531-ff6cf81fa8da', 0, '7cc29ebd-810b-4981-9a1e-48e4572c065c', current_timestamp, 'GARCIA', current_timestamp, 'ALFREDO', 'BRIONES', 'justcloud.tickets.domain.Employee', '957e26f5-12ce-4898-b723-0e52fab2cda1', '', 'operator-id', 'REGULAR_EMPLOYEE', '82ba7376-a807-47d3-8814-744d71056614', null, '2061');
INSERT INTO job_detail(id, version, base_salary, job_name, date_created, last_updated) VALUES('277e90fc-a993-466f-ada2-a8bcb61069fe', 0, 4000.0, 'Operador', current_timestamp, current_timestamp);
INSERT INTO driver_license(id, version, antiqueness, date_created, last_updated, expedition, expiration, license_number, license_type) VALUES('393403bf-de04-4ee4-b846-9e34a74269c0', 0, current_timestamp, current_timestamp, current_timestamp, current_timestamp, date('10/14/11'), 'TAMP310251', 'A');
INSERT INTO individual(id, version, address_id, date_created, last_name, last_updated, name, second_last_name, class, driver_license_id, email, employee_position_id, employee_type, job_detail_id, personal_data_id, employee_number) VALUES('c01f18b6-a40d-4064-b6b8-eb765e8f1dd1', 0, null, current_timestamp, 'ZEQUERA', current_timestamp, 'PEDRO', 'CASTELLANOS', 'justcloud.tickets.domain.Employee', '393403bf-de04-4ee4-b846-9e34a74269c0', '', 'operator-id', 'REGULAR_EMPLOYEE', '277e90fc-a993-466f-ada2-a8bcb61069fe', null, '2062');
INSERT INTO address(id, version, address, date_created, last_updated, municipality_id, postal_code, settlement_id, state_id) VALUES('f071cdc8-0d63-444f-a630-6c52523d5803', 0, 'AV. TULTEPEC COND. II CASA 12', current_timestamp, current_timestamp, (select municipality_id from settlement where postal_code = '54930' limit 1), '54930', (select id from settlement where postal_code = '54930' limit 1), (select state_id from settlement where postal_code = '54930' limit 1));
INSERT INTO job_detail(id, version, base_salary, job_name, date_created, last_updated) VALUES('01e5f202-9966-40ba-b822-c0a00d7d8aac', 0, 4000.0, 'Operador', current_timestamp, current_timestamp);
INSERT INTO individual(id, version, address_id, date_created, last_name, last_updated, name, second_last_name, class, driver_license_id, email, employee_position_id, employee_type, job_detail_id, personal_data_id, employee_number) VALUES('8f07f471-45a8-4fc3-92f3-63830fb85777', 0, 'f071cdc8-0d63-444f-a630-6c52523d5803', current_timestamp, 'DELGADO', current_timestamp, 'ARTURO', 'PERALTA', 'justcloud.tickets.domain.Employee', null, '', 'operator-id', 'REGULAR_EMPLOYEE', '01e5f202-9966-40ba-b822-c0a00d7d8aac', null, '2065');
INSERT INTO address(id, version, address, date_created, last_updated, municipality_id, postal_code, settlement_id, state_id) VALUES('421abcbf-9506-4b16-bf9e-ee85f5df3f85', 0, 'PROLONGACIÓN JUAN ALDAMAS/N', current_timestamp, current_timestamp, (select municipality_id from settlement where postal_code = '93997' limit 1), '93997', (select id from settlement where postal_code = '93997' limit 1), (select state_id from settlement where postal_code = '93997' limit 1));
INSERT INTO job_detail(id, version, base_salary, job_name, date_created, last_updated) VALUES('d5fcb649-edab-4b75-8624-1b45347e45d8', 0, 4000.0, 'Operador', current_timestamp, current_timestamp);
INSERT INTO driver_license(id, version, antiqueness, date_created, last_updated, expedition, expiration, license_number, license_type) VALUES('73c634b7-b9b8-456a-87e7-2e737f3cdffc', 0, current_timestamp, current_timestamp, current_timestamp, current_timestamp, date('3/2/11'), 'TAMP310793', 'A');
INSERT INTO individual(id, version, address_id, date_created, last_name, last_updated, name, second_last_name, class, driver_license_id, email, employee_position_id, employee_type, job_detail_id, personal_data_id, employee_number) VALUES('fc0513b7-7845-495a-a371-e73b8ecbf965', 0, '421abcbf-9506-4b16-bf9e-ee85f5df3f85', current_timestamp, 'MARTINEZ', current_timestamp, 'HERIBERTO', 'CASTRO', 'justcloud.tickets.domain.Employee', '73c634b7-b9b8-456a-87e7-2e737f3cdffc', '', 'operator-id', 'REGULAR_EMPLOYEE', 'd5fcb649-edab-4b75-8624-1b45347e45d8', null, '2066');
INSERT INTO phone(id, version, date_created, last_updated, number, type) VALUES('9fed903d-b33d-49be-8cb9-e28574a7f352', 0, current_timestamp, current_timestamp, '846 1042895', 'MOBILE');
INSERT INTO employee_phone(employee_phones_id, phone_id) VALUES('fc0513b7-7845-495a-a371-e73b8ecbf965', '9fed903d-b33d-49be-8cb9-e28574a7f352');
INSERT INTO job_detail(id, version, base_salary, job_name, date_created, last_updated) VALUES('c870cb93-a436-464c-85c3-a1cfb5d46ef8', 0, 4000.0, 'Operador', current_timestamp, current_timestamp);
INSERT INTO individual(id, version, address_id, date_created, last_name, last_updated, name, second_last_name, class, driver_license_id, email, employee_position_id, employee_type, job_detail_id, personal_data_id, employee_number) VALUES('c4afc6b9-d645-449d-a673-d1d16d15cdb5', 0, null, current_timestamp, 'CERDA', current_timestamp, 'MARTIN', 'MENDEZ', 'justcloud.tickets.domain.Employee', null, '', 'operator-id', 'REGULAR_EMPLOYEE', 'c870cb93-a436-464c-85c3-a1cfb5d46ef8', null, '2067');
INSERT INTO address(id, version, address, date_created, last_updated, municipality_id, postal_code, settlement_id, state_id) VALUES('17fe6bee-3bef-4f7e-952d-2781f872f71f', 0, 'BALUARTE No.  185', current_timestamp, current_timestamp, (select municipality_id from settlement where postal_code = '91808' limit 1), '91808', (select id from settlement where postal_code = '91808' limit 1), (select state_id from settlement where postal_code = '91808' limit 1));
INSERT INTO job_detail(id, version, base_salary, job_name, date_created, last_updated) VALUES('ebde4d49-0f7e-4b3e-8cac-a02b46c4e11c', 0, 4000.0, 'Operador', current_timestamp, current_timestamp);
INSERT INTO driver_license(id, version, antiqueness, date_created, last_updated, expedition, expiration, license_number, license_type) VALUES('a93a5653-ad4d-4ab5-88c1-6401799f7c6d', 0, current_timestamp, current_timestamp, current_timestamp, current_timestamp, date('7/22/15'), 'VER101985', 'A');
INSERT INTO individual(id, version, address_id, date_created, last_name, last_updated, name, second_last_name, class, driver_license_id, email, employee_position_id, employee_type, job_detail_id, personal_data_id, employee_number) VALUES('7fd73c2e-991a-476d-820b-cc0b46cadd94', 0, '17fe6bee-3bef-4f7e-952d-2781f872f71f', current_timestamp, 'CARVAJAL', current_timestamp, 'JOSE LUIS', 'MARTINEZ', 'justcloud.tickets.domain.Employee', 'a93a5653-ad4d-4ab5-88c1-6401799f7c6d', '', 'operator-id', 'REGULAR_EMPLOYEE', 'ebde4d49-0f7e-4b3e-8cac-a02b46c4e11c', null, '2069');
INSERT INTO phone(id, version, date_created, last_updated, number, type) VALUES('648d7367-88e1-41be-af43-57c6c33e6665', 0, current_timestamp, current_timestamp, '2291016955', 'MOBILE');
INSERT INTO employee_phone(employee_phones_id, phone_id) VALUES('7fd73c2e-991a-476d-820b-cc0b46cadd94', '648d7367-88e1-41be-af43-57c6c33e6665');
INSERT INTO address(id, version, address, date_created, last_updated, municipality_id, postal_code, settlement_id, state_id) VALUES('d9371b42-1c63-46cd-9178-4bd3036b4e43', 0, 'HACIENDA LA HERRADURA No. 45', current_timestamp, current_timestamp, (select municipality_id from settlement where postal_code = '91808' limit 1), '91808', (select id from settlement where postal_code = '91808' limit 1), (select state_id from settlement where postal_code = '91808' limit 1));
INSERT INTO job_detail(id, version, base_salary, job_name, date_created, last_updated) VALUES('28b3b8ae-5437-427e-b5ab-3d42460c4bd6', 0, 4000.0, 'Operador', current_timestamp, current_timestamp);
INSERT INTO driver_license(id, version, antiqueness, date_created, last_updated, expedition, expiration, license_number, license_type) VALUES('01760c70-3229-48c0-9dd3-50416bdbf2e9', 0, current_timestamp, current_timestamp, current_timestamp, current_timestamp, date('2/23/11'), 'VER123974', 'A');
INSERT INTO individual(id, version, address_id, date_created, last_name, last_updated, name, second_last_name, class, driver_license_id, email, employee_position_id, employee_type, job_detail_id, personal_data_id, employee_number) VALUES('d036a30d-dc2b-4697-ac81-1c75ba2e7d64', 0, 'd9371b42-1c63-46cd-9178-4bd3036b4e43', current_timestamp, 'LECOURTOIZ', current_timestamp, 'JORGE', 'AGUILAR', 'justcloud.tickets.domain.Employee', '01760c70-3229-48c0-9dd3-50416bdbf2e9', '', 'operator-id', 'REGULAR_EMPLOYEE', '28b3b8ae-5437-427e-b5ab-3d42460c4bd6', null, '2070');
INSERT INTO phone(id, version, date_created, last_updated, number, type) VALUES('2982e4e6-99ae-4902-81ea-1a98cd98f653', 0, current_timestamp, current_timestamp, '2291857997', 'MOBILE');
INSERT INTO employee_phone(employee_phones_id, phone_id) VALUES('d036a30d-dc2b-4697-ac81-1c75ba2e7d64', '2982e4e6-99ae-4902-81ea-1a98cd98f653');
INSERT INTO address(id, version, address, date_created, last_updated, municipality_id, postal_code, settlement_id, state_id) VALUES('c95d2582-2381-4e1a-82cb-103c5707bd59', 0, 'FRANCISCO VILLA No. 108', current_timestamp, current_timestamp, (select municipality_id from settlement where postal_code = '93390' limit 1), '93390', (select id from settlement where postal_code = '93390' limit 1), (select state_id from settlement where postal_code = '93390' limit 1));
INSERT INTO job_detail(id, version, base_salary, job_name, date_created, last_updated) VALUES('c4b5af76-1f1f-467e-975b-d8d9bdb2aa04', 0, 4000.0, 'Operador', current_timestamp, current_timestamp);
INSERT INTO driver_license(id, version, antiqueness, date_created, last_updated, expedition, expiration, license_number, license_type) VALUES('c8eb85bb-6947-4ed8-9710-928943b7d3a6', 0, current_timestamp, current_timestamp, current_timestamp, current_timestamp, date('3/30/17'), 'VER0200063', 'A');
INSERT INTO individual(id, version, address_id, date_created, last_name, last_updated, name, second_last_name, class, driver_license_id, email, employee_position_id, employee_type, job_detail_id, personal_data_id, employee_number) VALUES('ef2ea462-268a-42f1-bf2b-f38ff225df90', 0, 'c95d2582-2381-4e1a-82cb-103c5707bd59', current_timestamp, 'REYES', current_timestamp, 'DAVID', 'MEJIA', 'justcloud.tickets.domain.Employee', 'c8eb85bb-6947-4ed8-9710-928943b7d3a6', '', 'operator-id', 'REGULAR_EMPLOYEE', 'c4b5af76-1f1f-467e-975b-d8d9bdb2aa04', null, '2071');
INSERT INTO phone(id, version, date_created, last_updated, number, type) VALUES('478d690c-63a8-4536-a285-d837163c7bfa', 0, current_timestamp, current_timestamp, '8331449987', 'MOBILE');
INSERT INTO employee_phone(employee_phones_id, phone_id) VALUES('ef2ea462-268a-42f1-bf2b-f38ff225df90', '478d690c-63a8-4536-a285-d837163c7bfa');
INSERT INTO address(id, version, address, date_created, last_updated, municipality_id, postal_code, settlement_id, state_id) VALUES('e31deb75-c46f-4cf3-846e-cec98ae80e02', 0, 'TAMAUILIPAS No. 1113', current_timestamp, current_timestamp, (select municipality_id from settlement where postal_code = '89600' limit 1), '89600', (select id from settlement where postal_code = '89600' limit 1), (select state_id from settlement where postal_code = '89600' limit 1));
INSERT INTO job_detail(id, version, base_salary, job_name, date_created, last_updated) VALUES('606fee20-33d6-406f-a869-20d3aa9d6f52', 0, 4000.0, 'Operador', current_timestamp, current_timestamp);
INSERT INTO driver_license(id, version, antiqueness, date_created, last_updated, expedition, expiration, license_number, license_type) VALUES('8b4d7cea-289b-4222-a8dc-ed4c8dbe72f0', 0, current_timestamp, current_timestamp, current_timestamp, current_timestamp, date('10/29/15'), 'NVOL06204', 'A');
INSERT INTO individual(id, version, address_id, date_created, last_name, last_updated, name, second_last_name, class, driver_license_id, email, employee_position_id, employee_type, job_detail_id, personal_data_id, employee_number) VALUES('331feb8b-a5af-4658-8bf3-7f4a4c9719bf', 0, 'e31deb75-c46f-4cf3-846e-cec98ae80e02', current_timestamp, 'ORNELAS', current_timestamp, 'HUMBERTO ALFREDO', 'MACIAS', 'justcloud.tickets.domain.Employee', '8b4d7cea-289b-4222-a8dc-ed4c8dbe72f0', '', 'operator-id', 'REGULAR_EMPLOYEE', '606fee20-33d6-406f-a869-20d3aa9d6f52', null, '2072');
INSERT INTO phone(id, version, date_created, last_updated, number, type) VALUES('b23e2485-eabf-4d96-a496-b94295ac0d2f', 0, current_timestamp, current_timestamp, '8331731007', 'MOBILE');
INSERT INTO employee_phone(employee_phones_id, phone_id) VALUES('331feb8b-a5af-4658-8bf3-7f4a4c9719bf', 'b23e2485-eabf-4d96-a496-b94295ac0d2f');
INSERT INTO address(id, version, address, date_created, last_updated, municipality_id, postal_code, settlement_id, state_id) VALUES('9e45a15a-0780-463a-9782-8a727e3ce94e', 0, 'VICENTE GUERRERO No.15', current_timestamp, current_timestamp, (select municipality_id from settlement where postal_code = '74120' limit 1), '74120', (select id from settlement where postal_code = '74120' limit 1), (select state_id from settlement where postal_code = '74120' limit 1));
INSERT INTO job_detail(id, version, base_salary, job_name, date_created, last_updated) VALUES('66ea5798-dba3-4e03-8e29-f30f2a64753f', 0, 4000.0, 'Operador', current_timestamp, current_timestamp);
INSERT INTO driver_license(id, version, antiqueness, date_created, last_updated, expedition, expiration, license_number, license_type) VALUES('ea205a32-3a10-40e7-b14f-aa88a08b95ce', 0, current_timestamp, current_timestamp, current_timestamp, current_timestamp, date('5/11/12'), 'PUE0000534', 'A');
INSERT INTO individual(id, version, address_id, date_created, last_name, last_updated, name, second_last_name, class, driver_license_id, email, employee_position_id, employee_type, job_detail_id, personal_data_id, employee_number) VALUES('afbb30bb-bb86-4cce-b2fa-47f689843e52', 0, '9e45a15a-0780-463a-9782-8a727e3ce94e', current_timestamp, 'CASTRO', current_timestamp, 'JESUS', 'CASTRO', 'justcloud.tickets.domain.Employee', 'ea205a32-3a10-40e7-b14f-aa88a08b95ce', '', 'operator-id', 'REGULAR_EMPLOYEE', '66ea5798-dba3-4e03-8e29-f30f2a64753f', null, '2073');
INSERT INTO address(id, version, address, date_created, last_updated, municipality_id, postal_code, settlement_id, state_id) VALUES('595bc7d8-21ee-4704-b10c-98d06dbe058b', 0, 'PRIVADA DEL CARMEN No. 100', current_timestamp, current_timestamp, (select municipality_id from settlement where postal_code = '79068' limit 1), '79068', (select id from settlement where postal_code = '79068' limit 1), (select state_id from settlement where postal_code = '79068' limit 1));
INSERT INTO job_detail(id, version, base_salary, job_name, date_created, last_updated) VALUES('3800d3f2-e2a9-434a-9b86-c82e1923ce97', 0, 4000.0, 'Operador', current_timestamp, current_timestamp);
INSERT INTO driver_license(id, version, antiqueness, date_created, last_updated, expedition, expiration, license_number, license_type) VALUES('e7a78b8e-ffc2-4827-92aa-d08b85e6b102', 0, current_timestamp, current_timestamp, current_timestamp, current_timestamp, date('7/13/11'), 'TAMP307374', 'A');
INSERT INTO individual(id, version, address_id, date_created, last_name, last_updated, name, second_last_name, class, driver_license_id, email, employee_position_id, employee_type, job_detail_id, personal_data_id, employee_number) VALUES('fdd9be7f-25ec-45a8-b57e-f41ece503a76', 0, '595bc7d8-21ee-4704-b10c-98d06dbe058b', current_timestamp, 'HERRERA', current_timestamp, 'GERMAN', 'IPIÑA', 'justcloud.tickets.domain.Employee', 'e7a78b8e-ffc2-4827-92aa-d08b85e6b102', '', 'operator-id', 'REGULAR_EMPLOYEE', '3800d3f2-e2a9-434a-9b86-c82e1923ce97', null, '2074');
INSERT INTO address(id, version, address, date_created, last_updated, municipality_id, postal_code, settlement_id, state_id) VALUES('7adcbea4-47ce-4407-b2d1-f2f9db7409da', 0, 'CALLE VICENTE MAZA DE MARURE N!25', current_timestamp, current_timestamp, (select municipality_id from settlement where postal_code = '91680' limit 1), '91680', (select id from settlement where postal_code = '91680' limit 1), (select state_id from settlement where postal_code = '91680' limit 1));
INSERT INTO job_detail(id, version, base_salary, job_name, date_created, last_updated) VALUES('27a84534-cd87-4b7f-ad34-7fe7282c2bee', 0, 4000.0, 'Operador', current_timestamp, current_timestamp);
INSERT INTO driver_license(id, version, antiqueness, date_created, last_updated, expedition, expiration, license_number, license_type) VALUES('a01b91c6-698c-4936-9391-25607e0e178c', 0, current_timestamp, current_timestamp, current_timestamp, current_timestamp, date('11/22/11'), 'VER116393', 'A');
INSERT INTO individual(id, version, address_id, date_created, last_name, last_updated, name, second_last_name, class, driver_license_id, email, employee_position_id, employee_type, job_detail_id, personal_data_id, employee_number) VALUES('cd1500e9-018d-4dd2-ba59-688260eeeeb1', 0, '7adcbea4-47ce-4407-b2d1-f2f9db7409da', current_timestamp, 'GARCIA', current_timestamp, 'MARTIN', 'HUESCA', 'justcloud.tickets.domain.Employee', 'a01b91c6-698c-4936-9391-25607e0e178c', '', 'operator-id', 'REGULAR_EMPLOYEE', '27a84534-cd87-4b7f-ad34-7fe7282c2bee', null, '2075');
INSERT INTO address(id, version, address, date_created, last_updated, municipality_id, postal_code, settlement_id, state_id) VALUES('b97baf56-753c-4b30-9196-06ff4a628b4d', 0, 'RIO TAMESI No. 1625', current_timestamp, current_timestamp, (select municipality_id from settlement where postal_code = '79050' limit 1), '79050', (select id from settlement where postal_code = '79050' limit 1), (select state_id from settlement where postal_code = '79050' limit 1));
INSERT INTO job_detail(id, version, base_salary, job_name, date_created, last_updated) VALUES('9ea24a57-f221-4d6f-99b8-1c44dbb49d7d', 0, 4000.0, 'Operador', current_timestamp, current_timestamp);
INSERT INTO driver_license(id, version, antiqueness, date_created, last_updated, expedition, expiration, license_number, license_type) VALUES('525ffcd6-63ed-4701-97e1-17dffa2f1a6f', 0, current_timestamp, current_timestamp, current_timestamp, current_timestamp, date('3/6/12'), 'TAMP305157', 'A');
INSERT INTO individual(id, version, address_id, date_created, last_name, last_updated, name, second_last_name, class, driver_license_id, email, employee_position_id, employee_type, job_detail_id, personal_data_id, employee_number) VALUES('74b9c53c-a8ef-4210-88b1-9a1e475962de', 0, 'b97baf56-753c-4b30-9196-06ff4a628b4d', current_timestamp, 'CORTEZ', current_timestamp, 'ZENON', 'HERNANDEZ', 'justcloud.tickets.domain.Employee', '525ffcd6-63ed-4701-97e1-17dffa2f1a6f', '', 'operator-id', 'REGULAR_EMPLOYEE', '9ea24a57-f221-4d6f-99b8-1c44dbb49d7d', null, '2077');
INSERT INTO address(id, version, address, date_created, last_updated, municipality_id, postal_code, settlement_id, state_id) VALUES('2d534498-b6a6-4926-8e53-3cc6157202b9', 0, 'PRIVADA DEL ALLENDE No. 3', current_timestamp, current_timestamp, (select municipality_id from settlement where postal_code = '92820' limit 1), '92820', (select id from settlement where postal_code = '92820' limit 1), (select state_id from settlement where postal_code = '92820' limit 1));
INSERT INTO job_detail(id, version, base_salary, job_name, date_created, last_updated) VALUES('9065f8a6-4bbc-441c-8c70-ce36659b195f', 0, 4000.0, 'Operador', current_timestamp, current_timestamp);
INSERT INTO driver_license(id, version, antiqueness, date_created, last_updated, expedition, expiration, license_number, license_type) VALUES('e987714b-fc5a-4752-ac9f-9a106d128d82', 0, current_timestamp, current_timestamp, current_timestamp, current_timestamp, date('1/12/16'), 'VER0206957', 'A');
INSERT INTO individual(id, version, address_id, date_created, last_name, last_updated, name, second_last_name, class, driver_license_id, email, employee_position_id, employee_type, job_detail_id, personal_data_id, employee_number) VALUES('9620dd91-2833-4346-bd21-d230e95b1506', 0, '2d534498-b6a6-4926-8e53-3cc6157202b9', current_timestamp, 'CRUZ', current_timestamp, 'DAVID', 'BADILLO', 'justcloud.tickets.domain.Employee', 'e987714b-fc5a-4752-ac9f-9a106d128d82', '', 'operator-id', 'REGULAR_EMPLOYEE', '9065f8a6-4bbc-441c-8c70-ce36659b195f', null, '2078');
INSERT INTO address(id, version, address, date_created, last_updated, municipality_id, postal_code, settlement_id, state_id) VALUES('182dd34f-9ed5-4386-8c67-0a8cd3be52b4', 0, 'IGUALDAD No. 1207', current_timestamp, current_timestamp, (select municipality_id from settlement where postal_code = '91710' limit 1), '91710', (select id from settlement where postal_code = '91710' limit 1), (select state_id from settlement where postal_code = '91710' limit 1));
INSERT INTO job_detail(id, version, base_salary, job_name, date_created, last_updated) VALUES('14ddb480-7150-452e-bc62-64839ee08573', 0, 4000.0, 'Operador', current_timestamp, current_timestamp);
INSERT INTO driver_license(id, version, antiqueness, date_created, last_updated, expedition, expiration, license_number, license_type) VALUES('26759f90-9582-484b-8e91-316d02d003a9', 0, current_timestamp, current_timestamp, current_timestamp, current_timestamp, date('2/15/11'), 'VER0121743', 'A');
INSERT INTO individual(id, version, address_id, date_created, last_name, last_updated, name, second_last_name, class, driver_license_id, email, employee_position_id, employee_type, job_detail_id, personal_data_id, employee_number) VALUES('b2a59b0c-6876-461c-b960-d7139bef155b', 0, '182dd34f-9ed5-4386-8c67-0a8cd3be52b4', current_timestamp, 'GARFIAS', current_timestamp, 'ANDRES', 'CARVAJAL', 'justcloud.tickets.domain.Employee', '26759f90-9582-484b-8e91-316d02d003a9', '', 'operator-id', 'REGULAR_EMPLOYEE', '14ddb480-7150-452e-bc62-64839ee08573', null, '2079');
INSERT INTO job_detail(id, version, base_salary, job_name, date_created, last_updated) VALUES('e72a5302-fc06-45b2-a5c9-3ef01e4c3f39', 0, 4000.0, 'Operador', current_timestamp, current_timestamp);
INSERT INTO individual(id, version, address_id, date_created, last_name, last_updated, name, second_last_name, class, driver_license_id, email, employee_position_id, employee_type, job_detail_id, personal_data_id, employee_number) VALUES('da6fc607-52ee-44a1-b7f8-0d08897899fd', 0, null, current_timestamp, 'RUBIO', current_timestamp, 'JORGE', '', 'justcloud.tickets.domain.Employee', null, '', 'operator-id', 'REGULAR_EMPLOYEE', 'e72a5302-fc06-45b2-a5c9-3ef01e4c3f39', null, '2081');
INSERT INTO address(id, version, address, date_created, last_updated, municipality_id, postal_code, settlement_id, state_id) VALUES('2331840c-670f-4cc4-894a-0406dca69b49', 0, 'EMILIO PORTES GIL No.1613', current_timestamp, current_timestamp, (select municipality_id from settlement where postal_code = '89600' limit 1), '89600', (select id from settlement where postal_code = '89600' limit 1), (select state_id from settlement where postal_code = '89600' limit 1));
INSERT INTO job_detail(id, version, base_salary, job_name, date_created, last_updated) VALUES('6706bdba-ae61-43b4-86c1-2a698e37845a', 0, 4000.0, 'Operador', current_timestamp, current_timestamp);
INSERT INTO driver_license(id, version, antiqueness, date_created, last_updated, expedition, expiration, license_number, license_type) VALUES('c58d5e49-f7a5-49c0-b370-76a5bf1d9f3e', 0, current_timestamp, current_timestamp, current_timestamp, current_timestamp, date('11/9/16'), 'TAM312162', 'A');
INSERT INTO individual(id, version, address_id, date_created, last_name, last_updated, name, second_last_name, class, driver_license_id, email, employee_position_id, employee_type, job_detail_id, personal_data_id, employee_number) VALUES('f57a2378-ce41-499b-9d82-8fcd029d6d2b', 0, '2331840c-670f-4cc4-894a-0406dca69b49', current_timestamp, 'GARCIA', current_timestamp, 'ERICK FRANCISCO', 'GUERRERO', 'justcloud.tickets.domain.Employee', 'c58d5e49-f7a5-49c0-b370-76a5bf1d9f3e', '', 'operator-id', 'REGULAR_EMPLOYEE', '6706bdba-ae61-43b4-86c1-2a698e37845a', null, '2083');
INSERT INTO phone(id, version, date_created, last_updated, number, type) VALUES('84e2eb00-454e-4134-b48c-50000c058f3e', 0, current_timestamp, current_timestamp, '833 1 69 8454', 'HOME');
INSERT INTO employee_phone(employee_phones_id, phone_id) VALUES('f57a2378-ce41-499b-9d82-8fcd029d6d2b', '84e2eb00-454e-4134-b48c-50000c058f3e');
INSERT INTO address(id, version, address, date_created, last_updated, municipality_id, postal_code, settlement_id, state_id) VALUES('f64eaed4-9fd5-4909-b1c2-2784826570d2', 0, 'NIGROMANTES S/N', current_timestamp, current_timestamp, (select municipality_id from settlement where postal_code = '24200' limit 1), '24200', (select id from settlement where postal_code = '24200' limit 1), (select state_id from settlement where postal_code = '24200' limit 1));
INSERT INTO job_detail(id, version, base_salary, job_name, date_created, last_updated) VALUES('7f079c0a-252a-43b3-a7a4-d654c41a7dee', 0, 4000.0, 'Operador', current_timestamp, current_timestamp);
INSERT INTO individual(id, version, address_id, date_created, last_name, last_updated, name, second_last_name, class, driver_license_id, email, employee_position_id, employee_type, job_detail_id, personal_data_id, employee_number) VALUES('f5d8adb2-6936-4a91-afe7-b7d5f23b976a', 0, 'f64eaed4-9fd5-4909-b1c2-2784826570d2', current_timestamp, 'ANTONIO', current_timestamp, 'CARLOS', 'CAMPOS', 'justcloud.tickets.domain.Employee', null, '', 'operator-id', 'REGULAR_EMPLOYEE', '7f079c0a-252a-43b3-a7a4-d654c41a7dee', null, '2085');
INSERT INTO address(id, version, address, date_created, last_updated, municipality_id, postal_code, settlement_id, state_id) VALUES('4d6de9fe-ad75-43e3-8645-90910e8d1e72', 0, 'CALLE NARANJOS No. 128', current_timestamp, current_timestamp, (select municipality_id from settlement where postal_code = '89556' limit 1), '89556', (select id from settlement where postal_code = '89556' limit 1), (select state_id from settlement where postal_code = '89556' limit 1));
INSERT INTO job_detail(id, version, base_salary, job_name, date_created, last_updated) VALUES('1a220623-752b-4e67-a845-0572d8c95d9b', 0, 4000.0, 'Operador', current_timestamp, current_timestamp);
INSERT INTO driver_license(id, version, antiqueness, date_created, last_updated, expedition, expiration, license_number, license_type) VALUES('3d565332-50a3-4e85-b2c5-e0a59a599724', 0, current_timestamp, current_timestamp, current_timestamp, current_timestamp, date('11/9/15'), 'TAMP309891', 'A');
INSERT INTO individual(id, version, address_id, date_created, last_name, last_updated, name, second_last_name, class, driver_license_id, email, employee_position_id, employee_type, job_detail_id, personal_data_id, employee_number) VALUES('6cf336ff-8d77-4f05-b5a6-297d47499e44', 0, '4d6de9fe-ad75-43e3-8645-90910e8d1e72', current_timestamp, 'BAZAN', current_timestamp, 'JUAN PABLO', 'COBOS', 'justcloud.tickets.domain.Employee', '3d565332-50a3-4e85-b2c5-e0a59a599724', '', 'operator-id', 'REGULAR_EMPLOYEE', '1a220623-752b-4e67-a845-0572d8c95d9b', null, '2086');
INSERT INTO address(id, version, address, date_created, last_updated, municipality_id, postal_code, settlement_id, state_id) VALUES('ac4732f1-af4f-4d43-8c1b-8360440d5b8c', 0, 'FOGON MZ10 LT1 ED H DEPTO- H No. 2', current_timestamp, current_timestamp, (select municipality_id from settlement where postal_code = '52149' limit 1), '52149', (select id from settlement where postal_code = '52149' limit 1), (select state_id from settlement where postal_code = '52149' limit 1));
INSERT INTO job_detail(id, version, base_salary, job_name, date_created, last_updated) VALUES('616f42bf-c11b-4429-a439-cce49f33805b', 0, 4000.0, 'Operador', current_timestamp, current_timestamp);
INSERT INTO driver_license(id, version, antiqueness, date_created, last_updated, expedition, expiration, license_number, license_type) VALUES('63d91c08-8c61-49ff-87e0-940685ea28fa', 0, current_timestamp, current_timestamp, current_timestamp, current_timestamp, date('12/7/16'), 'EDOM07121', 'A');
INSERT INTO individual(id, version, address_id, date_created, last_name, last_updated, name, second_last_name, class, driver_license_id, email, employee_position_id, employee_type, job_detail_id, personal_data_id, employee_number) VALUES('82777a33-eccc-4bd6-8122-88a31de16206', 0, 'ac4732f1-af4f-4d43-8c1b-8360440d5b8c', current_timestamp, 'DOCTOR', current_timestamp, 'ANTONIO', 'GALLEGOS', 'justcloud.tickets.domain.Employee', '63d91c08-8c61-49ff-87e0-940685ea28fa', '', 'operator-id', 'REGULAR_EMPLOYEE', '616f42bf-c11b-4429-a439-cce49f33805b', null, '2087');
INSERT INTO phone(id, version, date_created, last_updated, number, type) VALUES('0c791761-4620-4a3d-bd51-b23430fabcaf', 0, current_timestamp, current_timestamp, '211 9793', 'HOME');
INSERT INTO employee_phone(employee_phones_id, phone_id) VALUES('82777a33-eccc-4bd6-8122-88a31de16206', '0c791761-4620-4a3d-bd51-b23430fabcaf');
INSERT INTO phone(id, version, date_created, last_updated, number, type) VALUES('6e641734-90ac-40c1-a95d-b9638bf05f1a', 0, current_timestamp, current_timestamp, '722  3615429', 'MOBILE');
INSERT INTO employee_phone(employee_phones_id, phone_id) VALUES('82777a33-eccc-4bd6-8122-88a31de16206', '6e641734-90ac-40c1-a95d-b9638bf05f1a');
INSERT INTO address(id, version, address, date_created, last_updated, municipality_id, postal_code, settlement_id, state_id) VALUES('1a51d071-1ca3-475c-9922-0fd1ef55417b', 0, 'CEDRALS/N', current_timestamp, current_timestamp, (select municipality_id from settlement where postal_code = '79120' limit 1), '79120', (select id from settlement where postal_code = '79120' limit 1), (select state_id from settlement where postal_code = '79120' limit 1));
INSERT INTO job_detail(id, version, base_salary, job_name, date_created, last_updated) VALUES('d713b655-9444-4d36-838f-a441a8d64437', 0, 4000.0, 'Operador', current_timestamp, current_timestamp);
INSERT INTO driver_license(id, version, antiqueness, date_created, last_updated, expedition, expiration, license_number, license_type) VALUES('c23cf9c8-3d8c-4ea7-aef9-2e6f0052396b', 0, current_timestamp, current_timestamp, current_timestamp, current_timestamp, date('9/6/11'), 'TAMP311023', 'A');
INSERT INTO individual(id, version, address_id, date_created, last_name, last_updated, name, second_last_name, class, driver_license_id, email, employee_position_id, employee_type, job_detail_id, personal_data_id, employee_number) VALUES('9893cfa8-6de5-4401-8b9b-dfc7d3a0fb57', 0, '1a51d071-1ca3-475c-9922-0fd1ef55417b', current_timestamp, 'RODRIGUEZ', current_timestamp, 'FRANCISCO JAVIER', 'CASTILLO', 'justcloud.tickets.domain.Employee', 'c23cf9c8-3d8c-4ea7-aef9-2e6f0052396b', '', 'operator-id', 'REGULAR_EMPLOYEE', 'd713b655-9444-4d36-838f-a441a8d64437', null, '2088');
INSERT INTO address(id, version, address, date_created, last_updated, municipality_id, postal_code, settlement_id, state_id) VALUES('f659330e-d008-4847-91b1-6a17484b1567', 0, 'AV.NACIONAL No. 62', current_timestamp, current_timestamp, (select municipality_id from settlement where postal_code = '56000' limit 1), '56000', (select id from settlement where postal_code = '56000' limit 1), (select state_id from settlement where postal_code = '56000' limit 1));
INSERT INTO job_detail(id, version, base_salary, job_name, date_created, last_updated) VALUES('b21573a3-85ec-422c-9928-96f73c1ad53b', 0, 4000.0, 'Operador', current_timestamp, current_timestamp);
INSERT INTO driver_license(id, version, antiqueness, date_created, last_updated, expedition, expiration, license_number, license_type) VALUES('682e8f8e-18ee-44b6-8ea0-6c1c49f75e67', 0, current_timestamp, current_timestamp, current_timestamp, current_timestamp, date('1/19/14'), 'DF106131', 'A');
INSERT INTO individual(id, version, address_id, date_created, last_name, last_updated, name, second_last_name, class, driver_license_id, email, employee_position_id, employee_type, job_detail_id, personal_data_id, employee_number) VALUES('a90bdcb2-cae4-45cc-a4f5-e7931d2774ba', 0, 'f659330e-d008-4847-91b1-6a17484b1567', current_timestamp, 'SALAS', current_timestamp, 'RICARDO DAVID', 'SEGUIN', 'justcloud.tickets.domain.Employee', '682e8f8e-18ee-44b6-8ea0-6c1c49f75e67', '', 'operator-id', 'REGULAR_EMPLOYEE', 'b21573a3-85ec-422c-9928-96f73c1ad53b', null, '2089');
INSERT INTO address(id, version, address, date_created, last_updated, municipality_id, postal_code, settlement_id, state_id) VALUES('2cae9c8a-39f7-4d83-bfe0-4e9d21138f3a', 0, 'AV. DEL MAESTRO No. 502 SUR DPTO 8', current_timestamp, current_timestamp, (select municipality_id from settlement where postal_code = '89460' limit 1), '89460', (select id from settlement where postal_code = '89460' limit 1), (select state_id from settlement where postal_code = '89460' limit 1));
INSERT INTO job_detail(id, version, base_salary, job_name, date_created, last_updated) VALUES('e8b62afb-93e5-444a-970e-a0e88202d492', 0, 4000.0, 'Operador', current_timestamp, current_timestamp);
INSERT INTO driver_license(id, version, antiqueness, date_created, last_updated, expedition, expiration, license_number, license_type) VALUES('f1e9263f-6329-4803-945b-966c9eb711f5', 0, current_timestamp, current_timestamp, current_timestamp, current_timestamp, date('2/28/16'), 'TAMP310646', 'A');
INSERT INTO individual(id, version, address_id, date_created, last_name, last_updated, name, second_last_name, class, driver_license_id, email, employee_position_id, employee_type, job_detail_id, personal_data_id, employee_number) VALUES('abfe7302-8e32-4509-a86c-8b02c216f576', 0, '2cae9c8a-39f7-4d83-bfe0-4e9d21138f3a', current_timestamp, 'SALAZAR', current_timestamp, 'ANTONIO', 'CUEVAS', 'justcloud.tickets.domain.Employee', 'f1e9263f-6329-4803-945b-966c9eb711f5', '', 'operator-id', 'REGULAR_EMPLOYEE', 'e8b62afb-93e5-444a-970e-a0e88202d492', null, '2092');
INSERT INTO address(id, version, address, date_created, last_updated, municipality_id, postal_code, settlement_id, state_id) VALUES('45f62e74-b526-45f9-af7e-2b916a32c48a', 0, 'MIGUEL NEGRETE No. 335', current_timestamp, current_timestamp, (select municipality_id from settlement where postal_code = '87200' limit 1), '87200', (select id from settlement where postal_code = '87200' limit 1), (select state_id from settlement where postal_code = '87200' limit 1));
INSERT INTO job_detail(id, version, base_salary, job_name, date_created, last_updated) VALUES('4d77d67c-89ad-44fc-8e2e-1fd5e22bf0f3', 0, 4000.0, 'Operador', current_timestamp, current_timestamp);
INSERT INTO driver_license(id, version, antiqueness, date_created, last_updated, expedition, expiration, license_number, license_type) VALUES('be349173-e1e2-4bcb-95ca-4919e477e234', 0, current_timestamp, current_timestamp, current_timestamp, current_timestamp, date('5/2/12'), 'TAMP105507', 'A');
INSERT INTO individual(id, version, address_id, date_created, last_name, last_updated, name, second_last_name, class, driver_license_id, email, employee_position_id, employee_type, job_detail_id, personal_data_id, employee_number) VALUES('5389a7dc-b630-4581-8d24-9b5a0a1f0d59', 0, '45f62e74-b526-45f9-af7e-2b916a32c48a', current_timestamp, 'IZAGUIRRE', current_timestamp, 'JAVIER', 'ORTIZ', 'justcloud.tickets.domain.Employee', 'be349173-e1e2-4bcb-95ca-4919e477e234', '', 'operator-id', 'REGULAR_EMPLOYEE', '4d77d67c-89ad-44fc-8e2e-1fd5e22bf0f3', null, '2094');
INSERT INTO job_detail(id, version, base_salary, job_name, date_created, last_updated) VALUES('9b0d5847-f939-4a62-836a-aca1d77f24b1', 0, 4000.0, 'Operador', current_timestamp, current_timestamp);
INSERT INTO driver_license(id, version, antiqueness, date_created, last_updated, expedition, expiration, license_number, license_type) VALUES('314644a2-dc2c-438f-a59f-08bfe3a71643', 0, current_timestamp, current_timestamp, current_timestamp, current_timestamp, date('5/18/10'), 'df00216938', 'A');
INSERT INTO individual(id, version, address_id, date_created, last_name, last_updated, name, second_last_name, class, driver_license_id, email, employee_position_id, employee_type, job_detail_id, personal_data_id, employee_number) VALUES('b5c7603e-58fc-4413-9d5a-2bcd89206c99', 0, null, current_timestamp, 'MARTINEZ', current_timestamp, 'ROBERTO', '', 'justcloud.tickets.domain.Employee', '314644a2-dc2c-438f-a59f-08bfe3a71643', '', 'operator-id', 'REGULAR_EMPLOYEE', '9b0d5847-f939-4a62-836a-aca1d77f24b1', null, '2095');
INSERT INTO address(id, version, address, date_created, last_updated, municipality_id, postal_code, settlement_id, state_id) VALUES('cbe6e9d4-c8bc-48e2-bbdb-4ad1a9402328', 0, 'VIALIDAD P.D 160', current_timestamp, current_timestamp, (select municipality_id from settlement where postal_code = '89610' limit 1), '89610', (select id from settlement where postal_code = '89610' limit 1), (select state_id from settlement where postal_code = '89610' limit 1));
INSERT INTO job_detail(id, version, base_salary, job_name, date_created, last_updated) VALUES('fc88395d-b73c-4a2a-8424-c3fbca02e452', 0, 4000.0, 'Operador', current_timestamp, current_timestamp);
INSERT INTO driver_license(id, version, antiqueness, date_created, last_updated, expedition, expiration, license_number, license_type) VALUES('077e65ae-5343-4c0e-a451-e10cc2cc9f33', 0, current_timestamp, current_timestamp, current_timestamp, current_timestamp, date('10/20/15'), 'TAMP308367', 'A');
INSERT INTO individual(id, version, address_id, date_created, last_name, last_updated, name, second_last_name, class, driver_license_id, email, employee_position_id, employee_type, job_detail_id, personal_data_id, employee_number) VALUES('60b475bc-e09a-46ef-b153-b44e42d98c82', 0, 'cbe6e9d4-c8bc-48e2-bbdb-4ad1a9402328', current_timestamp, 'CHIRINOS', current_timestamp, 'JOSE GILBERTO', 'JEREZ', 'justcloud.tickets.domain.Employee', '077e65ae-5343-4c0e-a451-e10cc2cc9f33', '', 'operator-id', 'REGULAR_EMPLOYEE', 'fc88395d-b73c-4a2a-8424-c3fbca02e452', null, '2106');
INSERT INTO job_detail(id, version, base_salary, job_name, date_created, last_updated) VALUES('d83af453-4f02-4ded-8a99-fe79b84bb8ea', 0, 4000.0, 'Operador', current_timestamp, current_timestamp);
INSERT INTO driver_license(id, version, antiqueness, date_created, last_updated, expedition, expiration, license_number, license_type) VALUES('5798c71f-c364-48c5-a770-6ab3e926c9d6', 0, current_timestamp, current_timestamp, current_timestamp, current_timestamp, date('1/8/12'), 'TAMP306538', 'A');
INSERT INTO individual(id, version, address_id, date_created, last_name, last_updated, name, second_last_name, class, driver_license_id, email, employee_position_id, employee_type, job_detail_id, personal_data_id, employee_number) VALUES('6e396228-207e-4a3e-95a7-8b4dd4504331', 0, null, current_timestamp, 'MARTINEZ', current_timestamp, 'RAMON', 'MARIÑO', 'justcloud.tickets.domain.Employee', '5798c71f-c364-48c5-a770-6ab3e926c9d6', '', 'operator-id', 'REGULAR_EMPLOYEE', 'd83af453-4f02-4ded-8a99-fe79b84bb8ea', null, '2107');
INSERT INTO address(id, version, address, date_created, last_updated, municipality_id, postal_code, settlement_id, state_id) VALUES('c6a958fe-7839-425a-8a6c-c75f2e00243d', 0, 'ENRIQUE CANO No. 124', current_timestamp, current_timestamp, (select municipality_id from settlement where postal_code = '89815' limit 1), '89815', (select id from settlement where postal_code = '89815' limit 1), (select state_id from settlement where postal_code = '89815' limit 1));
INSERT INTO job_detail(id, version, base_salary, job_name, date_created, last_updated) VALUES('6a080b9d-f6d5-4232-a407-5cc8ae51f2ba', 0, 4000.0, 'Operador', current_timestamp, current_timestamp);
INSERT INTO driver_license(id, version, antiqueness, date_created, last_updated, expedition, expiration, license_number, license_type) VALUES('96798b16-7a1e-4503-9b8a-c788c1d684ee', 0, current_timestamp, current_timestamp, current_timestamp, current_timestamp, date('10/14/14'), 'TAMP310246', 'A');
INSERT INTO individual(id, version, address_id, date_created, last_name, last_updated, name, second_last_name, class, driver_license_id, email, employee_position_id, employee_type, job_detail_id, personal_data_id, employee_number) VALUES('7bc80e83-fb3e-4b42-b93c-36d4cdf92042', 0, 'c6a958fe-7839-425a-8a6c-c75f2e00243d', current_timestamp, 'OCEJO', current_timestamp, 'FELIPE', 'CAMACHO', 'justcloud.tickets.domain.Employee', '96798b16-7a1e-4503-9b8a-c788c1d684ee', '', 'operator-id', 'REGULAR_EMPLOYEE', '6a080b9d-f6d5-4232-a407-5cc8ae51f2ba', null, '2108');
INSERT INTO job_detail(id, version, base_salary, job_name, date_created, last_updated) VALUES('22dd0b77-bfc9-4c06-8f86-387082985c1c', 0, 4000.0, 'Operador', current_timestamp, current_timestamp);
INSERT INTO driver_license(id, version, antiqueness, date_created, last_updated, expedition, expiration, license_number, license_type) VALUES('8bb19b1c-ae98-4e4c-a8f9-679716339774', 0, current_timestamp, current_timestamp, current_timestamp, current_timestamp, date('5/30/15'), 'TAMP305402', 'A');
INSERT INTO individual(id, version, address_id, date_created, last_name, last_updated, name, second_last_name, class, driver_license_id, email, employee_position_id, employee_type, job_detail_id, personal_data_id, employee_number) VALUES('38605e66-40ee-428a-9100-ec3909564dff', 0, null, current_timestamp, 'SILVA', current_timestamp, 'JACINTO ARTURO', 'PEDRAZA', 'justcloud.tickets.domain.Employee', '8bb19b1c-ae98-4e4c-a8f9-679716339774', '', 'operator-id', 'REGULAR_EMPLOYEE', '22dd0b77-bfc9-4c06-8f86-387082985c1c', null, '2109');
INSERT INTO address(id, version, address, date_created, last_updated, municipality_id, postal_code, settlement_id, state_id) VALUES('15e63871-ddd4-4cef-b9e2-15afe0e62f89', 0, 'BENITO JUAREZ No. 915', current_timestamp, current_timestamp, (select municipality_id from settlement where postal_code = '89600' limit 1), '89600', (select id from settlement where postal_code = '89600' limit 1), (select state_id from settlement where postal_code = '89600' limit 1));
INSERT INTO job_detail(id, version, base_salary, job_name, date_created, last_updated) VALUES('fb17310e-0aec-48f8-b735-7e7015e1f443', 0, 4000.0, 'Operador', current_timestamp, current_timestamp);
INSERT INTO driver_license(id, version, antiqueness, date_created, last_updated, expedition, expiration, license_number, license_type) VALUES('5233b78f-560e-4ebd-9da7-95c7e1e4b45a', 0, current_timestamp, current_timestamp, current_timestamp, current_timestamp, date('2/24/12'), 'TAMP312288', 'A');
INSERT INTO individual(id, version, address_id, date_created, last_name, last_updated, name, second_last_name, class, driver_license_id, email, employee_position_id, employee_type, job_detail_id, personal_data_id, employee_number) VALUES('0fbf64a8-389a-4294-bd13-b6b3c548f393', 0, '15e63871-ddd4-4cef-b9e2-15afe0e62f89', current_timestamp, 'DIAZ', current_timestamp, 'JUAN GENARO', 'BLANCO', 'justcloud.tickets.domain.Employee', '5233b78f-560e-4ebd-9da7-95c7e1e4b45a', '', 'operator-id', 'REGULAR_EMPLOYEE', 'fb17310e-0aec-48f8-b735-7e7015e1f443', null, '2110');
INSERT INTO address(id, version, address, date_created, last_updated, municipality_id, postal_code, settlement_id, state_id) VALUES('b1976713-d62e-498f-908e-90429c54e940', 0, 'BUGAMBILIAS S/N', current_timestamp, current_timestamp, (select municipality_id from settlement where postal_code = '55628' limit 1), '55628', (select id from settlement where postal_code = '55628' limit 1), (select state_id from settlement where postal_code = '55628' limit 1));
INSERT INTO job_detail(id, version, base_salary, job_name, date_created, last_updated) VALUES('6654de7e-fd25-4b4c-a398-5840307d9dd3', 0, 4000.0, 'Operador', current_timestamp, current_timestamp);
INSERT INTO driver_license(id, version, antiqueness, date_created, last_updated, expedition, expiration, license_number, license_type) VALUES('a3823575-9085-419d-859e-f30d21afa739', 0, current_timestamp, current_timestamp, current_timestamp, current_timestamp, date('3/1/16'), 'DF00132536', 'A');
INSERT INTO individual(id, version, address_id, date_created, last_name, last_updated, name, second_last_name, class, driver_license_id, email, employee_position_id, employee_type, job_detail_id, personal_data_id, employee_number) VALUES('02a78df8-8e64-4c1f-ae9b-c24e1e304786', 0, 'b1976713-d62e-498f-908e-90429c54e940', current_timestamp, 'REYES', current_timestamp, 'REYNALDO', 'RODRIGUEZ', 'justcloud.tickets.domain.Employee', 'a3823575-9085-419d-859e-f30d21afa739', '', 'operator-id', 'REGULAR_EMPLOYEE', '6654de7e-fd25-4b4c-a398-5840307d9dd3', null, '2140');
INSERT INTO phone(id, version, date_created, last_updated, number, type) VALUES('6a78e1f3-6ba7-4a7a-9595-6c084244bd51', 0, current_timestamp, current_timestamp, '5919112766', 'HOME');
INSERT INTO employee_phone(employee_phones_id, phone_id) VALUES('02a78df8-8e64-4c1f-ae9b-c24e1e304786', '6a78e1f3-6ba7-4a7a-9595-6c084244bd51');
INSERT INTO phone(id, version, date_created, last_updated, number, type) VALUES('4bdb771f-057a-4ff2-a879-abb15f80611c', 0, current_timestamp, current_timestamp, '5533176938', 'MOBILE');
INSERT INTO employee_phone(employee_phones_id, phone_id) VALUES('02a78df8-8e64-4c1f-ae9b-c24e1e304786', '4bdb771f-057a-4ff2-a879-abb15f80611c');
INSERT INTO address(id, version, address, date_created, last_updated, municipality_id, postal_code, settlement_id, state_id) VALUES('71d78991-fdbf-4558-90ae-bb036671fff6', 0, 'ANDADOR ALBERTO JIMENEZ CHAZARO No.  111 No.  int. 8 piso', current_timestamp, current_timestamp, (select municipality_id from settlement where postal_code = '91808' limit 1), '91808', (select id from settlement where postal_code = '91808' limit 1), (select state_id from settlement where postal_code = '91808' limit 1));
INSERT INTO job_detail(id, version, base_salary, job_name, date_created, last_updated) VALUES('be5e275f-8491-427c-a86e-87b17c225c2c', 0, 4000.0, 'Operador', current_timestamp, current_timestamp);
INSERT INTO driver_license(id, version, antiqueness, date_created, last_updated, expedition, expiration, license_number, license_type) VALUES('a3ffdadc-9579-422f-9527-b0f69810738c', 0, current_timestamp, current_timestamp, current_timestamp, current_timestamp, date('9/7/15'), 'VER128063', 'A');
INSERT INTO individual(id, version, address_id, date_created, last_name, last_updated, name, second_last_name, class, driver_license_id, email, employee_position_id, employee_type, job_detail_id, personal_data_id, employee_number) VALUES('b025d835-73df-451f-a34d-fed246df285e', 0, '71d78991-fdbf-4558-90ae-bb036671fff6', current_timestamp, 'SOTO', current_timestamp, 'JAIME JOSAFAT', 'MEDINA', 'justcloud.tickets.domain.Employee', 'a3ffdadc-9579-422f-9527-b0f69810738c', '', 'operator-id', 'REGULAR_EMPLOYEE', 'be5e275f-8491-427c-a86e-87b17c225c2c', null, '2141');
INSERT INTO phone(id, version, date_created, last_updated, number, type) VALUES('f29d0a79-2134-47eb-93d5-e6b9f6c61a4c', 0, current_timestamp, current_timestamp, '993  246 2609', 'MOBILE');
INSERT INTO employee_phone(employee_phones_id, phone_id) VALUES('b025d835-73df-451f-a34d-fed246df285e', 'f29d0a79-2134-47eb-93d5-e6b9f6c61a4c');
INSERT INTO address(id, version, address, date_created, last_updated, municipality_id, postal_code, settlement_id, state_id) VALUES('224b6241-eec3-4638-a219-a0ce206a78b3', 0, 'CALLE  ALHELI No.  25', current_timestamp, current_timestamp, (select municipality_id from settlement where postal_code = '90300' limit 1), '90300', (select id from settlement where postal_code = '90300' limit 1), (select state_id from settlement where postal_code = '90300' limit 1));
INSERT INTO job_detail(id, version, base_salary, job_name, date_created, last_updated) VALUES('c15f2ecc-78f8-476b-a8e2-9f72a2ce0ba5', 0, 4000.0, 'Operador', current_timestamp, current_timestamp);
INSERT INTO driver_license(id, version, antiqueness, date_created, last_updated, expedition, expiration, license_number, license_type) VALUES('41479226-b48f-4079-ab70-4638be875ee6', 0, current_timestamp, current_timestamp, current_timestamp, current_timestamp, date('11/25/15'), 'DF00139539', 'A');
INSERT INTO individual(id, version, address_id, date_created, last_name, last_updated, name, second_last_name, class, driver_license_id, email, employee_position_id, employee_type, job_detail_id, personal_data_id, employee_number) VALUES('4cc60847-a1df-4107-85eb-1aa00dbe81a1', 0, '224b6241-eec3-4638-a219-a0ce206a78b3', current_timestamp, 'HERNANDEZ', current_timestamp, 'JORGE VIRGILIO', 'SOSA', 'justcloud.tickets.domain.Employee', '41479226-b48f-4079-ab70-4638be875ee6', '', 'operator-id', 'REGULAR_EMPLOYEE', 'c15f2ecc-78f8-476b-a8e2-9f72a2ce0ba5', null, '2144');
INSERT INTO phone(id, version, date_created, last_updated, number, type) VALUES('c5874a02-bf83-4287-a411-d265598e43f4', 0, current_timestamp, current_timestamp, '241 113 1384', 'HOME');
INSERT INTO employee_phone(employee_phones_id, phone_id) VALUES('4cc60847-a1df-4107-85eb-1aa00dbe81a1', 'c5874a02-bf83-4287-a411-d265598e43f4');
INSERT INTO phone(id, version, date_created, last_updated, number, type) VALUES('bc54ceda-688e-448c-bbf2-719c60a6ea5f', 0, current_timestamp, current_timestamp, '551  893 6560', 'MOBILE');
INSERT INTO employee_phone(employee_phones_id, phone_id) VALUES('4cc60847-a1df-4107-85eb-1aa00dbe81a1', 'bc54ceda-688e-448c-bbf2-719c60a6ea5f');
INSERT INTO address(id, version, address, date_created, last_updated, municipality_id, postal_code, settlement_id, state_id) VALUES('15347af9-6ca8-491f-98e3-75088c1390b3', 0, 'CDA ROCIO MZA. 10 LOTE 35', current_timestamp, current_timestamp, (select municipality_id from settlement where postal_code = '55200' limit 1), '55200', (select id from settlement where postal_code = '55200' limit 1), (select state_id from settlement where postal_code = '55200' limit 1));
INSERT INTO job_detail(id, version, base_salary, job_name, date_created, last_updated) VALUES('e9c6f148-e4f9-496f-b136-f9fb42b9aee5', 0, 4000.0, 'Operador', current_timestamp, current_timestamp);
INSERT INTO driver_license(id, version, antiqueness, date_created, last_updated, expedition, expiration, license_number, license_type) VALUES('0fa19b89-feed-46e8-8de8-c61bac86e222', 0, current_timestamp, current_timestamp, current_timestamp, current_timestamp, date('6/4/17'), 'DF00215508', 'A');
INSERT INTO individual(id, version, address_id, date_created, last_name, last_updated, name, second_last_name, class, driver_license_id, email, employee_position_id, employee_type, job_detail_id, personal_data_id, employee_number) VALUES('f5473f9c-42c2-4741-8555-6cb6b5e2e502', 0, '15347af9-6ca8-491f-98e3-75088c1390b3', current_timestamp, 'MENDOZA', current_timestamp, 'ABEL', 'LUNA', 'justcloud.tickets.domain.Employee', '0fa19b89-feed-46e8-8de8-c61bac86e222', '', 'operator-id', 'REGULAR_EMPLOYEE', 'e9c6f148-e4f9-496f-b136-f9fb42b9aee5', null, '2145');
INSERT INTO phone(id, version, date_created, last_updated, number, type) VALUES('b1c2a697-cdb8-4490-b53b-b54b28e3a42a', 0, current_timestamp, current_timestamp, '553 685 5790', 'HOME');
INSERT INTO employee_phone(employee_phones_id, phone_id) VALUES('f5473f9c-42c2-4741-8555-6cb6b5e2e502', 'b1c2a697-cdb8-4490-b53b-b54b28e3a42a');
INSERT INTO phone(id, version, date_created, last_updated, number, type) VALUES('3c63abdc-c500-4efa-8946-c963d00c5cce', 0, current_timestamp, current_timestamp, ' 616  101 67 38', 'MOBILE');
INSERT INTO employee_phone(employee_phones_id, phone_id) VALUES('f5473f9c-42c2-4741-8555-6cb6b5e2e502', '3c63abdc-c500-4efa-8946-c963d00c5cce');
INSERT INTO address(id, version, address, date_created, last_updated, municipality_id, postal_code, settlement_id, state_id) VALUES('9b24690d-2a50-4a6f-9b28-f60afbb356d7', 0, '1o.  DE ABRIL No.  24', current_timestamp, current_timestamp, (select municipality_id from settlement where postal_code = '43760' limit 1), '43760', (select id from settlement where postal_code = '43760' limit 1), (select state_id from settlement where postal_code = '43760' limit 1));
INSERT INTO job_detail(id, version, base_salary, job_name, date_created, last_updated) VALUES('d96f907c-3ab1-4634-b736-badf8f0784f3', 0, 4000.0, 'Operador', current_timestamp, current_timestamp);
INSERT INTO driver_license(id, version, antiqueness, date_created, last_updated, expedition, expiration, license_number, license_type) VALUES('cfbbde61-3509-46c2-bd3c-1455eaa8d8f5', 0, current_timestamp, current_timestamp, current_timestamp, current_timestamp, date('12/15/15'), 'HGO0007067', 'A');
INSERT INTO individual(id, version, address_id, date_created, last_name, last_updated, name, second_last_name, class, driver_license_id, email, employee_position_id, employee_type, job_detail_id, personal_data_id, employee_number) VALUES('0f2c6032-7469-48aa-9a27-62296c2633e5', 0, '9b24690d-2a50-4a6f-9b28-f60afbb356d7', current_timestamp, 'VILLALPA', current_timestamp, 'JOSE ALBERTO', 'OLVERA', 'justcloud.tickets.domain.Employee', 'cfbbde61-3509-46c2-bd3c-1455eaa8d8f5', '', 'operator-id', 'REGULAR_EMPLOYEE', 'd96f907c-3ab1-4634-b736-badf8f0784f3', null, '2146');
INSERT INTO phone(id, version, date_created, last_updated, number, type) VALUES('e3cf02fd-c0f8-41fe-bb5f-0bc9404ede28', 0, current_timestamp, current_timestamp, '775 753 70 26', 'HOME');
INSERT INTO employee_phone(employee_phones_id, phone_id) VALUES('0f2c6032-7469-48aa-9a27-62296c2633e5', 'e3cf02fd-c0f8-41fe-bb5f-0bc9404ede28');
INSERT INTO phone(id, version, date_created, last_updated, number, type) VALUES('ae27b618-0b95-4fb6-ab6a-6330edf3297d', 0, current_timestamp, current_timestamp, ' 554 546 59 39', 'MOBILE');
INSERT INTO employee_phone(employee_phones_id, phone_id) VALUES('0f2c6032-7469-48aa-9a27-62296c2633e5', 'ae27b618-0b95-4fb6-ab6a-6330edf3297d');
INSERT INTO address(id, version, address, date_created, last_updated, municipality_id, postal_code, settlement_id, state_id) VALUES('d7806b64-9784-4e81-99b8-c0c1d45d564d', 0, 'ANDADOR 8 No.  1328 - B', current_timestamp, current_timestamp, (select municipality_id from settlement where postal_code = '75790' limit 1), '75790', (select id from settlement where postal_code = '75790' limit 1), (select state_id from settlement where postal_code = '75790' limit 1));
INSERT INTO job_detail(id, version, base_salary, job_name, date_created, last_updated) VALUES('218c2d6a-b18e-45b6-a71a-c9954a8dccbc', 0, 4000.0, 'Operador', current_timestamp, current_timestamp);
INSERT INTO driver_license(id, version, antiqueness, date_created, last_updated, expedition, expiration, license_number, license_type) VALUES('80800db0-0492-45f2-a3d7-e0274b8ff5be', 0, current_timestamp, current_timestamp, current_timestamp, current_timestamp, date('3/27/18'), 'PUE0015480', 'A');
INSERT INTO individual(id, version, address_id, date_created, last_name, last_updated, name, second_last_name, class, driver_license_id, email, employee_position_id, employee_type, job_detail_id, personal_data_id, employee_number) VALUES('293ee193-0295-4843-aaf8-7f9cc9301d62', 0, 'd7806b64-9784-4e81-99b8-c0c1d45d564d', current_timestamp, 'RAMIREZ', current_timestamp, 'FELIPE ALEJANDRO', 'MARTINEZ', 'justcloud.tickets.domain.Employee', '80800db0-0492-45f2-a3d7-e0274b8ff5be', '', 'operator-id', 'REGULAR_EMPLOYEE', '218c2d6a-b18e-45b6-a71a-c9954a8dccbc', null, '2150');
INSERT INTO phone(id, version, date_created, last_updated, number, type) VALUES('c3b61629-4c26-4f19-8136-6037ad3fb198', 0, current_timestamp, current_timestamp, ' 248 1099793', 'HOME');
INSERT INTO employee_phone(employee_phones_id, phone_id) VALUES('293ee193-0295-4843-aaf8-7f9cc9301d62', 'c3b61629-4c26-4f19-8136-6037ad3fb198');
INSERT INTO phone(id, version, date_created, last_updated, number, type) VALUES('b6d4fb4c-abbc-4173-adc4-4ef06cfcecdf', 0, current_timestamp, current_timestamp, ' 667  2383922', 'MOBILE');
INSERT INTO employee_phone(employee_phones_id, phone_id) VALUES('293ee193-0295-4843-aaf8-7f9cc9301d62', 'b6d4fb4c-abbc-4173-adc4-4ef06cfcecdf');
INSERT INTO address(id, version, address, date_created, last_updated, municipality_id, postal_code, settlement_id, state_id) VALUES('fe4fdbac-442e-4b97-81c4-c117de802f6c', 0, 'DE LA MIEL MZ- 6 LT- 3', current_timestamp, current_timestamp, (select municipality_id from settlement where postal_code = '86500' limit 1), '86500', (select id from settlement where postal_code = '86500' limit 1), (select state_id from settlement where postal_code = '86500' limit 1));
INSERT INTO job_detail(id, version, base_salary, job_name, date_created, last_updated) VALUES('ce4caa17-d6f5-4e03-be3e-ff70e8fc4673', 0, 4000.0, 'Operador', current_timestamp, current_timestamp);
INSERT INTO driver_license(id, version, antiqueness, date_created, last_updated, expedition, expiration, license_number, license_type) VALUES('8cc38fa7-3bb3-46d5-9196-373736b8d6d7', 0, current_timestamp, current_timestamp, current_timestamp, current_timestamp, date('10/8/15'), 'TAB0003394', 'A');
INSERT INTO individual(id, version, address_id, date_created, last_name, last_updated, name, second_last_name, class, driver_license_id, email, employee_position_id, employee_type, job_detail_id, personal_data_id, employee_number) VALUES('6dc84020-9621-4fc3-a899-29e1414b0164', 0, 'fe4fdbac-442e-4b97-81c4-c117de802f6c', current_timestamp, 'LOBATO', current_timestamp, 'MARCOS', 'LOPEZ', 'justcloud.tickets.domain.Employee', '8cc38fa7-3bb3-46d5-9196-373736b8d6d7', '', 'operator-id', 'REGULAR_EMPLOYEE', 'ce4caa17-d6f5-4e03-be3e-ff70e8fc4673', null, '2152');
INSERT INTO phone(id, version, date_created, last_updated, number, type) VALUES('d75bd7cb-98ec-43d5-9ff1-e38c7ba5b2df', 0, current_timestamp, current_timestamp, ' 937  1057513', 'MOBILE');
INSERT INTO employee_phone(employee_phones_id, phone_id) VALUES('6dc84020-9621-4fc3-a899-29e1414b0164', 'd75bd7cb-98ec-43d5-9ff1-e38c7ba5b2df');
INSERT INTO address(id, version, address, date_created, last_updated, municipality_id, postal_code, settlement_id, state_id) VALUES('c1c1447d-1fed-4ae8-a8dd-3a85bfafaedc', 0, 'DOROTEO ARANGO No.  6', current_timestamp, current_timestamp, (select municipality_id from settlement where postal_code = '74042' limit 1), '74042', (select id from settlement where postal_code = '74042' limit 1), (select state_id from settlement where postal_code = '74042' limit 1));
INSERT INTO job_detail(id, version, base_salary, job_name, date_created, last_updated) VALUES('ca065c6c-0aeb-47b1-a766-eab9c34d6117', 0, 4000.0, 'Operador', current_timestamp, current_timestamp);
INSERT INTO driver_license(id, version, antiqueness, date_created, last_updated, expedition, expiration, license_number, license_type) VALUES('69047179-feb2-4836-bb25-9e8cac21941d', 0, current_timestamp, current_timestamp, current_timestamp, current_timestamp, date('3/20/18'), 'TLAX002902', 'A');
INSERT INTO individual(id, version, address_id, date_created, last_name, last_updated, name, second_last_name, class, driver_license_id, email, employee_position_id, employee_type, job_detail_id, personal_data_id, employee_number) VALUES('95346d8b-5ab4-4c57-ae38-a42ef82b1571', 0, 'c1c1447d-1fed-4ae8-a8dd-3a85bfafaedc', current_timestamp, 'RAMIREZ', current_timestamp, 'JORGE LUIS', 'MARTINEZ', 'justcloud.tickets.domain.Employee', '69047179-feb2-4836-bb25-9e8cac21941d', '', 'operator-id', 'REGULAR_EMPLOYEE', 'ca065c6c-0aeb-47b1-a766-eab9c34d6117', null, '2155');
INSERT INTO phone(id, version, date_created, last_updated, number, type) VALUES('83028a9e-3fa4-4475-88bd-b5315a85f6f5', 0, current_timestamp, current_timestamp, ' 248 1099793', 'HOME');
INSERT INTO employee_phone(employee_phones_id, phone_id) VALUES('95346d8b-5ab4-4c57-ae38-a42ef82b1571', '83028a9e-3fa4-4475-88bd-b5315a85f6f5');
INSERT INTO phone(id, version, date_created, last_updated, number, type) VALUES('9ce79633-02fa-4fcc-9f8b-22ffc849a4c5', 0, current_timestamp, current_timestamp, ' 247  1056588', 'WORK');
INSERT INTO employee_phone(employee_phones_id, phone_id) VALUES('95346d8b-5ab4-4c57-ae38-a42ef82b1571', '9ce79633-02fa-4fcc-9f8b-22ffc849a4c5');
INSERT INTO phone(id, version, date_created, last_updated, number, type) VALUES('5b08d57e-71d6-46e8-8d92-414efc863a6f', 0, current_timestamp, current_timestamp, '2717049541', 'MOBILE');
INSERT INTO employee_phone(employee_phones_id, phone_id) VALUES('95346d8b-5ab4-4c57-ae38-a42ef82b1571', '5b08d57e-71d6-46e8-8d92-414efc863a6f');
INSERT INTO address(id, version, address, date_created, last_updated, municipality_id, postal_code, settlement_id, state_id) VALUES('7423dc52-237a-414b-8903-538cf4f26dbc', 0, 'REFORMA No.  1301', current_timestamp, current_timestamp, (select municipality_id from settlement where postal_code = '89490' limit 1), '89490', (select id from settlement where postal_code = '89490' limit 1), (select state_id from settlement where postal_code = '89490' limit 1));
INSERT INTO job_detail(id, version, base_salary, job_name, date_created, last_updated) VALUES('038f767a-b9ba-4c45-b5ed-e046c994e98e', 0, 4000.0, 'Operador', current_timestamp, current_timestamp);
INSERT INTO driver_license(id, version, antiqueness, date_created, last_updated, expedition, expiration, license_number, license_type) VALUES('264a8a73-3cb6-4321-81ac-150c24e5afab', 0, current_timestamp, current_timestamp, current_timestamp, current_timestamp, date('11/26/17'), 'VER0208856', 'A');
INSERT INTO individual(id, version, address_id, date_created, last_name, last_updated, name, second_last_name, class, driver_license_id, email, employee_position_id, employee_type, job_detail_id, personal_data_id, employee_number) VALUES('e15af575-6080-452e-b296-96d3bf86fa16', 0, '7423dc52-237a-414b-8903-538cf4f26dbc', current_timestamp, 'RAMIREZ', current_timestamp, 'FABIAN ANTONIO', 'VARGAS', 'justcloud.tickets.domain.Employee', '264a8a73-3cb6-4321-81ac-150c24e5afab', '', 'operator-id', 'REGULAR_EMPLOYEE', '038f767a-b9ba-4c45-b5ed-e046c994e98e', null, '2156');
INSERT INTO phone(id, version, date_created, last_updated, number, type) VALUES('f52c0729-011b-4530-857f-822fc9ee1fcc', 0, current_timestamp, current_timestamp, ' 553  8046380', 'MOBILE');
INSERT INTO employee_phone(employee_phones_id, phone_id) VALUES('e15af575-6080-452e-b296-96d3bf86fa16', 'f52c0729-011b-4530-857f-822fc9ee1fcc');
INSERT INTO address(id, version, address, date_created, last_updated, municipality_id, postal_code, settlement_id, state_id) VALUES('cea68a32-04f9-4618-961c-75bd39ce3a9d', 0, 'CALLE LOMAS No.  22', current_timestamp, current_timestamp, (select municipality_id from settlement where postal_code = '24094' limit 1), '24094', (select id from settlement where postal_code = '24094' limit 1), (select state_id from settlement where postal_code = '24094' limit 1));
INSERT INTO job_detail(id, version, base_salary, job_name, date_created, last_updated) VALUES('25eff08d-18c0-4a1c-ab56-a0443a9bee3f', 0, 4000.0, 'Operador', current_timestamp, current_timestamp);
INSERT INTO driver_license(id, version, antiqueness, date_created, last_updated, expedition, expiration, license_number, license_type) VALUES('b0752322-d6ae-493c-843c-eb0939998c17', 0, current_timestamp, current_timestamp, current_timestamp, current_timestamp, date('2/24/17'), 'CAMP00892', 'A');
INSERT INTO individual(id, version, address_id, date_created, last_name, last_updated, name, second_last_name, class, driver_license_id, email, employee_position_id, employee_type, job_detail_id, personal_data_id, employee_number) VALUES('9fb47d7d-fd7b-4f52-b787-f7724b367d45', 0, 'cea68a32-04f9-4618-961c-75bd39ce3a9d', current_timestamp, 'ESCOBAR', current_timestamp, 'OSVALDO', 'AQUE LIMBER', 'justcloud.tickets.domain.Employee', 'b0752322-d6ae-493c-843c-eb0939998c17', '', 'operator-id', 'REGULAR_EMPLOYEE', '25eff08d-18c0-4a1c-ab56-a0443a9bee3f', null, '2158');
INSERT INTO phone(id, version, date_created, last_updated, number, type) VALUES('2450478b-5a8f-4cc8-9f10-faf2f3e57fdc', 0, current_timestamp, current_timestamp, ' 981  1390278', 'MOBILE');
INSERT INTO employee_phone(employee_phones_id, phone_id) VALUES('9fb47d7d-fd7b-4f52-b787-f7724b367d45', '2450478b-5a8f-4cc8-9f10-faf2f3e57fdc');
INSERT INTO address(id, version, address, date_created, last_updated, municipality_id, postal_code, settlement_id, state_id) VALUES('3993dfe5-772f-4d05-968a-9c4c3bcc034c', 0, 'AVENITA SY GAMA  AGRUPACION. 40 ENTRADA. 2 DPTO. 1', current_timestamp, current_timestamp, (select municipality_id from settlement where postal_code = '09200' limit 1), '09200', (select id from settlement where postal_code = '09200' limit 1), (select state_id from settlement where postal_code = '09200' limit 1));
INSERT INTO job_detail(id, version, base_salary, job_name, date_created, last_updated) VALUES('a787222c-fc07-4ec7-903c-3150e5c93588', 0, 4000.0, 'Operador', current_timestamp, current_timestamp);
INSERT INTO driver_license(id, version, antiqueness, date_created, last_updated, expedition, expiration, license_number, license_type) VALUES('bf9c1bbd-3e01-4055-88df-ca44ca279a28', 0, current_timestamp, current_timestamp, current_timestamp, current_timestamp, date('2/22/14'), 'DF00205135', 'A');
INSERT INTO individual(id, version, address_id, date_created, last_name, last_updated, name, second_last_name, class, driver_license_id, email, employee_position_id, employee_type, job_detail_id, personal_data_id, employee_number) VALUES('b33fcaf8-1a84-4719-8018-cce050a3a242', 0, '3993dfe5-772f-4d05-968a-9c4c3bcc034c', current_timestamp, 'SOSA', current_timestamp, 'RAMON', 'BRAN', 'justcloud.tickets.domain.Employee', 'bf9c1bbd-3e01-4055-88df-ca44ca279a28', '', 'operator-id', 'REGULAR_EMPLOYEE', 'a787222c-fc07-4ec7-903c-3150e5c93588', null, '2159');
INSERT INTO phone(id, version, date_created, last_updated, number, type) VALUES('d36d21ff-d2aa-4931-bb3c-08cb8cbdc2ff', 0, current_timestamp, current_timestamp, '5690 68 64', 'HOME');
INSERT INTO employee_phone(employee_phones_id, phone_id) VALUES('b33fcaf8-1a84-4719-8018-cce050a3a242', 'd36d21ff-d2aa-4931-bb3c-08cb8cbdc2ff');
INSERT INTO phone(id, version, date_created, last_updated, number, type) VALUES('efe579ec-78ca-4a57-ae51-e22466f21a77', 0, current_timestamp, current_timestamp, ' 554  4522766', 'MOBILE');
INSERT INTO employee_phone(employee_phones_id, phone_id) VALUES('b33fcaf8-1a84-4719-8018-cce050a3a242', 'efe579ec-78ca-4a57-ae51-e22466f21a77');
INSERT INTO address(id, version, address, date_created, last_updated, municipality_id, postal_code, settlement_id, state_id) VALUES('3552ce0b-adb3-4348-a431-ab805df0d848', 0, 'CALLE MIGUEL HIDALGO S/N', current_timestamp, current_timestamp, (select municipality_id from settlement where postal_code = '92015' limit 1), '92015', (select id from settlement where postal_code = '92015' limit 1), (select state_id from settlement where postal_code = '92015' limit 1));
INSERT INTO job_detail(id, version, base_salary, job_name, date_created, last_updated) VALUES('947eebc9-6aeb-4e6d-9398-868e96ea45af', 0, 4000.0, 'Operador', current_timestamp, current_timestamp);
INSERT INTO driver_license(id, version, antiqueness, date_created, last_updated, expedition, expiration, license_number, license_type) VALUES('6b31d78d-3627-4e61-b603-6d183e91409c', 0, current_timestamp, current_timestamp, current_timestamp, current_timestamp, date('4/14/16'), 'TAMP308534', 'A');
INSERT INTO individual(id, version, address_id, date_created, last_name, last_updated, name, second_last_name, class, driver_license_id, email, employee_position_id, employee_type, job_detail_id, personal_data_id, employee_number) VALUES('d16b26c7-ef38-4d44-984d-c9a648bcc0be', 0, '3552ce0b-adb3-4348-a431-ab805df0d848', current_timestamp, 'TORRES', current_timestamp, 'JUAN GABRIEL', 'GUERRA', 'justcloud.tickets.domain.Employee', '6b31d78d-3627-4e61-b603-6d183e91409c', '', 'operator-id', 'REGULAR_EMPLOYEE', '947eebc9-6aeb-4e6d-9398-868e96ea45af', null, '2161');
INSERT INTO phone(id, version, date_created, last_updated, number, type) VALUES('5e838d3e-1e1d-4fab-a341-7c1d33a57330', 0, current_timestamp, current_timestamp, ' 846 2820421', 'HOME');
INSERT INTO employee_phone(employee_phones_id, phone_id) VALUES('d16b26c7-ef38-4d44-984d-c9a648bcc0be', '5e838d3e-1e1d-4fab-a341-7c1d33a57330');
INSERT INTO phone(id, version, date_created, last_updated, number, type) VALUES('ebc379f1-31a9-47fe-ae66-22f32a7b5381', 0, current_timestamp, current_timestamp, ' 833  2654973', 'MOBILE');
INSERT INTO employee_phone(employee_phones_id, phone_id) VALUES('d16b26c7-ef38-4d44-984d-c9a648bcc0be', 'ebc379f1-31a9-47fe-ae66-22f32a7b5381');
INSERT INTO address(id, version, address, date_created, last_updated, municipality_id, postal_code, settlement_id, state_id) VALUES('1bc6faaf-65b2-4ad7-bae8-bf56500c4ccd', 0, 'MONTE POPOPCATEPETL MZ- 480 LT-18', current_timestamp, current_timestamp, (select municipality_id from settlement where postal_code = '55070' limit 1), '55070', (select id from settlement where postal_code = '55070' limit 1), (select state_id from settlement where postal_code = '55070' limit 1));
INSERT INTO job_detail(id, version, base_salary, job_name, date_created, last_updated) VALUES('b58671da-af72-4d3d-9996-74093e103649', 0, 4000.0, 'Operador', current_timestamp, current_timestamp);
INSERT INTO driver_license(id, version, antiqueness, date_created, last_updated, expedition, expiration, license_number, license_type) VALUES('61dbe804-81ea-4fb3-8f45-04f7b5403f1c', 0, current_timestamp, current_timestamp, current_timestamp, current_timestamp, date('7/25/18'), 'DF00215656', 'A');
INSERT INTO individual(id, version, address_id, date_created, last_name, last_updated, name, second_last_name, class, driver_license_id, email, employee_position_id, employee_type, job_detail_id, personal_data_id, employee_number) VALUES('eb582932-058a-46d7-8153-9a1b10429964', 0, '1bc6faaf-65b2-4ad7-bae8-bf56500c4ccd', current_timestamp, 'PEREZ', current_timestamp, 'JOSE GUADALUPE', 'RAMOS', 'justcloud.tickets.domain.Employee', '61dbe804-81ea-4fb3-8f45-04f7b5403f1c', '', 'operator-id', 'REGULAR_EMPLOYEE', 'b58671da-af72-4d3d-9996-74093e103649', null, '2168');
INSERT INTO phone(id, version, date_created, last_updated, number, type) VALUES('2d4640f5-1b2d-4e7a-bac8-a3050fd86e4d', 0, current_timestamp, current_timestamp, ' 555 8376626', 'HOME');
INSERT INTO employee_phone(employee_phones_id, phone_id) VALUES('eb582932-058a-46d7-8153-9a1b10429964', '2d4640f5-1b2d-4e7a-bac8-a3050fd86e4d');
INSERT INTO phone(id, version, date_created, last_updated, number, type) VALUES('547db014-dde1-47d2-af8d-12d5a455a082', 0, current_timestamp, current_timestamp, ' 553 7375329', 'MOBILE');
INSERT INTO employee_phone(employee_phones_id, phone_id) VALUES('eb582932-058a-46d7-8153-9a1b10429964', '547db014-dde1-47d2-af8d-12d5a455a082');
INSERT INTO address(id, version, address, date_created, last_updated, municipality_id, postal_code, settlement_id, state_id) VALUES('83d515db-b2a2-4fff-abc4-7816be8c15ef', 0, 'AVENIDA CRUZ BLANCA No.  21', current_timestamp, current_timestamp, (select municipality_id from settlement where postal_code = '05700' limit 1), '05700', (select id from settlement where postal_code = '05700' limit 1), (select state_id from settlement where postal_code = '05700' limit 1));
INSERT INTO job_detail(id, version, base_salary, job_name, date_created, last_updated) VALUES('9b4531fd-6334-4857-b0f1-3e9f647c15bc', 0, 4000.0, 'Operador', current_timestamp, current_timestamp);
INSERT INTO driver_license(id, version, antiqueness, date_created, last_updated, expedition, expiration, license_number, license_type) VALUES('0887b978-f9fa-477e-872c-63713000bf27', 0, current_timestamp, current_timestamp, current_timestamp, current_timestamp, date('12/15/15'), 'QRO11115', 'A');
INSERT INTO individual(id, version, address_id, date_created, last_name, last_updated, name, second_last_name, class, driver_license_id, email, employee_position_id, employee_type, job_detail_id, personal_data_id, employee_number) VALUES('2f806e03-7fdb-4e9b-88f9-0fd1f6e845f6', 0, '83d515db-b2a2-4fff-abc4-7816be8c15ef', current_timestamp, 'AGUIRRE', current_timestamp, 'ROGERS DIK', 'ESQUIVEL', 'justcloud.tickets.domain.Employee', '0887b978-f9fa-477e-872c-63713000bf27', '', 'operator-id', 'REGULAR_EMPLOYEE', '9b4531fd-6334-4857-b0f1-3e9f647c15bc', null, '2170');
INSERT INTO phone(id, version, date_created, last_updated, number, type) VALUES('0790778d-430f-4202-b68a-065a8f5f35af', 0, current_timestamp, current_timestamp, ' 555 8110360', 'HOME');
INSERT INTO employee_phone(employee_phones_id, phone_id) VALUES('2f806e03-7fdb-4e9b-88f9-0fd1f6e845f6', '0790778d-430f-4202-b68a-065a8f5f35af');
INSERT INTO phone(id, version, date_created, last_updated, number, type) VALUES('596ad85a-8a26-4381-843a-3c93df5d9bea', 0, current_timestamp, current_timestamp, ' 554 5182233', 'MOBILE');
INSERT INTO employee_phone(employee_phones_id, phone_id) VALUES('2f806e03-7fdb-4e9b-88f9-0fd1f6e845f6', '596ad85a-8a26-4381-843a-3c93df5d9bea');
INSERT INTO address(id, version, address, date_created, last_updated, municipality_id, postal_code, settlement_id, state_id) VALUES('2be647ca-60f2-43b3-869a-b901300382de', 0, 'CARRANZA No.  506 DPTO. 5', current_timestamp, current_timestamp, (select municipality_id from settlement where postal_code = '89450' limit 1), '89450', (select id from settlement where postal_code = '89450' limit 1), (select state_id from settlement where postal_code = '89450' limit 1));
INSERT INTO job_detail(id, version, base_salary, job_name, date_created, last_updated) VALUES('a402b8e9-e534-4589-bf64-efe4c36c3235', 0, 4000.0, 'Operador', current_timestamp, current_timestamp);
INSERT INTO driver_license(id, version, antiqueness, date_created, last_updated, expedition, expiration, license_number, license_type) VALUES('a6231c2b-912a-429a-b437-7c261288b967', 0, current_timestamp, current_timestamp, current_timestamp, current_timestamp, date('8/2/15'), 'TAMP304816', 'A');
INSERT INTO individual(id, version, address_id, date_created, last_name, last_updated, name, second_last_name, class, driver_license_id, email, employee_position_id, employee_type, job_detail_id, personal_data_id, employee_number) VALUES('3aa35187-624b-43d7-9937-1e79c3271f2b', 0, '2be647ca-60f2-43b3-869a-b901300382de', current_timestamp, 'MARTINEZ', current_timestamp, 'JESUS GUADALUPE', 'VALENZUELA', 'justcloud.tickets.domain.Employee', 'a6231c2b-912a-429a-b437-7c261288b967', '', 'operator-id', 'REGULAR_EMPLOYEE', 'a402b8e9-e534-4589-bf64-efe4c36c3235', null, '2171');
INSERT INTO phone(id, version, date_created, last_updated, number, type) VALUES('65eb19ee-9a1d-4451-96d2-d12b5076bd34', 0, current_timestamp, current_timestamp, ' 833 2105047', 'HOME');
INSERT INTO employee_phone(employee_phones_id, phone_id) VALUES('3aa35187-624b-43d7-9937-1e79c3271f2b', '65eb19ee-9a1d-4451-96d2-d12b5076bd34');
INSERT INTO phone(id, version, date_created, last_updated, number, type) VALUES('3fd763c7-f35d-428a-b164-e401a0fc8a55', 0, current_timestamp, current_timestamp, ' 833  1386002', 'MOBILE');
INSERT INTO employee_phone(employee_phones_id, phone_id) VALUES('3aa35187-624b-43d7-9937-1e79c3271f2b', '3fd763c7-f35d-428a-b164-e401a0fc8a55');
INSERT INTO address(id, version, address, date_created, last_updated, municipality_id, postal_code, settlement_id, state_id) VALUES('e74add16-11a8-4cab-967c-16dddc6839af', 0, 'ZACATECAS No.  115 DPTO. 5', current_timestamp, current_timestamp, (select municipality_id from settlement where postal_code = '89610' limit 1), '89610', (select id from settlement where postal_code = '89610' limit 1), (select state_id from settlement where postal_code = '89610' limit 1));
INSERT INTO job_detail(id, version, base_salary, job_name, date_created, last_updated) VALUES('c8e01af9-59fa-4a41-82f8-b5624b08ecbf', 0, 4000.0, 'Operador', current_timestamp, current_timestamp);
INSERT INTO driver_license(id, version, antiqueness, date_created, last_updated, expedition, expiration, license_number, license_type) VALUES('95b4a2a5-a26f-427f-97c5-76d8cd7add76', 0, current_timestamp, current_timestamp, current_timestamp, current_timestamp, date('1/25/16'), 'TAMP309603', 'A');
INSERT INTO individual(id, version, address_id, date_created, last_name, last_updated, name, second_last_name, class, driver_license_id, email, employee_position_id, employee_type, job_detail_id, personal_data_id, employee_number) VALUES('c7c77fcf-6059-4fce-a5d5-40949cc80b6f', 0, 'e74add16-11a8-4cab-967c-16dddc6839af', current_timestamp, 'ROQUE', current_timestamp, 'JUSTO', 'GUZMAN', 'justcloud.tickets.domain.Employee', '95b4a2a5-a26f-427f-97c5-76d8cd7add76', '', 'operator-id', 'REGULAR_EMPLOYEE', 'c8e01af9-59fa-4a41-82f8-b5624b08ecbf', null, '2172');
INSERT INTO phone(id, version, date_created, last_updated, number, type) VALUES('178e324a-761f-478d-8b7f-ee273d6476c4', 0, current_timestamp, current_timestamp, ' 833  8494011', 'MOBILE');
INSERT INTO employee_phone(employee_phones_id, phone_id) VALUES('c7c77fcf-6059-4fce-a5d5-40949cc80b6f', '178e324a-761f-478d-8b7f-ee273d6476c4');
INSERT INTO address(id, version, address, date_created, last_updated, municipality_id, postal_code, settlement_id, state_id) VALUES('9fca0fa9-0fb0-4a4c-841a-5e28eba009e6', 0, 'SANTA CATALINA No.  71-A DPTO. 5', current_timestamp, current_timestamp, (select municipality_id from settlement where postal_code = '91808' limit 1), '91808', (select id from settlement where postal_code = '91808' limit 1), (select state_id from settlement where postal_code = '91808' limit 1));
INSERT INTO job_detail(id, version, base_salary, job_name, date_created, last_updated) VALUES('c5bd948b-c6eb-4d96-ab0f-50937f02c438', 0, 4000.0, 'Operador', current_timestamp, current_timestamp);
INSERT INTO driver_license(id, version, antiqueness, date_created, last_updated, expedition, expiration, license_number, license_type) VALUES('aa49d369-e7a5-4afc-bc57-7cc2a0e4c89f', 0, current_timestamp, current_timestamp, current_timestamp, current_timestamp, date('3/21/17'), 'VER0130909', 'A');
INSERT INTO individual(id, version, address_id, date_created, last_name, last_updated, name, second_last_name, class, driver_license_id, email, employee_position_id, employee_type, job_detail_id, personal_data_id, employee_number) VALUES('06acf5b0-97b6-400d-8acd-e5b4445aea36', 0, '9fca0fa9-0fb0-4a4c-841a-5e28eba009e6', current_timestamp, 'CASTELLANOS ', current_timestamp, 'JUAN MARTIN', 'YEPEZ', 'justcloud.tickets.domain.Employee', 'aa49d369-e7a5-4afc-bc57-7cc2a0e4c89f', '', 'operator-id', 'REGULAR_EMPLOYEE', 'c5bd948b-c6eb-4d96-ab0f-50937f02c438', null, '2173');
INSERT INTO phone(id, version, date_created, last_updated, number, type) VALUES('e70f6b61-f984-456f-9b1f-04cf51cb86eb', 0, current_timestamp, current_timestamp, ' 229 2689496', 'WORK');
INSERT INTO employee_phone(employee_phones_id, phone_id) VALUES('06acf5b0-97b6-400d-8acd-e5b4445aea36', 'e70f6b61-f984-456f-9b1f-04cf51cb86eb');
INSERT INTO phone(id, version, date_created, last_updated, number, type) VALUES('796cd00d-c6a6-4feb-89af-f98cb1698a98', 0, current_timestamp, current_timestamp, '229 1432161', 'MOBILE');
INSERT INTO employee_phone(employee_phones_id, phone_id) VALUES('06acf5b0-97b6-400d-8acd-e5b4445aea36', '796cd00d-c6a6-4feb-89af-f98cb1698a98');
INSERT INTO address(id, version, address, date_created, last_updated, municipality_id, postal_code, settlement_id, state_id) VALUES('1c3a69e5-3eea-4d63-94d5-ec88d419c0e7', 0, 'AZUCENA MZ - 28 LT- 29', current_timestamp, current_timestamp, (select municipality_id from settlement where postal_code = '91680' limit 1), '91680', (select id from settlement where postal_code = '91680' limit 1), (select state_id from settlement where postal_code = '91680' limit 1));
INSERT INTO job_detail(id, version, base_salary, job_name, date_created, last_updated) VALUES('80b0cc45-978d-4f69-8e7a-5ddfe467649a', 0, 4000.0, 'Operador', current_timestamp, current_timestamp);
INSERT INTO driver_license(id, version, antiqueness, date_created, last_updated, expedition, expiration, license_number, license_type) VALUES('1f6b884e-f8ce-4be4-9ec7-7eeec78b49b1', 0, current_timestamp, current_timestamp, current_timestamp, current_timestamp, date('9/3/18'), 'VER130592', 'A');
INSERT INTO individual(id, version, address_id, date_created, last_name, last_updated, name, second_last_name, class, driver_license_id, email, employee_position_id, employee_type, job_detail_id, personal_data_id, employee_number) VALUES('bfec1867-ebde-4df2-a793-fc94ae326ada', 0, '1c3a69e5-3eea-4d63-94d5-ec88d419c0e7', current_timestamp, 'CASTILLO', current_timestamp, 'MARTIN', 'ESPINOZA', 'justcloud.tickets.domain.Employee', '1f6b884e-f8ce-4be4-9ec7-7eeec78b49b1', '', 'operator-id', 'REGULAR_EMPLOYEE', '80b0cc45-978d-4f69-8e7a-5ddfe467649a', null, '2176');
INSERT INTO phone(id, version, date_created, last_updated, number, type) VALUES('23fe9c76-243d-4a4a-8dc3-1e3735974d1f', 0, current_timestamp, current_timestamp, ' 296 9621226', 'HOME');
INSERT INTO employee_phone(employee_phones_id, phone_id) VALUES('bfec1867-ebde-4df2-a793-fc94ae326ada', '23fe9c76-243d-4a4a-8dc3-1e3735974d1f');
INSERT INTO phone(id, version, date_created, last_updated, number, type) VALUES('43236c01-7ed9-470f-bd08-3d34be9ae1ba', 0, current_timestamp, current_timestamp, ' 296  9645864', 'MOBILE');
INSERT INTO employee_phone(employee_phones_id, phone_id) VALUES('bfec1867-ebde-4df2-a793-fc94ae326ada', '43236c01-7ed9-470f-bd08-3d34be9ae1ba');
INSERT INTO address(id, version, address, date_created, last_updated, municipality_id, postal_code, settlement_id, state_id) VALUES('e62026c3-2fd4-454b-9e83-3e96b326227b', 0, 'PROF. CARLOS CARRILLO MZ - 47 LT - 14', current_timestamp, current_timestamp, (select municipality_id from settlement where postal_code = '07089' limit 1), '07089', (select id from settlement where postal_code = '07089' limit 1), (select state_id from settlement where postal_code = '07089' limit 1));
INSERT INTO job_detail(id, version, base_salary, job_name, date_created, last_updated) VALUES('1108214a-d8a0-4a35-920c-666b7eb9dfe5', 0, 4000.0, 'Operador', current_timestamp, current_timestamp);
INSERT INTO driver_license(id, version, antiqueness, date_created, last_updated, expedition, expiration, license_number, license_type) VALUES('9ee5b933-f3c6-4687-b4a4-f2d24508917b', 0, current_timestamp, current_timestamp, current_timestamp, current_timestamp, date('2/18/16'), 'DF00205068', 'A');
INSERT INTO individual(id, version, address_id, date_created, last_name, last_updated, name, second_last_name, class, driver_license_id, email, employee_position_id, employee_type, job_detail_id, personal_data_id, employee_number) VALUES('9d2a3c70-75f8-4267-b42e-b8d7f52d33d7', 0, 'e62026c3-2fd4-454b-9e83-3e96b326227b', current_timestamp, 'MONROY', current_timestamp, 'CIRILO', 'TINAJERO', 'justcloud.tickets.domain.Employee', '9ee5b933-f3c6-4687-b4a4-f2d24508917b', '', 'operator-id', 'REGULAR_EMPLOYEE', '1108214a-d8a0-4a35-920c-666b7eb9dfe5', null, '2183');
INSERT INTO phone(id, version, date_created, last_updated, number, type) VALUES('07547299-d4dc-441b-964c-0a3e0a5e1535', 0, current_timestamp, current_timestamp, ' 555 7691784', 'HOME');
INSERT INTO employee_phone(employee_phones_id, phone_id) VALUES('9d2a3c70-75f8-4267-b42e-b8d7f52d33d7', '07547299-d4dc-441b-964c-0a3e0a5e1535');
INSERT INTO phone(id, version, date_created, last_updated, number, type) VALUES('9a9d181e-8753-4ef8-b29d-943f791f5f33', 0, current_timestamp, current_timestamp, ' 553  2979430', 'MOBILE');
INSERT INTO employee_phone(employee_phones_id, phone_id) VALUES('9d2a3c70-75f8-4267-b42e-b8d7f52d33d7', '9a9d181e-8753-4ef8-b29d-943f791f5f33');
INSERT INTO address(id, version, address, date_created, last_updated, municipality_id, postal_code, settlement_id, state_id) VALUES('4691407c-7d16-4789-a3d0-4f05c4476d6e', 0, 'C.J.A. JIMENEZ MZ - 5 LT - 2 No.  32', current_timestamp, current_timestamp, (select municipality_id from settlement where postal_code = '24154' limit 1), '24154', (select id from settlement where postal_code = '24154' limit 1), (select state_id from settlement where postal_code = '24154' limit 1));
INSERT INTO job_detail(id, version, base_salary, job_name, date_created, last_updated) VALUES('f5f71a79-2f5b-4a11-b22f-ae9ec97f3420', 0, 4000.0, 'Operador', current_timestamp, current_timestamp);
INSERT INTO driver_license(id, version, antiqueness, date_created, last_updated, expedition, expiration, license_number, license_type) VALUES('4cb74c5c-8503-439b-97d0-eab2576e69ef', 0, current_timestamp, current_timestamp, current_timestamp, current_timestamp, date('11/22/15'), 'CHIS009173', 'A');
INSERT INTO individual(id, version, address_id, date_created, last_name, last_updated, name, second_last_name, class, driver_license_id, email, employee_position_id, employee_type, job_detail_id, personal_data_id, employee_number) VALUES('fbd07561-25e9-4c89-8355-95439e97af9f', 0, '4691407c-7d16-4789-a3d0-4f05c4476d6e', current_timestamp, 'MARTINEZ', current_timestamp, 'YULIER IVAN', 'LOPEZ', 'justcloud.tickets.domain.Employee', '4cb74c5c-8503-439b-97d0-eab2576e69ef', '', 'operator-id', 'REGULAR_EMPLOYEE', 'f5f71a79-2f5b-4a11-b22f-ae9ec97f3420', null, '2186');
INSERT INTO phone(id, version, date_created, last_updated, number, type) VALUES('331b63bc-4945-4d99-8549-611b3ceb4657', 0, current_timestamp, current_timestamp, ' 938  1093558', 'MOBILE');
INSERT INTO employee_phone(employee_phones_id, phone_id) VALUES('fbd07561-25e9-4c89-8355-95439e97af9f', '331b63bc-4945-4d99-8549-611b3ceb4657');
INSERT INTO address(id, version, address, date_created, last_updated, municipality_id, postal_code, settlement_id, state_id) VALUES('8041fe79-c907-49b6-8319-78ea50e87a3f', 0, 'DATIL 217 B', current_timestamp, current_timestamp, (select municipality_id from settlement where postal_code = '89602' limit 1), '89602', (select id from settlement where postal_code = '89602' limit 1), (select state_id from settlement where postal_code = '89602' limit 1));
INSERT INTO job_detail(id, version, base_salary, job_name, date_created, last_updated) VALUES('e6cd81a0-f2f6-40c6-970a-7feee68b71fb', 0, 4000.0, 'Operador', current_timestamp, current_timestamp);
INSERT INTO driver_license(id, version, antiqueness, date_created, last_updated, expedition, expiration, license_number, license_type) VALUES('8c678507-dd26-4d4b-9576-dc7ad0b5de7f', 0, current_timestamp, current_timestamp, current_timestamp, current_timestamp, date('1/6/17'), 'TAMP310836', 'A');
INSERT INTO individual(id, version, address_id, date_created, last_name, last_updated, name, second_last_name, class, driver_license_id, email, employee_position_id, employee_type, job_detail_id, personal_data_id, employee_number) VALUES('70ca7f1b-48b4-400d-80ed-267228efd478', 0, '8041fe79-c907-49b6-8319-78ea50e87a3f', current_timestamp, 'GONZALEZ', current_timestamp, 'MIGUEL ANGEL', 'FERNANDEZ', 'justcloud.tickets.domain.Employee', '8c678507-dd26-4d4b-9576-dc7ad0b5de7f', '', 'operator-id', 'REGULAR_EMPLOYEE', 'e6cd81a0-f2f6-40c6-970a-7feee68b71fb', null, '2199');
INSERT INTO phone(id, version, date_created, last_updated, number, type) VALUES('f1736bdd-6c1e-4aee-9a09-0c7cca3d605b', 0, current_timestamp, current_timestamp, ' 833  2215508', 'HOME');
INSERT INTO employee_phone(employee_phones_id, phone_id) VALUES('70ca7f1b-48b4-400d-80ed-267228efd478', 'f1736bdd-6c1e-4aee-9a09-0c7cca3d605b');
INSERT INTO phone(id, version, date_created, last_updated, number, type) VALUES('865fb405-0766-40da-a93d-237384de5c6b', 0, current_timestamp, current_timestamp, ' 833  3477085', 'MOBILE');
INSERT INTO employee_phone(employee_phones_id, phone_id) VALUES('70ca7f1b-48b4-400d-80ed-267228efd478', '865fb405-0766-40da-a93d-237384de5c6b');
INSERT INTO address(id, version, address, date_created, last_updated, municipality_id, postal_code, settlement_id, state_id) VALUES('66e81952-6722-4835-824a-8d072df10511', 0, 'MEXICALI S/N', current_timestamp, current_timestamp, (select municipality_id from settlement where postal_code = '55852' limit 1), '55852', (select id from settlement where postal_code = '55852' limit 1), (select state_id from settlement where postal_code = '55852' limit 1));
INSERT INTO job_detail(id, version, base_salary, job_name, date_created, last_updated) VALUES('f123b102-cc6d-4883-9262-7b0c0d3750dd', 0, 4000.0, 'Operador', current_timestamp, current_timestamp);
INSERT INTO driver_license(id, version, antiqueness, date_created, last_updated, expedition, expiration, license_number, license_type) VALUES('4ff08907-ccbd-479f-bf42-b6fbe36f38c5', 0, current_timestamp, current_timestamp, current_timestamp, current_timestamp, date('5/8/15'), 'DF101291', 'A');
INSERT INTO individual(id, version, address_id, date_created, last_name, last_updated, name, second_last_name, class, driver_license_id, email, employee_position_id, employee_type, job_detail_id, personal_data_id, employee_number) VALUES('1ae1637f-656a-4b01-bcce-496e97f7dca7', 0, '66e81952-6722-4835-824a-8d072df10511', current_timestamp, 'CERVANTES', current_timestamp, 'ANTONIO', 'ALBA', 'justcloud.tickets.domain.Employee', '4ff08907-ccbd-479f-bf42-b6fbe36f38c5', '', 'operator-id', 'REGULAR_EMPLOYEE', 'f123b102-cc6d-4883-9262-7b0c0d3750dd', null, '2200');
INSERT INTO phone(id, version, date_created, last_updated, number, type) VALUES('54ec99cf-021f-4727-95ee-be1bccd48792', 0, current_timestamp, current_timestamp, ' 555  8983951', 'HOME');
INSERT INTO employee_phone(employee_phones_id, phone_id) VALUES('1ae1637f-656a-4b01-bcce-496e97f7dca7', '54ec99cf-021f-4727-95ee-be1bccd48792');
INSERT INTO phone(id, version, date_created, last_updated, number, type) VALUES('316b021b-99a6-4dbd-b75f-ff2b8f337730', 0, current_timestamp, current_timestamp, ' 555  1727823', 'MOBILE');
INSERT INTO employee_phone(employee_phones_id, phone_id) VALUES('1ae1637f-656a-4b01-bcce-496e97f7dca7', '316b021b-99a6-4dbd-b75f-ff2b8f337730');
INSERT INTO address(id, version, address, date_created, last_updated, municipality_id, postal_code, settlement_id, state_id) VALUES('2912a3a2-e8f4-4c2e-a404-88572e2aa020', 0, 'VALENTIN GOMEZ FARIAS S/N', current_timestamp, current_timestamp, (select municipality_id from settlement where postal_code = '91656' limit 1), '91656', (select id from settlement where postal_code = '91656' limit 1), (select state_id from settlement where postal_code = '91656' limit 1));
INSERT INTO job_detail(id, version, base_salary, job_name, date_created, last_updated) VALUES('8c9defff-13c0-4c63-b818-b28e55815c48', 0, 4000.0, 'Operador', current_timestamp, current_timestamp);
INSERT INTO driver_license(id, version, antiqueness, date_created, last_updated, expedition, expiration, license_number, license_type) VALUES('6ba6bac5-be64-44c0-bfbb-a70b7c6495e1', 0, current_timestamp, current_timestamp, current_timestamp, current_timestamp, date('10/19/15'), 'VER0131392', 'A');
INSERT INTO individual(id, version, address_id, date_created, last_name, last_updated, name, second_last_name, class, driver_license_id, email, employee_position_id, employee_type, job_detail_id, personal_data_id, employee_number) VALUES('86428453-912d-471f-8a0e-26e79fa886ac', 0, '2912a3a2-e8f4-4c2e-a404-88572e2aa020', current_timestamp, 'RAMIREZ', current_timestamp, 'GUALBERTO', 'SALAMANCA', 'justcloud.tickets.domain.Employee', '6ba6bac5-be64-44c0-bfbb-a70b7c6495e1', '', 'operator-id', 'REGULAR_EMPLOYEE', '8c9defff-13c0-4c63-b818-b28e55815c48', null, '2201');
INSERT INTO phone(id, version, date_created, last_updated, number, type) VALUES('9118466b-ab24-44e4-bba2-363b5b1db552', 0, current_timestamp, current_timestamp, ' 296  9641736', 'MOBILE');
INSERT INTO employee_phone(employee_phones_id, phone_id) VALUES('86428453-912d-471f-8a0e-26e79fa886ac', '9118466b-ab24-44e4-bba2-363b5b1db552');
INSERT INTO address(id, version, address, date_created, last_updated, municipality_id, postal_code, settlement_id, state_id) VALUES('76b09eaf-580b-48df-943a-fe1d8d69219c', 0, 'ANDADOR E No.  147', current_timestamp, current_timestamp, (select municipality_id from settlement where postal_code = '93305' limit 1), '93305', (select id from settlement where postal_code = '93305' limit 1), (select state_id from settlement where postal_code = '93305' limit 1));
INSERT INTO job_detail(id, version, base_salary, job_name, date_created, last_updated) VALUES('40d538c8-329a-439c-b411-3c172947524c', 0, 4000.0, 'Operador', current_timestamp, current_timestamp);
INSERT INTO driver_license(id, version, antiqueness, date_created, last_updated, expedition, expiration, license_number, license_type) VALUES('a57c0afd-b851-4f63-ab5c-cc99391eb3d7', 0, current_timestamp, current_timestamp, current_timestamp, current_timestamp, date('3/26/18'), 'VER0202775', 'A');
INSERT INTO individual(id, version, address_id, date_created, last_name, last_updated, name, second_last_name, class, driver_license_id, email, employee_position_id, employee_type, job_detail_id, personal_data_id, employee_number) VALUES('bc7553ae-e528-435f-b23b-7a029699b363', 0, '76b09eaf-580b-48df-943a-fe1d8d69219c', current_timestamp, 'AGUIRRE', current_timestamp, 'EDUARDO IGNACIO', 'SALAZAR', 'justcloud.tickets.domain.Employee', 'a57c0afd-b851-4f63-ab5c-cc99391eb3d7', '', 'operator-id', 'REGULAR_EMPLOYEE', '40d538c8-329a-439c-b411-3c172947524c', null, '2207');
INSERT INTO phone(id, version, date_created, last_updated, number, type) VALUES('80b340e3-b71c-41d9-b80e-baa177d1ccea', 0, current_timestamp, current_timestamp, ' 782 1402127', 'HOME');
INSERT INTO employee_phone(employee_phones_id, phone_id) VALUES('bc7553ae-e528-435f-b23b-7a029699b363', '80b340e3-b71c-41d9-b80e-baa177d1ccea');
INSERT INTO phone(id, version, date_created, last_updated, number, type) VALUES('4c1a5834-ad9a-4adf-a257-29c7d699dfc2', 0, current_timestamp, current_timestamp, ' 782  1317923', 'MOBILE');
INSERT INTO employee_phone(employee_phones_id, phone_id) VALUES('bc7553ae-e528-435f-b23b-7a029699b363', '4c1a5834-ad9a-4adf-a257-29c7d699dfc2');
INSERT INTO address(id, version, address, date_created, last_updated, municipality_id, postal_code, settlement_id, state_id) VALUES('5f81376b-f97c-4b83-9ef4-1b00aae0a748', 0, 'CENTENARIO No. 104', current_timestamp, current_timestamp, (select municipality_id from settlement where postal_code = '89490' limit 1), '89490', (select id from settlement where postal_code = '89490' limit 1), (select state_id from settlement where postal_code = '89490' limit 1));
INSERT INTO job_detail(id, version, base_salary, job_name, date_created, last_updated) VALUES('a94b2296-bbf1-4090-af40-e65a0251b334', 0, 4000.0, 'Operador', current_timestamp, current_timestamp);
INSERT INTO driver_license(id, version, antiqueness, date_created, last_updated, expedition, expiration, license_number, license_type) VALUES('e48259cd-7ced-49df-9915-bad79160bc1f', 0, current_timestamp, current_timestamp, current_timestamp, current_timestamp, date('6/15/16'), 'DF00126029', 'A');
INSERT INTO individual(id, version, address_id, date_created, last_name, last_updated, name, second_last_name, class, driver_license_id, email, employee_position_id, employee_type, job_detail_id, personal_data_id, employee_number) VALUES('9515e7d2-511d-492d-afca-55b26b67b95c', 0, '5f81376b-f97c-4b83-9ef4-1b00aae0a748', current_timestamp, 'CUEVAS', current_timestamp, 'RAUL', 'CARRILLO', 'justcloud.tickets.domain.Employee', 'e48259cd-7ced-49df-9915-bad79160bc1f', '', 'operator-id', 'REGULAR_EMPLOYEE', 'a94b2296-bbf1-4090-af40-e65a0251b334', null, '2208');
INSERT INTO phone(id, version, date_created, last_updated, number, type) VALUES('30de6df8-8c50-4872-885f-5ddc2a835d97', 0, current_timestamp, current_timestamp, ' 833 2161863', 'HOME');
INSERT INTO employee_phone(employee_phones_id, phone_id) VALUES('9515e7d2-511d-492d-afca-55b26b67b95c', '30de6df8-8c50-4872-885f-5ddc2a835d97');
INSERT INTO phone(id, version, date_created, last_updated, number, type) VALUES('c802f26f-af1e-4b03-a72f-230d0422f4b9', 0, current_timestamp, current_timestamp, ' 833  2945323', 'MOBILE');
INSERT INTO employee_phone(employee_phones_id, phone_id) VALUES('9515e7d2-511d-492d-afca-55b26b67b95c', 'c802f26f-af1e-4b03-a72f-230d0422f4b9');
INSERT INTO address(id, version, address, date_created, last_updated, municipality_id, postal_code, settlement_id, state_id) VALUES('d3e913b1-b928-4f74-96a6-b5e8f5c7fd51', 0, 'SANTOS DEGOLLADO No.  408', current_timestamp, current_timestamp, (select municipality_id from settlement where postal_code = '89600' limit 1), '89600', (select id from settlement where postal_code = '89600' limit 1), (select state_id from settlement where postal_code = '89600' limit 1));
INSERT INTO job_detail(id, version, base_salary, job_name, date_created, last_updated) VALUES('294d24cc-d164-426f-ae51-e7f74923734d', 0, 4000.0, 'Operador', current_timestamp, current_timestamp);
INSERT INTO driver_license(id, version, antiqueness, date_created, last_updated, expedition, expiration, license_number, license_type) VALUES('d8487d67-52f4-42f8-bee2-cd11d360577d', 0, current_timestamp, current_timestamp, current_timestamp, current_timestamp, date('4/4/17'), 'TAMP310114', 'A');
INSERT INTO individual(id, version, address_id, date_created, last_name, last_updated, name, second_last_name, class, driver_license_id, email, employee_position_id, employee_type, job_detail_id, personal_data_id, employee_number) VALUES('3378eab4-e250-4817-a915-ddda67a88a6a', 0, 'd3e913b1-b928-4f74-96a6-b5e8f5c7fd51', current_timestamp, 'HERNANDEZ', current_timestamp, 'JUAN PABLO', 'BONILLA', 'justcloud.tickets.domain.Employee', 'd8487d67-52f4-42f8-bee2-cd11d360577d', '', 'operator-id', 'REGULAR_EMPLOYEE', '294d24cc-d164-426f-ae51-e7f74923734d', null, '2209');
INSERT INTO phone(id, version, date_created, last_updated, number, type) VALUES('c7fdd42e-714f-43fc-8168-04fe9d352552', 0, current_timestamp, current_timestamp, ' 833 2267506', 'HOME');
INSERT INTO employee_phone(employee_phones_id, phone_id) VALUES('3378eab4-e250-4817-a915-ddda67a88a6a', 'c7fdd42e-714f-43fc-8168-04fe9d352552');
INSERT INTO phone(id, version, date_created, last_updated, number, type) VALUES('a785aea6-f470-43af-b9c7-39aa8fab1d05', 0, current_timestamp, current_timestamp, ' 833  1920429', 'MOBILE');
INSERT INTO employee_phone(employee_phones_id, phone_id) VALUES('3378eab4-e250-4817-a915-ddda67a88a6a', 'a785aea6-f470-43af-b9c7-39aa8fab1d05');
INSERT INTO address(id, version, address, date_created, last_updated, municipality_id, postal_code, settlement_id, state_id) VALUES('e2c82469-a0d0-4e03-8a13-542bad89d8b3', 0, 'AV. CENTRAL MZ- 15 LT- 15', current_timestamp, current_timestamp, (select municipality_id from settlement where postal_code = '53218' limit 1), '53218', (select id from settlement where postal_code = '53218' limit 1), (select state_id from settlement where postal_code = '53218' limit 1));
INSERT INTO job_detail(id, version, base_salary, job_name, date_created, last_updated) VALUES('8ec0afd5-9e32-4e4a-b56a-a9b1f624b639', 0, 4000.0, 'Operador', current_timestamp, current_timestamp);
INSERT INTO driver_license(id, version, antiqueness, date_created, last_updated, expedition, expiration, license_number, license_type) VALUES('10012a33-f748-453a-b3a7-e6af255609ec', 0, current_timestamp, current_timestamp, current_timestamp, current_timestamp, date('6/14/17'), 'EDOM020178', 'A');
INSERT INTO individual(id, version, address_id, date_created, last_name, last_updated, name, second_last_name, class, driver_license_id, email, employee_position_id, employee_type, job_detail_id, personal_data_id, employee_number) VALUES('084e66f4-3fbd-4877-a2bc-bc996eb18fd1', 0, 'e2c82469-a0d0-4e03-8a13-542bad89d8b3', current_timestamp, 'VALDEZ', current_timestamp, 'MARIANO', 'VALENCIA', 'justcloud.tickets.domain.Employee', '10012a33-f748-453a-b3a7-e6af255609ec', '', 'operator-id', 'REGULAR_EMPLOYEE', '8ec0afd5-9e32-4e4a-b56a-a9b1f624b639', null, '2216');
INSERT INTO phone(id, version, date_created, last_updated, number, type) VALUES('6bb01cea-e71d-4dcf-9c3b-fcb2474af86d', 0, current_timestamp, current_timestamp, ' 555 3489935', 'HOME');
INSERT INTO employee_phone(employee_phones_id, phone_id) VALUES('084e66f4-3fbd-4877-a2bc-bc996eb18fd1', '6bb01cea-e71d-4dcf-9c3b-fcb2474af86d');
INSERT INTO phone(id, version, date_created, last_updated, number, type) VALUES('8d6153a7-44d3-4ed1-9375-9fa69ec73a66', 0, current_timestamp, current_timestamp, ' 554  2407521', 'MOBILE');
INSERT INTO employee_phone(employee_phones_id, phone_id) VALUES('084e66f4-3fbd-4877-a2bc-bc996eb18fd1', '8d6153a7-44d3-4ed1-9375-9fa69ec73a66');
INSERT INTO address(id, version, address, date_created, last_updated, municipality_id, postal_code, settlement_id, state_id) VALUES('7415b8d6-8423-4c6a-95eb-9e55281d4303', 0, 'MELCHOR OCAMPO S/N', current_timestamp, current_timestamp, (select municipality_id from settlement where postal_code = '55620' limit 1), '55620', (select id from settlement where postal_code = '55620' limit 1), (select state_id from settlement where postal_code = '55620' limit 1));
INSERT INTO job_detail(id, version, base_salary, job_name, date_created, last_updated) VALUES('d5fdaa52-1374-490c-b87f-94dd4a98b6b1', 0, 4000.0, 'Operador', current_timestamp, current_timestamp);
INSERT INTO driver_license(id, version, antiqueness, date_created, last_updated, expedition, expiration, license_number, license_type) VALUES('142ff676-bb84-4d7b-8481-94dd0c11701a', 0, current_timestamp, current_timestamp, current_timestamp, current_timestamp, date('10/29/15'), 'DF00225579', 'A');
INSERT INTO individual(id, version, address_id, date_created, last_name, last_updated, name, second_last_name, class, driver_license_id, email, employee_position_id, employee_type, job_detail_id, personal_data_id, employee_number) VALUES('4f8f7931-2f8d-4168-97ca-029955e0d9a8', 0, '7415b8d6-8423-4c6a-95eb-9e55281d4303', current_timestamp, 'DELGADO', current_timestamp, 'GERARDO', 'SANCHEZ', 'justcloud.tickets.domain.Employee', '142ff676-bb84-4d7b-8481-94dd0c11701a', '', 'operator-id', 'REGULAR_EMPLOYEE', 'd5fdaa52-1374-490c-b87f-94dd4a98b6b1', null, '2222');
INSERT INTO phone(id, version, date_created, last_updated, number, type) VALUES('3ea731b3-d1cf-47ce-b590-ee0b53c665ac', 0, current_timestamp, current_timestamp, ' 55 7549029', 'HOME');
INSERT INTO employee_phone(employee_phones_id, phone_id) VALUES('4f8f7931-2f8d-4168-97ca-029955e0d9a8', '3ea731b3-d1cf-47ce-b590-ee0b53c665ac');
INSERT INTO phone(id, version, date_created, last_updated, number, type) VALUES('026cb96f-2d32-420a-8533-fcf61be75989', 0, current_timestamp, current_timestamp, ' 551  0470898', 'MOBILE');
INSERT INTO employee_phone(employee_phones_id, phone_id) VALUES('4f8f7931-2f8d-4168-97ca-029955e0d9a8', '026cb96f-2d32-420a-8533-fcf61be75989');
INSERT INTO address(id, version, address, date_created, last_updated, municipality_id, postal_code, settlement_id, state_id) VALUES('cab6e2c7-bdc7-468d-a3b9-ffe2a1e5230f', 0, 'AV.EMILIANO ZAPATA S/N', current_timestamp, current_timestamp, (select municipality_id from settlement where postal_code = '55628' limit 1), '55628', (select id from settlement where postal_code = '55628' limit 1), (select state_id from settlement where postal_code = '55628' limit 1));
INSERT INTO job_detail(id, version, base_salary, job_name, date_created, last_updated) VALUES('3d1a739f-50ae-43f2-a144-db34cca9da76', 0, 4000.0, 'Operador', current_timestamp, current_timestamp);
INSERT INTO driver_license(id, version, antiqueness, date_created, last_updated, expedition, expiration, license_number, license_type) VALUES('3471cf83-e8d8-4593-9cab-123ce01a9b9e', 0, current_timestamp, current_timestamp, current_timestamp, current_timestamp, date('6/23/16'), 'MOR0004742', 'A');
INSERT INTO individual(id, version, address_id, date_created, last_name, last_updated, name, second_last_name, class, driver_license_id, email, employee_position_id, employee_type, job_detail_id, personal_data_id, employee_number) VALUES('e63f3c31-2d25-4215-b11b-86f349502b3b', 0, 'cab6e2c7-bdc7-468d-a3b9-ffe2a1e5230f', current_timestamp, 'ADVINCULA', current_timestamp, 'JESUS', 'SOSA', 'justcloud.tickets.domain.Employee', '3471cf83-e8d8-4593-9cab-123ce01a9b9e', '', 'operator-id', 'REGULAR_EMPLOYEE', '3d1a739f-50ae-43f2-a144-db34cca9da76', null, '2221');
INSERT INTO phone(id, version, date_created, last_updated, number, type) VALUES('271688b8-38f4-42ab-8571-2a7fa4ca19e1', 0, current_timestamp, current_timestamp, ' 551  8065508', 'MOBILE');
INSERT INTO employee_phone(employee_phones_id, phone_id) VALUES('e63f3c31-2d25-4215-b11b-86f349502b3b', '271688b8-38f4-42ab-8571-2a7fa4ca19e1');
INSERT INTO address(id, version, address, date_created, last_updated, municipality_id, postal_code, settlement_id, state_id) VALUES('603d6de6-bef4-4585-a3e0-dc697eec0352', 0, 'EMILIANO ZAPATA No.  205', current_timestamp, current_timestamp, (select municipality_id from settlement where postal_code = '89326' limit 1), '89326', (select id from settlement where postal_code = '89326' limit 1), (select state_id from settlement where postal_code = '89326' limit 1));
INSERT INTO job_detail(id, version, base_salary, job_name, date_created, last_updated) VALUES('f5f0b241-9ac5-4623-a2fb-3e9b6bcf03fc', 0, 4000.0, 'Operador', current_timestamp, current_timestamp);
INSERT INTO driver_license(id, version, antiqueness, date_created, last_updated, expedition, expiration, license_number, license_type) VALUES('7aca9eaa-5618-4f14-9437-a009ad7ffa2f', 0, current_timestamp, current_timestamp, current_timestamp, current_timestamp, date('5/6/16'), 'TAMP312808', 'A');
INSERT INTO individual(id, version, address_id, date_created, last_name, last_updated, name, second_last_name, class, driver_license_id, email, employee_position_id, employee_type, job_detail_id, personal_data_id, employee_number) VALUES('56d202e1-af64-4414-8f75-a1222b90a7d3', 0, '603d6de6-bef4-4585-a3e0-dc697eec0352', current_timestamp, 'HERNANDEZ', current_timestamp, 'ISRAEL', 'GUERRERO', 'justcloud.tickets.domain.Employee', '7aca9eaa-5618-4f14-9437-a009ad7ffa2f', '', 'operator-id', 'REGULAR_EMPLOYEE', 'f5f0b241-9ac5-4623-a2fb-3e9b6bcf03fc', null, '2223');
INSERT INTO phone(id, version, date_created, last_updated, number, type) VALUES('ecf80a98-9fe6-40e0-af53-69bc4b5a14b4', 0, current_timestamp, current_timestamp, ' 833  3470347', 'MOBILE');
INSERT INTO employee_phone(employee_phones_id, phone_id) VALUES('56d202e1-af64-4414-8f75-a1222b90a7d3', 'ecf80a98-9fe6-40e0-af53-69bc4b5a14b4');
INSERT INTO address(id, version, address, date_created, last_updated, municipality_id, postal_code, settlement_id, state_id) VALUES('a59eb964-e42a-4204-9438-8386a1796fef', 0, 'EMILIANO ZAPATA S/N', current_timestamp, current_timestamp, (select municipality_id from settlement where postal_code = '92018' limit 1), '92018', (select id from settlement where postal_code = '92018' limit 1), (select state_id from settlement where postal_code = '92018' limit 1));
INSERT INTO job_detail(id, version, base_salary, job_name, date_created, last_updated) VALUES('d042b459-c0da-4cbc-9537-63c1aad75568', 0, 4000.0, 'Operador', current_timestamp, current_timestamp);
INSERT INTO driver_license(id, version, antiqueness, date_created, last_updated, expedition, expiration, license_number, license_type) VALUES('7bb8af9e-fe11-45ca-aa90-75fcdd9b420e', 0, current_timestamp, current_timestamp, current_timestamp, current_timestamp, date('3/14/17'), 'TAMP307874', 'A');
INSERT INTO individual(id, version, address_id, date_created, last_name, last_updated, name, second_last_name, class, driver_license_id, email, employee_position_id, employee_type, job_detail_id, personal_data_id, employee_number) VALUES('b60ef7d9-f850-404e-8826-4728a86659db', 0, 'a59eb964-e42a-4204-9438-8386a1796fef', current_timestamp, 'MONREAL', current_timestamp, 'EDAR IVAN', 'GARCIA', 'justcloud.tickets.domain.Employee', '7bb8af9e-fe11-45ca-aa90-75fcdd9b420e', '', 'operator-id', 'REGULAR_EMPLOYEE', 'd042b459-c0da-4cbc-9537-63c1aad75568', null, '2224');
INSERT INTO phone(id, version, date_created, last_updated, number, type) VALUES('5c4a4f46-2737-49e8-bc3a-5a533c8c1754', 0, current_timestamp, current_timestamp, ' 846 2810316', 'HOME');
INSERT INTO employee_phone(employee_phones_id, phone_id) VALUES('b60ef7d9-f850-404e-8826-4728a86659db', '5c4a4f46-2737-49e8-bc3a-5a533c8c1754');
INSERT INTO phone(id, version, date_created, last_updated, number, type) VALUES('814ce833-6cd4-42d1-bc6c-fe4519db2d28', 0, current_timestamp, current_timestamp, ' 833  3376563', 'MOBILE');
INSERT INTO employee_phone(employee_phones_id, phone_id) VALUES('b60ef7d9-f850-404e-8826-4728a86659db', '814ce833-6cd4-42d1-bc6c-fe4519db2d28');
INSERT INTO address(id, version, address, date_created, last_updated, municipality_id, postal_code, settlement_id, state_id) VALUES('2b351460-25db-4de0-a290-a4953aaf56cd', 0, 'PRIVADA 5 DE MAYO No.  316', current_timestamp, current_timestamp, (select municipality_id from settlement where postal_code = '89327' limit 1), '89327', (select id from settlement where postal_code = '89327' limit 1), (select state_id from settlement where postal_code = '89327' limit 1));
INSERT INTO job_detail(id, version, base_salary, job_name, date_created, last_updated) VALUES('8e196998-a278-4110-b0da-61adef503cc0', 0, 4000.0, 'Operador', current_timestamp, current_timestamp);
INSERT INTO driver_license(id, version, antiqueness, date_created, last_updated, expedition, expiration, license_number, license_type) VALUES('909caf9e-88de-4e48-8c9b-dc1c078edb72', 0, current_timestamp, current_timestamp, current_timestamp, current_timestamp, date('2/27/17'), 'TAMP312291', 'A');
INSERT INTO individual(id, version, address_id, date_created, last_name, last_updated, name, second_last_name, class, driver_license_id, email, employee_position_id, employee_type, job_detail_id, personal_data_id, employee_number) VALUES('fa6064df-e172-4de9-96c8-d5d5348c3488', 0, '2b351460-25db-4de0-a290-a4953aaf56cd', current_timestamp, 'MUÑOZ', current_timestamp, 'EDGAR', 'LEDEZMA', 'justcloud.tickets.domain.Employee', '909caf9e-88de-4e48-8c9b-dc1c078edb72', '', 'operator-id', 'REGULAR_EMPLOYEE', '8e196998-a278-4110-b0da-61adef503cc0', null, '2226');
INSERT INTO phone(id, version, date_created, last_updated, number, type) VALUES('9a9a63fd-3802-474d-850e-df9a012ddb8c', 0, current_timestamp, current_timestamp, ' 833 2276772', 'HOME');
INSERT INTO employee_phone(employee_phones_id, phone_id) VALUES('fa6064df-e172-4de9-96c8-d5d5348c3488', '9a9a63fd-3802-474d-850e-df9a012ddb8c');
INSERT INTO phone(id, version, date_created, last_updated, number, type) VALUES('06558203-c84e-44b5-9822-1d52d125e503', 0, current_timestamp, current_timestamp, ' 833  1043584', 'MOBILE');
INSERT INTO employee_phone(employee_phones_id, phone_id) VALUES('fa6064df-e172-4de9-96c8-d5d5348c3488', '06558203-c84e-44b5-9822-1d52d125e503');
INSERT INTO address(id, version, address, date_created, last_updated, municipality_id, postal_code, settlement_id, state_id) VALUES('41b1cd0f-df83-46dc-a716-c90c6ff2a29c', 0, 'CALLE MEXICO No.  6', current_timestamp, current_timestamp, (select municipality_id from settlement where postal_code = '93996' limit 1), '93996', (select id from settlement where postal_code = '93996' limit 1), (select state_id from settlement where postal_code = '93996' limit 1));
INSERT INTO job_detail(id, version, base_salary, job_name, date_created, last_updated) VALUES('d0281ea4-aaf6-4b1e-a205-ae1cd4ea251b', 0, 4000.0, 'Operador', current_timestamp, current_timestamp);
INSERT INTO driver_license(id, version, antiqueness, date_created, last_updated, expedition, expiration, license_number, license_type) VALUES('5f452deb-7043-4bb8-8ed4-78c412d4ae4b', 0, current_timestamp, current_timestamp, current_timestamp, current_timestamp, date('4/11/16'), 'NVOL029025', 'A');
INSERT INTO individual(id, version, address_id, date_created, last_name, last_updated, name, second_last_name, class, driver_license_id, email, employee_position_id, employee_type, job_detail_id, personal_data_id, employee_number) VALUES('1874b970-fb66-4111-8b0e-266e5b44435e', 0, '41b1cd0f-df83-46dc-a716-c90c6ff2a29c', current_timestamp, 'ROJAS', current_timestamp, 'ARTURO', 'ARTEAGA', 'justcloud.tickets.domain.Employee', '5f452deb-7043-4bb8-8ed4-78c412d4ae4b', '', 'operator-id', 'REGULAR_EMPLOYEE', 'd0281ea4-aaf6-4b1e-a205-ae1cd4ea251b', null, '2227');
INSERT INTO phone(id, version, date_created, last_updated, number, type) VALUES('7f03106e-381a-42c7-ab66-9a695daf1d9b', 0, current_timestamp, current_timestamp, ' 846 2661400', 'HOME');
INSERT INTO employee_phone(employee_phones_id, phone_id) VALUES('1874b970-fb66-4111-8b0e-266e5b44435e', '7f03106e-381a-42c7-ab66-9a695daf1d9b');
INSERT INTO phone(id, version, date_created, last_updated, number, type) VALUES('a8703a24-4440-4a25-acb8-8f1b813329a1', 0, current_timestamp, current_timestamp, ' 489  1173845', 'MOBILE');
INSERT INTO employee_phone(employee_phones_id, phone_id) VALUES('1874b970-fb66-4111-8b0e-266e5b44435e', 'a8703a24-4440-4a25-acb8-8f1b813329a1');
INSERT INTO address(id, version, address, date_created, last_updated, municipality_id, postal_code, settlement_id, state_id) VALUES('a9b7120f-c03c-47e5-98b0-7675148979bd', 0, 'MIGUEL  HIDALGO MZ. 3 LT.21 MUN. 174', current_timestamp, current_timestamp, (select municipality_id from settlement where postal_code = '50225' limit 1), '50225', (select id from settlement where postal_code = '50225' limit 1), (select state_id from settlement where postal_code = '50225' limit 1));
INSERT INTO job_detail(id, version, base_salary, job_name, date_created, last_updated) VALUES('d128691d-856c-4db1-b4c6-0c38306a877c', 0, 4000.0, 'Operador', current_timestamp, current_timestamp);
INSERT INTO driver_license(id, version, antiqueness, date_created, last_updated, expedition, expiration, license_number, license_type) VALUES('845f396c-b1a8-41ee-9253-eac57b90ae9a', 0, current_timestamp, current_timestamp, current_timestamp, current_timestamp, date('1/27/17'), 'EDOM06705', 'A');
INSERT INTO individual(id, version, address_id, date_created, last_name, last_updated, name, second_last_name, class, driver_license_id, email, employee_position_id, employee_type, job_detail_id, personal_data_id, employee_number) VALUES('b93642ff-5423-4a53-b2cc-2d34de90c4ee', 0, 'a9b7120f-c03c-47e5-98b0-7675148979bd', current_timestamp, 'VARGAS', current_timestamp, 'EDGARDO', 'VARGAS', 'justcloud.tickets.domain.Employee', '845f396c-b1a8-41ee-9253-eac57b90ae9a', '', 'operator-id', 'REGULAR_EMPLOYEE', 'd128691d-856c-4db1-b4c6-0c38306a877c', null, '2229');
INSERT INTO phone(id, version, date_created, last_updated, number, type) VALUES('0fa7b1e9-4da8-4f95-ab18-f2056e7a3a2e', 0, current_timestamp, current_timestamp, ' 722 2731333', 'HOME');
INSERT INTO employee_phone(employee_phones_id, phone_id) VALUES('b93642ff-5423-4a53-b2cc-2d34de90c4ee', '0fa7b1e9-4da8-4f95-ab18-f2056e7a3a2e');
INSERT INTO phone(id, version, date_created, last_updated, number, type) VALUES('fdadafb5-dced-4e19-a1a3-9b77d85f3859', 0, current_timestamp, current_timestamp, ' 222  1930979', 'MOBILE');
INSERT INTO employee_phone(employee_phones_id, phone_id) VALUES('b93642ff-5423-4a53-b2cc-2d34de90c4ee', 'fdadafb5-dced-4e19-a1a3-9b77d85f3859');
INSERT INTO address(id, version, address, date_created, last_updated, municipality_id, postal_code, settlement_id, state_id) VALUES('185a5788-ddc1-43c5-8d0c-fbf66fd4e892', 0, 'ROSAL No.  107', current_timestamp, current_timestamp, (select municipality_id from settlement where postal_code = '89600' limit 1), '89600', (select id from settlement where postal_code = '89600' limit 1), (select state_id from settlement where postal_code = '89600' limit 1));
INSERT INTO job_detail(id, version, base_salary, job_name, date_created, last_updated) VALUES('32418519-3113-48be-b8a3-bc761d5a75b2', 0, 4000.0, 'Operador', current_timestamp, current_timestamp);
INSERT INTO driver_license(id, version, antiqueness, date_created, last_updated, expedition, expiration, license_number, license_type) VALUES('47d3647b-da2f-4887-817e-69797c24ad9d', 0, current_timestamp, current_timestamp, current_timestamp, current_timestamp, date('9/14/16'), 'TAMP311000', 'A');
INSERT INTO individual(id, version, address_id, date_created, last_name, last_updated, name, second_last_name, class, driver_license_id, email, employee_position_id, employee_type, job_detail_id, personal_data_id, employee_number) VALUES('f54b43e0-d67c-4f63-b551-e1f87066a8a0', 0, '185a5788-ddc1-43c5-8d0c-fbf66fd4e892', current_timestamp, 'CAMACHO', current_timestamp, 'LUIS MIIGUEL', 'MAYORGA', 'justcloud.tickets.domain.Employee', '47d3647b-da2f-4887-817e-69797c24ad9d', '', 'operator-id', 'REGULAR_EMPLOYEE', '32418519-3113-48be-b8a3-bc761d5a75b2', null, '2228');
INSERT INTO phone(id, version, date_created, last_updated, number, type) VALUES('c38443ad-4bcb-4f75-83f1-da5046ff4a1a', 0, current_timestamp, current_timestamp, ' 833  3378116', 'MOBILE');
INSERT INTO employee_phone(employee_phones_id, phone_id) VALUES('f54b43e0-d67c-4f63-b551-e1f87066a8a0', 'c38443ad-4bcb-4f75-83f1-da5046ff4a1a');
INSERT INTO address(id, version, address, date_created, last_updated, municipality_id, postal_code, settlement_id, state_id) VALUES('f49924dd-2746-45c0-9e19-fdf87524b375', 0, 'PRIV SIN NOMBRE S/N', current_timestamp, current_timestamp, (select municipality_id from settlement where postal_code = '50200' limit 1), '50200', (select id from settlement where postal_code = '50200' limit 1), (select state_id from settlement where postal_code = '50200' limit 1));
INSERT INTO job_detail(id, version, base_salary, job_name, date_created, last_updated) VALUES('6e320527-6867-4916-8de7-32872fadaf3e', 0, 4000.0, 'Operador', current_timestamp, current_timestamp);
INSERT INTO driver_license(id, version, antiqueness, date_created, last_updated, expedition, expiration, license_number, license_type) VALUES('a4451809-7b46-42a9-866e-c4779216d193', 0, current_timestamp, current_timestamp, current_timestamp, current_timestamp, date('3/13/17'), 'EDOM000228', 'A');
INSERT INTO individual(id, version, address_id, date_created, last_name, last_updated, name, second_last_name, class, driver_license_id, email, employee_position_id, employee_type, job_detail_id, personal_data_id, employee_number) VALUES('4862c2d5-e2bc-4105-84ac-232fd54dd4eb', 0, 'f49924dd-2746-45c0-9e19-fdf87524b375', current_timestamp, 'ESTRADA', current_timestamp, 'MOISES', 'GARDUÑO', 'justcloud.tickets.domain.Employee', 'a4451809-7b46-42a9-866e-c4779216d193', '', 'operator-id', 'REGULAR_EMPLOYEE', '6e320527-6867-4916-8de7-32872fadaf3e', null, '2230');
INSERT INTO phone(id, version, date_created, last_updated, number, type) VALUES('8e1149e5-d885-40fc-a2ac-a2d1bf80bb0c', 0, current_timestamp, current_timestamp, ' 722 1806108', 'HOME');
INSERT INTO employee_phone(employee_phones_id, phone_id) VALUES('4862c2d5-e2bc-4105-84ac-232fd54dd4eb', '8e1149e5-d885-40fc-a2ac-a2d1bf80bb0c');
INSERT INTO phone(id, version, date_created, last_updated, number, type) VALUES('267c6073-ac66-44cc-b7d9-9c6b3d5d8cb1', 0, current_timestamp, current_timestamp, ' 668  1508597', 'MOBILE');
INSERT INTO employee_phone(employee_phones_id, phone_id) VALUES('4862c2d5-e2bc-4105-84ac-232fd54dd4eb', '267c6073-ac66-44cc-b7d9-9c6b3d5d8cb1');
INSERT INTO address(id, version, address, date_created, last_updated, municipality_id, postal_code, settlement_id, state_id) VALUES('0a015135-7a03-4d07-b1ff-745b25aa7d05', 0, 'EJERCITO NACIONAL No.  1010 INT. 4', current_timestamp, current_timestamp, (select municipality_id from settlement where postal_code = '89130' limit 1), '89130', (select id from settlement where postal_code = '89130' limit 1), (select state_id from settlement where postal_code = '89130' limit 1));
INSERT INTO job_detail(id, version, base_salary, job_name, date_created, last_updated) VALUES('88c6c344-1c2d-4c48-918b-4ead5f0f1c74', 0, 4000.0, 'Operador', current_timestamp, current_timestamp);
INSERT INTO driver_license(id, version, antiqueness, date_created, last_updated, expedition, expiration, license_number, license_type) VALUES('d08edcf8-abd4-4966-a739-36e20a04da6c', 0, current_timestamp, current_timestamp, current_timestamp, current_timestamp, date('4/20/16'), 'PUE0013023', 'A');
INSERT INTO individual(id, version, address_id, date_created, last_name, last_updated, name, second_last_name, class, driver_license_id, email, employee_position_id, employee_type, job_detail_id, personal_data_id, employee_number) VALUES('b09edbdb-873d-4967-b4c6-8f9981d7e8bb', 0, '0a015135-7a03-4d07-b1ff-745b25aa7d05', current_timestamp, 'GONZALEZ', current_timestamp, 'FELIPE', 'SALAS', 'justcloud.tickets.domain.Employee', 'd08edcf8-abd4-4966-a739-36e20a04da6c', '', 'operator-id', 'REGULAR_EMPLOYEE', '88c6c344-1c2d-4c48-918b-4ead5f0f1c74', null, '2231');
INSERT INTO phone(id, version, date_created, last_updated, number, type) VALUES('425e37ad-935e-4c23-888a-e9af04379263', 0, current_timestamp, current_timestamp, ' 833  2924015', 'MOBILE');
INSERT INTO employee_phone(employee_phones_id, phone_id) VALUES('b09edbdb-873d-4967-b4c6-8f9981d7e8bb', '425e37ad-935e-4c23-888a-e9af04379263');
INSERT INTO address(id, version, address, date_created, last_updated, municipality_id, postal_code, settlement_id, state_id) VALUES('e8fdfdea-0c03-4ea6-a68d-497d1773d946', 0, 'ESCULTORES No. 1003', current_timestamp, current_timestamp, (select municipality_id from settlement where postal_code = '89367' limit 1), '89367', (select id from settlement where postal_code = '89367' limit 1), (select state_id from settlement where postal_code = '89367' limit 1));
INSERT INTO job_detail(id, version, base_salary, job_name, date_created, last_updated) VALUES('61bbe971-6783-4a28-9d9a-cedd625713cc', 0, 4000.0, 'Operador', current_timestamp, current_timestamp);
INSERT INTO driver_license(id, version, antiqueness, date_created, last_updated, expedition, expiration, license_number, license_type) VALUES('c455466b-42df-4fde-af25-4501ff349ba9', 0, current_timestamp, current_timestamp, current_timestamp, current_timestamp, date('3/24/16'), 'TAMP310732', 'A');
INSERT INTO individual(id, version, address_id, date_created, last_name, last_updated, name, second_last_name, class, driver_license_id, email, employee_position_id, employee_type, job_detail_id, personal_data_id, employee_number) VALUES('085f98de-2034-4fb2-b310-ad4b2d3e9f42', 0, 'e8fdfdea-0c03-4ea6-a68d-497d1773d946', current_timestamp, 'HERRERA', current_timestamp, 'VICTOR HUGO', 'ZACARIAS', 'justcloud.tickets.domain.Employee', 'c455466b-42df-4fde-af25-4501ff349ba9', '', 'operator-id', 'REGULAR_EMPLOYEE', '61bbe971-6783-4a28-9d9a-cedd625713cc', null, '2232');
INSERT INTO phone(id, version, date_created, last_updated, number, type) VALUES('f24907e0-afb2-4997-bf64-9e2077f42e02', 0, current_timestamp, current_timestamp, ' 833 2246064', 'HOME');
INSERT INTO employee_phone(employee_phones_id, phone_id) VALUES('085f98de-2034-4fb2-b310-ad4b2d3e9f42', 'f24907e0-afb2-4997-bf64-9e2077f42e02');
INSERT INTO phone(id, version, date_created, last_updated, number, type) VALUES('c7048042-9bde-49e7-ad66-61d76947a975', 0, current_timestamp, current_timestamp, ' 833  1882177', 'MOBILE');
INSERT INTO employee_phone(employee_phones_id, phone_id) VALUES('085f98de-2034-4fb2-b310-ad4b2d3e9f42', 'c7048042-9bde-49e7-ad66-61d76947a975');
INSERT INTO address(id, version, address, date_created, last_updated, municipality_id, postal_code, settlement_id, state_id) VALUES('1d7ac32c-aa1d-4f33-ad0a-90f734c38d83', 0, 'BIOLOGOS MZ. 24 LT. 4', current_timestamp, current_timestamp, (select municipality_id from settlement where postal_code = '24155' limit 1), '24155', (select id from settlement where postal_code = '24155' limit 1), (select state_id from settlement where postal_code = '24155' limit 1));
INSERT INTO job_detail(id, version, base_salary, job_name, date_created, last_updated) VALUES('4444605f-2cc0-428f-b107-d91eb3d81453', 0, 4000.0, 'Operador', current_timestamp, current_timestamp);
INSERT INTO driver_license(id, version, antiqueness, date_created, last_updated, expedition, expiration, license_number, license_type) VALUES('77f8336d-e6ee-4fd2-89f0-60b45cdd774b', 0, current_timestamp, current_timestamp, current_timestamp, current_timestamp, date('3/15/17'), 'TAB0006726', 'A');
INSERT INTO individual(id, version, address_id, date_created, last_name, last_updated, name, second_last_name, class, driver_license_id, email, employee_position_id, employee_type, job_detail_id, personal_data_id, employee_number) VALUES('70a117a8-9015-444c-9b42-e2feae105bc8', 0, '1d7ac32c-aa1d-4f33-ad0a-90f734c38d83', current_timestamp, 'ROSEY', current_timestamp, 'JULIO CESAR', 'JOOB', 'justcloud.tickets.domain.Employee', '77f8336d-e6ee-4fd2-89f0-60b45cdd774b', '', 'operator-id', 'REGULAR_EMPLOYEE', '4444605f-2cc0-428f-b107-d91eb3d81453', null, '2233');
INSERT INTO phone(id, version, date_created, last_updated, number, type) VALUES('72a41226-a850-4aee-b028-36ac43727342', 0, current_timestamp, current_timestamp, ' 993  1348060', 'MOBILE');
INSERT INTO employee_phone(employee_phones_id, phone_id) VALUES('70a117a8-9015-444c-9b42-e2feae105bc8', '72a41226-a850-4aee-b028-36ac43727342');
INSERT INTO address(id, version, address, date_created, last_updated, municipality_id, postal_code, settlement_id, state_id) VALUES('fb7576b2-8c5c-43bd-9f3d-792f35e5180b', 0, 'NORTE 15 No.  42 INT. A', current_timestamp, current_timestamp, (select municipality_id from settlement where postal_code = '94350' limit 1), '94350', (select id from settlement where postal_code = '94350' limit 1), (select state_id from settlement where postal_code = '94350' limit 1));
INSERT INTO job_detail(id, version, base_salary, job_name, date_created, last_updated) VALUES('52c0a5c1-c01c-45c6-b696-428e947a9aab', 0, 4000.0, 'Operador', current_timestamp, current_timestamp);
INSERT INTO driver_license(id, version, antiqueness, date_created, last_updated, expedition, expiration, license_number, license_type) VALUES('e5103d7e-a859-43ce-af91-8f2ed8b2f627', 0, current_timestamp, current_timestamp, current_timestamp, current_timestamp, date('3/27/17'), 'VER0406166', 'A');
INSERT INTO individual(id, version, address_id, date_created, last_name, last_updated, name, second_last_name, class, driver_license_id, email, employee_position_id, employee_type, job_detail_id, personal_data_id, employee_number) VALUES('3276eb65-577d-4a95-83d3-97194b728c5b', 0, 'fb7576b2-8c5c-43bd-9f3d-792f35e5180b', current_timestamp, 'HERNANDEZ', current_timestamp, 'IVAN EVERARDO', 'GONZALEZ', 'justcloud.tickets.domain.Employee', 'e5103d7e-a859-43ce-af91-8f2ed8b2f627', '', 'operator-id', 'REGULAR_EMPLOYEE', '52c0a5c1-c01c-45c6-b696-428e947a9aab', null, '2234');
INSERT INTO phone(id, version, date_created, last_updated, number, type) VALUES('407152df-c1c4-407b-a053-df7bb8843390', 0, current_timestamp, current_timestamp, ' 272  1309417', 'MOBILE');
INSERT INTO employee_phone(employee_phones_id, phone_id) VALUES('3276eb65-577d-4a95-83d3-97194b728c5b', '407152df-c1c4-407b-a053-df7bb8843390');
INSERT INTO address(id, version, address, date_created, last_updated, municipality_id, postal_code, settlement_id, state_id) VALUES('aee07bbe-ff43-4e39-b820-4c19471deef1', 0, 'PRIVADA REHILETE No.  475', current_timestamp, current_timestamp, (select municipality_id from settlement where postal_code = '52227' limit 1), '52227', (select id from settlement where postal_code = '52227' limit 1), (select state_id from settlement where postal_code = '52227' limit 1));
INSERT INTO job_detail(id, version, base_salary, job_name, date_created, last_updated) VALUES('e2ee1721-455c-4768-ad69-1ae6ac01fece', 0, 4000.0, 'Operador', current_timestamp, current_timestamp);
INSERT INTO driver_license(id, version, antiqueness, date_created, last_updated, expedition, expiration, license_number, license_type) VALUES('4851357d-376d-404b-9526-27aa06303dab', 0, current_timestamp, current_timestamp, current_timestamp, current_timestamp, date('5/10/16'), 'EDOM001279', 'A');
INSERT INTO individual(id, version, address_id, date_created, last_name, last_updated, name, second_last_name, class, driver_license_id, email, employee_position_id, employee_type, job_detail_id, personal_data_id, employee_number) VALUES('bcee5118-b44a-42c7-a234-77f9f435fdee', 0, 'aee07bbe-ff43-4e39-b820-4c19471deef1', current_timestamp, 'ESQUIVEL', current_timestamp, 'JOSE MANUEL', 'MENDEZ', 'justcloud.tickets.domain.Employee', '4851357d-376d-404b-9526-27aa06303dab', '', 'operator-id', 'REGULAR_EMPLOYEE', 'e2ee1721-455c-4768-ad69-1ae6ac01fece', null, '2235');
INSERT INTO phone(id, version, date_created, last_updated, number, type) VALUES('b6e23983-daf6-4d3b-8106-9c156e3ece8e', 0, current_timestamp, current_timestamp, ' 722 1664125', 'HOME');
INSERT INTO employee_phone(employee_phones_id, phone_id) VALUES('bcee5118-b44a-42c7-a234-77f9f435fdee', 'b6e23983-daf6-4d3b-8106-9c156e3ece8e');
INSERT INTO phone(id, version, date_created, last_updated, number, type) VALUES('dc3819d5-1d86-4aaf-9a30-49db5d27c85e', 0, current_timestamp, current_timestamp, ' 722  3645879', 'MOBILE');
INSERT INTO employee_phone(employee_phones_id, phone_id) VALUES('bcee5118-b44a-42c7-a234-77f9f435fdee', 'dc3819d5-1d86-4aaf-9a30-49db5d27c85e');
INSERT INTO address(id, version, address, date_created, last_updated, municipality_id, postal_code, settlement_id, state_id) VALUES('650e9814-0e6a-476c-84a9-d520f56985ad', 0, 'COLUMBA MZ 28 LT 18', current_timestamp, current_timestamp, (select municipality_id from settlement where postal_code = '10369' limit 1), '10369', (select id from settlement where postal_code = '10369' limit 1), (select state_id from settlement where postal_code = '10369' limit 1));
INSERT INTO job_detail(id, version, base_salary, job_name, date_created, last_updated) VALUES('376229de-bf52-4e8e-91dc-09352669da57', 0, 4000.0, 'Operador', current_timestamp, current_timestamp);
INSERT INTO driver_license(id, version, antiqueness, date_created, last_updated, expedition, expiration, license_number, license_type) VALUES('1ec5b19e-ce47-4b08-9928-623d31b9bb04', 0, current_timestamp, current_timestamp, current_timestamp, current_timestamp, date('3/2/17'), 'DF00145307', 'A');
INSERT INTO individual(id, version, address_id, date_created, last_name, last_updated, name, second_last_name, class, driver_license_id, email, employee_position_id, employee_type, job_detail_id, personal_data_id, employee_number) VALUES('c8a469a5-85cd-432c-afb0-eec34180e21c', 0, '650e9814-0e6a-476c-84a9-d520f56985ad', current_timestamp, 'BRIBIESCA', current_timestamp, 'DAVID', 'RIVERA', 'justcloud.tickets.domain.Employee', '1ec5b19e-ce47-4b08-9928-623d31b9bb04', '', 'operator-id', 'REGULAR_EMPLOYEE', '376229de-bf52-4e8e-91dc-09352669da57', null, '2244');
INSERT INTO phone(id, version, date_created, last_updated, number, type) VALUES('d2c04ebc-89d4-4965-b654-af7284b2068c', 0, current_timestamp, current_timestamp, ' 551 6755292', 'HOME');
INSERT INTO employee_phone(employee_phones_id, phone_id) VALUES('c8a469a5-85cd-432c-afb0-eec34180e21c', 'd2c04ebc-89d4-4965-b654-af7284b2068c');
INSERT INTO phone(id, version, date_created, last_updated, number, type) VALUES('e36e2f37-db91-45e8-96ea-2135d3794f28', 0, current_timestamp, current_timestamp, ' 554  4518722', 'MOBILE');
INSERT INTO employee_phone(employee_phones_id, phone_id) VALUES('c8a469a5-85cd-432c-afb0-eec34180e21c', 'e36e2f37-db91-45e8-96ea-2135d3794f28');
INSERT INTO address(id, version, address, date_created, last_updated, municipality_id, postal_code, settlement_id, state_id) VALUES('d0c8f46f-3a08-498e-8464-490e139c571a', 0, 'AV. MONTECRISTO No. 12', current_timestamp, current_timestamp, (select municipality_id from settlement where postal_code = '86996' limit 1), '86996', (select id from settlement where postal_code = '86996' limit 1), (select state_id from settlement where postal_code = '86996' limit 1));
INSERT INTO job_detail(id, version, base_salary, job_name, date_created, last_updated) VALUES('9f9d9065-6a7f-4f62-87d2-aeded8d969ea', 0, 4000.0, 'Operador', current_timestamp, current_timestamp);
INSERT INTO driver_license(id, version, antiqueness, date_created, last_updated, expedition, expiration, license_number, license_type) VALUES('f2d32d40-4145-41a2-8374-a218bd6578cf', 0, current_timestamp, current_timestamp, current_timestamp, current_timestamp, date('1/9/17'), 'TAB0004918', 'A');
INSERT INTO individual(id, version, address_id, date_created, last_name, last_updated, name, second_last_name, class, driver_license_id, email, employee_position_id, employee_type, job_detail_id, personal_data_id, employee_number) VALUES('3819f1b9-7382-4592-8ff0-2097312a7835', 0, 'd0c8f46f-3a08-498e-8464-490e139c571a', current_timestamp, 'ALVARO', current_timestamp, 'MARGARITO', 'DE LA CRUZ', 'justcloud.tickets.domain.Employee', 'f2d32d40-4145-41a2-8374-a218bd6578cf', '', 'operator-id', 'REGULAR_EMPLOYEE', '9f9d9065-6a7f-4f62-87d2-aeded8d969ea', null, '2243');
INSERT INTO phone(id, version, date_created, last_updated, number, type) VALUES('94728640-b620-4faa-879b-f99180c4b902', 0, current_timestamp, current_timestamp, ' 934 3430796', 'HOME');
INSERT INTO employee_phone(employee_phones_id, phone_id) VALUES('3819f1b9-7382-4592-8ff0-2097312a7835', '94728640-b620-4faa-879b-f99180c4b902');
INSERT INTO phone(id, version, date_created, last_updated, number, type) VALUES('dbb19ee4-176d-434a-9ad0-e9900f39d371', 0, current_timestamp, current_timestamp, ' 993 2011733', 'MOBILE');
INSERT INTO employee_phone(employee_phones_id, phone_id) VALUES('3819f1b9-7382-4592-8ff0-2097312a7835', 'dbb19ee4-176d-434a-9ad0-e9900f39d371');
INSERT INTO address(id, version, address, date_created, last_updated, municipality_id, postal_code, settlement_id, state_id) VALUES('20e03103-398b-4246-8a9e-2caf49e49351', 0, 'ANDADOR POSEIDON No. 44', current_timestamp, current_timestamp, (select municipality_id from settlement where postal_code = '91850' limit 1), '91850', (select id from settlement where postal_code = '91850' limit 1), (select state_id from settlement where postal_code = '91850' limit 1));
INSERT INTO job_detail(id, version, base_salary, job_name, date_created, last_updated) VALUES('787001b8-2fef-4597-bf48-3bb3bb67b710', 0, 4000.0, 'Operador', current_timestamp, current_timestamp);
INSERT INTO driver_license(id, version, antiqueness, date_created, last_updated, expedition, expiration, license_number, license_type) VALUES('aeb5e850-2868-4dd5-94b7-24dce124d0f5', 0, current_timestamp, current_timestamp, current_timestamp, current_timestamp, date('12/6/16'), 'SIN0202831', 'A');
INSERT INTO individual(id, version, address_id, date_created, last_name, last_updated, name, second_last_name, class, driver_license_id, email, employee_position_id, employee_type, job_detail_id, personal_data_id, employee_number) VALUES('0f1d1fa2-d3d5-465c-ad34-61ebda8fa4c8', 0, '20e03103-398b-4246-8a9e-2caf49e49351', current_timestamp, 'TIRADO', current_timestamp, 'JORGE', 'FRANCO', 'justcloud.tickets.domain.Employee', 'aeb5e850-2868-4dd5-94b7-24dce124d0f5', '', 'operator-id', 'REGULAR_EMPLOYEE', '787001b8-2fef-4597-bf48-3bb3bb67b710', null, '2246');
INSERT INTO phone(id, version, date_created, last_updated, number, type) VALUES('69da97c3-44dc-4022-a005-9cbb4eb3b291', 0, current_timestamp, current_timestamp, ' 229 9817308', 'HOME');
INSERT INTO employee_phone(employee_phones_id, phone_id) VALUES('0f1d1fa2-d3d5-465c-ad34-61ebda8fa4c8', '69da97c3-44dc-4022-a005-9cbb4eb3b291');
INSERT INTO phone(id, version, date_created, last_updated, number, type) VALUES('dba689dd-6ec1-44b8-a52c-5491afa1f09b', 0, current_timestamp, current_timestamp, ' 229 1733938', 'MOBILE');
INSERT INTO employee_phone(employee_phones_id, phone_id) VALUES('0f1d1fa2-d3d5-465c-ad34-61ebda8fa4c8', 'dba689dd-6ec1-44b8-a52c-5491afa1f09b');
INSERT INTO address(id, version, address, date_created, last_updated, municipality_id, postal_code, settlement_id, state_id) VALUES('f0f1c480-59cb-427c-8fdf-f369511a7f18', 0, '2DA CERRADA No.  S/N', current_timestamp, current_timestamp, (select municipality_id from settlement where postal_code = '55620' limit 1), '55620', (select id from settlement where postal_code = '55620' limit 1), (select state_id from settlement where postal_code = '55620' limit 1));
INSERT INTO job_detail(id, version, base_salary, job_name, date_created, last_updated) VALUES('b0b78e48-de08-425a-944c-0903db28d2d1', 0, 4000.0, 'Operador', current_timestamp, current_timestamp);
INSERT INTO driver_license(id, version, antiqueness, date_created, last_updated, expedition, expiration, license_number, license_type) VALUES('172c2e1c-8502-4d08-a36f-1208ff2843fc', 0, current_timestamp, current_timestamp, current_timestamp, current_timestamp, date('10/1/18'), 'DF00221743', 'A');
INSERT INTO individual(id, version, address_id, date_created, last_name, last_updated, name, second_last_name, class, driver_license_id, email, employee_position_id, employee_type, job_detail_id, personal_data_id, employee_number) VALUES('3b4cdfdb-ddde-4cb6-906c-15d708f93ba8', 0, 'f0f1c480-59cb-427c-8fdf-f369511a7f18', current_timestamp, 'DE LA TORRE', current_timestamp, 'HUGO', 'GARCIA', 'justcloud.tickets.domain.Employee', '172c2e1c-8502-4d08-a36f-1208ff2843fc', '', 'operator-id', 'REGULAR_EMPLOYEE', 'b0b78e48-de08-425a-944c-0903db28d2d1', null, '2249');
INSERT INTO phone(id, version, date_created, last_updated, number, type) VALUES('ac92b252-2ded-4d71-958f-81c5fcbed32f', 0, current_timestamp, current_timestamp, ' 591 9112524', 'HOME');
INSERT INTO employee_phone(employee_phones_id, phone_id) VALUES('3b4cdfdb-ddde-4cb6-906c-15d708f93ba8', 'ac92b252-2ded-4d71-958f-81c5fcbed32f');
INSERT INTO phone(id, version, date_created, last_updated, number, type) VALUES('c2e3cece-b8e1-4d66-abd3-e38f93eef2dc', 0, current_timestamp, current_timestamp, ' 554 6389488', 'MOBILE');
INSERT INTO employee_phone(employee_phones_id, phone_id) VALUES('3b4cdfdb-ddde-4cb6-906c-15d708f93ba8', 'c2e3cece-b8e1-4d66-abd3-e38f93eef2dc');
INSERT INTO address(id, version, address, date_created, last_updated, municipality_id, postal_code, settlement_id, state_id) VALUES('d7759f1e-e11a-43a8-8a43-e291b0292ff7', 0, 'CALLEJON DEL CLAVE No.  12', current_timestamp, current_timestamp, (select municipality_id from settlement where postal_code = '93458' limit 1), '93458', (select id from settlement where postal_code = '93458' limit 1), (select state_id from settlement where postal_code = '93458' limit 1));
INSERT INTO job_detail(id, version, base_salary, job_name, date_created, last_updated) VALUES('dcca1dc2-0616-43d0-8329-7e5f3dafe557', 0, 4000.0, 'Operador', current_timestamp, current_timestamp);
INSERT INTO driver_license(id, version, antiqueness, date_created, last_updated, expedition, expiration, license_number, license_type) VALUES('34efd82e-8477-41bd-8592-f81e3a054401', 0, current_timestamp, current_timestamp, current_timestamp, current_timestamp, date('4/26/17'), 'VER0206504', 'A');
INSERT INTO individual(id, version, address_id, date_created, last_name, last_updated, name, second_last_name, class, driver_license_id, email, employee_position_id, employee_type, job_detail_id, personal_data_id, employee_number) VALUES('26918124-9d0e-4012-91ea-b85ba95d0ed2', 0, 'd7759f1e-e11a-43a8-8a43-e291b0292ff7', current_timestamp, 'RAMIREZ', current_timestamp, 'MARTIN', 'VALERA', 'justcloud.tickets.domain.Employee', '34efd82e-8477-41bd-8592-f81e3a054401', '', 'operator-id', 'REGULAR_EMPLOYEE', 'dcca1dc2-0616-43d0-8329-7e5f3dafe557', null, '2250');
INSERT INTO phone(id, version, date_created, last_updated, number, type) VALUES('47a7d60f-b53e-409e-8edf-5bf697e94a28', 0, current_timestamp, current_timestamp, ' 784 1163754', 'HOME');
INSERT INTO employee_phone(employee_phones_id, phone_id) VALUES('26918124-9d0e-4012-91ea-b85ba95d0ed2', '47a7d60f-b53e-409e-8edf-5bf697e94a28');
INSERT INTO phone(id, version, date_created, last_updated, number, type) VALUES('86707d0f-a5b6-4372-adc2-46009c73790f', 0, current_timestamp, current_timestamp, ' 463 1000269', 'MOBILE');
INSERT INTO employee_phone(employee_phones_id, phone_id) VALUES('26918124-9d0e-4012-91ea-b85ba95d0ed2', '86707d0f-a5b6-4372-adc2-46009c73790f');
INSERT INTO address(id, version, address, date_created, last_updated, municipality_id, postal_code, settlement_id, state_id) VALUES('569d335e-7eb2-4cf8-af7c-4ad0d49bc13e', 0, 'LUIS DE VELAZCO No.  310', current_timestamp, current_timestamp, (select municipality_id from settlement where postal_code = '26237' limit 1), '26237', (select id from settlement where postal_code = '26237' limit 1), (select state_id from settlement where postal_code = '26237' limit 1));
INSERT INTO job_detail(id, version, base_salary, job_name, date_created, last_updated) VALUES('14a7d4ac-a1da-41e4-ac5d-e4cee2ca691c', 0, 4000.0, 'Operador', current_timestamp, current_timestamp);
INSERT INTO driver_license(id, version, antiqueness, date_created, last_updated, expedition, expiration, license_number, license_type) VALUES('acb4249c-1844-4915-a35d-c7e7a9625bac', 0, current_timestamp, current_timestamp, current_timestamp, current_timestamp, date('5/7/17'), 'COAH211123', 'A');
INSERT INTO individual(id, version, address_id, date_created, last_name, last_updated, name, second_last_name, class, driver_license_id, email, employee_position_id, employee_type, job_detail_id, personal_data_id, employee_number) VALUES('db56383b-b7bb-40b2-84db-939249ae5ac2', 0, '569d335e-7eb2-4cf8-af7c-4ad0d49bc13e', current_timestamp, 'ESQUIVEL', current_timestamp, 'LUIS ALEJANDRO', 'VENTURA', 'justcloud.tickets.domain.Employee', 'acb4249c-1844-4915-a35d-c7e7a9625bac', '', 'operator-id', 'REGULAR_EMPLOYEE', '14a7d4ac-a1da-41e4-ac5d-e4cee2ca691c', null, '2252');
INSERT INTO phone(id, version, date_created, last_updated, number, type) VALUES('5e2cde19-5c72-41d6-81af-707b430609e3', 0, current_timestamp, current_timestamp, ' 811  1165188', 'MOBILE');
INSERT INTO employee_phone(employee_phones_id, phone_id) VALUES('db56383b-b7bb-40b2-84db-939249ae5ac2', '5e2cde19-5c72-41d6-81af-707b430609e3');
INSERT INTO address(id, version, address, date_created, last_updated, municipality_id, postal_code, settlement_id, state_id) VALUES('1f043ca8-e96f-4be2-89c4-aa3bc303ef64', 0, 'CALLE COMUNIDAD TANTALAMOS S/N', current_timestamp, current_timestamp, (select municipality_id from settlement where postal_code = '92560' limit 1), '92560', (select id from settlement where postal_code = '92560' limit 1), (select state_id from settlement where postal_code = '92560' limit 1));
INSERT INTO job_detail(id, version, base_salary, job_name, date_created, last_updated) VALUES('f14e2bff-c7d8-47eb-8818-8f9d59d96397', 0, 4000.0, 'Operador', current_timestamp, current_timestamp);
INSERT INTO driver_license(id, version, antiqueness, date_created, last_updated, expedition, expiration, license_number, license_type) VALUES('ec0b2408-046c-4b1e-8cd5-e316f10419e9', 0, current_timestamp, current_timestamp, current_timestamp, current_timestamp, date('4/3/17'), 'VER205110', 'A');
INSERT INTO individual(id, version, address_id, date_created, last_name, last_updated, name, second_last_name, class, driver_license_id, email, employee_position_id, employee_type, job_detail_id, personal_data_id, employee_number) VALUES('ab4a11b3-f59f-40b1-96dd-606e6462d77c', 0, '1f043ca8-e96f-4be2-89c4-aa3bc303ef64', current_timestamp, 'MORALES', current_timestamp, 'GUSTAVO', 'SALAS', 'justcloud.tickets.domain.Employee', 'ec0b2408-046c-4b1e-8cd5-e316f10419e9', '', 'operator-id', 'REGULAR_EMPLOYEE', 'f14e2bff-c7d8-47eb-8818-8f9d59d96397', null, '2253');
INSERT INTO phone(id, version, date_created, last_updated, number, type) VALUES('f9d19110-4e48-4e5a-b31a-03b92574e894', 0, current_timestamp, current_timestamp, ' 768 1035751', 'HOME');
INSERT INTO employee_phone(employee_phones_id, phone_id) VALUES('ab4a11b3-f59f-40b1-96dd-606e6462d77c', 'f9d19110-4e48-4e5a-b31a-03b92574e894');
INSERT INTO phone(id, version, date_created, last_updated, number, type) VALUES('9e4f658f-64b7-4e19-b7bb-b2915533b57c', 0, current_timestamp, current_timestamp, ' 783  1358812', 'MOBILE');
INSERT INTO employee_phone(employee_phones_id, phone_id) VALUES('ab4a11b3-f59f-40b1-96dd-606e6462d77c', '9e4f658f-64b7-4e19-b7bb-b2915533b57c');
INSERT INTO address(id, version, address, date_created, last_updated, municipality_id, postal_code, settlement_id, state_id) VALUES('1201d17e-c261-4baa-b3a4-6506fb36ec6d', 0, 'BARRIO SAN JOSE', current_timestamp, current_timestamp, (select municipality_id from settlement where postal_code = '50900' limit 1), '50900', (select id from settlement where postal_code = '50900' limit 1), (select state_id from settlement where postal_code = '50900' limit 1));
INSERT INTO job_detail(id, version, base_salary, job_name, date_created, last_updated) VALUES('b204633a-5ef8-4765-8171-b1e6423644f0', 0, 4000.0, 'Operador', current_timestamp, current_timestamp);
INSERT INTO driver_license(id, version, antiqueness, date_created, last_updated, expedition, expiration, license_number, license_type) VALUES('1e2e4fc9-7f78-4517-8414-94b535ba6f33', 0, current_timestamp, current_timestamp, current_timestamp, current_timestamp, date('8/1/16'), 'EDOM019304', 'A');
INSERT INTO individual(id, version, address_id, date_created, last_name, last_updated, name, second_last_name, class, driver_license_id, email, employee_position_id, employee_type, job_detail_id, personal_data_id, employee_number) VALUES('a580fa07-4b07-4d6f-b60a-9af31a0b9e0e', 0, '1201d17e-c261-4baa-b3a4-6506fb36ec6d', current_timestamp, 'ESTRADA', current_timestamp, 'JOVANI MAURICIO', 'GOMEZ', 'justcloud.tickets.domain.Employee', '1e2e4fc9-7f78-4517-8414-94b535ba6f33', '', 'operator-id', 'REGULAR_EMPLOYEE', 'b204633a-5ef8-4765-8171-b1e6423644f0', null, '2254');
INSERT INTO phone(id, version, date_created, last_updated, number, type) VALUES('493f8402-6e34-4087-a02e-34461f617c1b', 0, current_timestamp, current_timestamp, ' 722  4734102', 'MOBILE');
INSERT INTO employee_phone(employee_phones_id, phone_id) VALUES('a580fa07-4b07-4d6f-b60a-9af31a0b9e0e', '493f8402-6e34-4087-a02e-34461f617c1b');
INSERT INTO address(id, version, address, date_created, last_updated, municipality_id, postal_code, settlement_id, state_id) VALUES('2cbeb20d-6f20-4b81-b7c5-ea8769d09217', 0, 'CARRETERA JALPA-JALUPA S/N', current_timestamp, current_timestamp, (select municipality_id from settlement where postal_code = '82600' limit 1), '82600', (select id from settlement where postal_code = '82600' limit 1), (select state_id from settlement where postal_code = '82600' limit 1));
INSERT INTO job_detail(id, version, base_salary, job_name, date_created, last_updated) VALUES('0bb7b0e2-db2f-4f90-beed-c033d4e245a4', 0, 4000.0, 'Operador', current_timestamp, current_timestamp);
INSERT INTO driver_license(id, version, antiqueness, date_created, last_updated, expedition, expiration, license_number, license_type) VALUES('e295cfd3-bf80-4d7c-8609-3500cae1a6ff', 0, current_timestamp, current_timestamp, current_timestamp, current_timestamp, date('6/11/15'), 'TAB0004531', 'A');
INSERT INTO individual(id, version, address_id, date_created, last_name, last_updated, name, second_last_name, class, driver_license_id, email, employee_position_id, employee_type, job_detail_id, personal_data_id, employee_number) VALUES('2ab86073-e5af-4076-b770-f7dc6927a522', 0, '2cbeb20d-6f20-4b81-b7c5-ea8769d09217', current_timestamp, 'DOMINGUEZ', current_timestamp, 'JAVIER', 'LOPEZ', 'justcloud.tickets.domain.Employee', 'e295cfd3-bf80-4d7c-8609-3500cae1a6ff', '', 'operator-id', 'REGULAR_EMPLOYEE', '0bb7b0e2-db2f-4f90-beed-c033d4e245a4', null, '2257');
INSERT INTO phone(id, version, date_created, last_updated, number, type) VALUES('b6c502b6-ba14-4ab5-95a2-405cb2bb2bb4', 0, current_timestamp, current_timestamp, ' 914  1276558', 'MOBILE');
INSERT INTO employee_phone(employee_phones_id, phone_id) VALUES('2ab86073-e5af-4076-b770-f7dc6927a522', 'b6c502b6-ba14-4ab5-95a2-405cb2bb2bb4');
INSERT INTO address(id, version, address, date_created, last_updated, municipality_id, postal_code, settlement_id, state_id) VALUES('498bcedf-e7d6-4868-8fab-6d04fe3f873c', 0, 'CERRADA CEDROS No.  715', current_timestamp, current_timestamp, (select municipality_id from settlement where postal_code = '89600' limit 1), '89600', (select id from settlement where postal_code = '89600' limit 1), (select state_id from settlement where postal_code = '89600' limit 1));
INSERT INTO job_detail(id, version, base_salary, job_name, date_created, last_updated) VALUES('7fd4f31c-75b1-49b9-a9f6-d93f053e8a2a', 0, 4000.0, 'Operador', current_timestamp, current_timestamp);
INSERT INTO driver_license(id, version, antiqueness, date_created, last_updated, expedition, expiration, license_number, license_type) VALUES('13ef7eb1-2b63-42e1-b4c1-13bec433fcda', 0, current_timestamp, current_timestamp, current_timestamp, current_timestamp, date('2/5/17'), 'TAMP307632', 'A');
INSERT INTO individual(id, version, address_id, date_created, last_name, last_updated, name, second_last_name, class, driver_license_id, email, employee_position_id, employee_type, job_detail_id, personal_data_id, employee_number) VALUES('1868447b-39fb-4c5e-9a55-019120f9a228', 0, '498bcedf-e7d6-4868-8fab-6d04fe3f873c', current_timestamp, 'GONZALEZ', current_timestamp, 'MARCO ANTONIO', 'HERNANDEZ', 'justcloud.tickets.domain.Employee', '13ef7eb1-2b63-42e1-b4c1-13bec433fcda', '', 'operator-id', 'REGULAR_EMPLOYEE', '7fd4f31c-75b1-49b9-a9f6-d93f053e8a2a', null, '2259');
INSERT INTO phone(id, version, date_created, last_updated, number, type) VALUES('2c0e3fc7-24ea-41f2-ad10-0f67389fe586', 0, current_timestamp, current_timestamp, ' 833  1479050', 'MOBILE');
INSERT INTO employee_phone(employee_phones_id, phone_id) VALUES('1868447b-39fb-4c5e-9a55-019120f9a228', '2c0e3fc7-24ea-41f2-ad10-0f67389fe586');
INSERT INTO address(id, version, address, date_created, last_updated, municipality_id, postal_code, settlement_id, state_id) VALUES('60c6bd71-aabb-45bf-8e5b-b9b8d11c55f6', 0, 'MIGUEL HIDALGO MZ.6 LT. 33', current_timestamp, current_timestamp, (select municipality_id from settlement where postal_code = '24170' limit 1), '24170', (select id from settlement where postal_code = '24170' limit 1), (select state_id from settlement where postal_code = '24170' limit 1));
INSERT INTO job_detail(id, version, base_salary, job_name, date_created, last_updated) VALUES('76dc8a44-5296-4606-8e20-a569fb2a6246', 0, 4000.0, 'Operador', current_timestamp, current_timestamp);
INSERT INTO driver_license(id, version, antiqueness, date_created, last_updated, expedition, expiration, license_number, license_type) VALUES('60b8e6cc-dffa-4aee-801b-16d2d18a8c0e', 0, current_timestamp, current_timestamp, current_timestamp, current_timestamp, date('1/19/17'), 'TAB0009454', 'A');
INSERT INTO individual(id, version, address_id, date_created, last_name, last_updated, name, second_last_name, class, driver_license_id, email, employee_position_id, employee_type, job_detail_id, personal_data_id, employee_number) VALUES('41cd1856-0eec-4c07-8ac8-0c2d779c73ab', 0, '60c6bd71-aabb-45bf-8e5b-b9b8d11c55f6', current_timestamp, 'OCHOA', current_timestamp, 'GERARDO MANUEL', 'RIVERA', 'justcloud.tickets.domain.Employee', '60b8e6cc-dffa-4aee-801b-16d2d18a8c0e', '', 'operator-id', 'REGULAR_EMPLOYEE', '76dc8a44-5296-4606-8e20-a569fb2a6246', null, '2260');
INSERT INTO phone(id, version, date_created, last_updated, number, type) VALUES('c085a470-788e-41ee-a3d1-33ac05e769ca', 0, current_timestamp, current_timestamp, ' 938  1005387', 'MOBILE');
INSERT INTO employee_phone(employee_phones_id, phone_id) VALUES('41cd1856-0eec-4c07-8ac8-0c2d779c73ab', 'c085a470-788e-41ee-a3d1-33ac05e769ca');
INSERT INTO address(id, version, address, date_created, last_updated, municipality_id, postal_code, settlement_id, state_id) VALUES('0bf288cf-413f-4e68-9fbd-41c59a08bdc7', 0, 'PRIVADA PIEDRAS No.  126', current_timestamp, current_timestamp, (select municipality_id from settlement where postal_code = '43700' limit 1), '43700', (select id from settlement where postal_code = '43700' limit 1), (select state_id from settlement where postal_code = '43700' limit 1));
INSERT INTO job_detail(id, version, base_salary, job_name, date_created, last_updated) VALUES('3f9cf39a-0966-43b8-9036-85a53fdec735', 0, 4000.0, 'Operador', current_timestamp, current_timestamp);
INSERT INTO driver_license(id, version, antiqueness, date_created, last_updated, expedition, expiration, license_number, license_type) VALUES('233ceb55-0782-4b30-bd01-1d34873651b5', 0, current_timestamp, current_timestamp, current_timestamp, current_timestamp, date('2/5/17'), 'DF121460', 'A');
INSERT INTO individual(id, version, address_id, date_created, last_name, last_updated, name, second_last_name, class, driver_license_id, email, employee_position_id, employee_type, job_detail_id, personal_data_id, employee_number) VALUES('d7e515e2-d1d8-4868-904c-9752249ee2e4', 0, '0bf288cf-413f-4e68-9fbd-41c59a08bdc7', current_timestamp, 'OMAÑA', current_timestamp, 'DAGOBERTO', 'ARANDA', 'justcloud.tickets.domain.Employee', '233ceb55-0782-4b30-bd01-1d34873651b5', '', 'operator-id', 'REGULAR_EMPLOYEE', '3f9cf39a-0966-43b8-9036-85a53fdec735', null, '2261');
INSERT INTO phone(id, version, date_created, last_updated, number, type) VALUES('5349cf47-c95e-44b1-ae5c-958a4685f844', 0, current_timestamp, current_timestamp, ' 764  1109047', 'HOME');
INSERT INTO employee_phone(employee_phones_id, phone_id) VALUES('d7e515e2-d1d8-4868-904c-9752249ee2e4', '5349cf47-c95e-44b1-ae5c-958a4685f844');
INSERT INTO address(id, version, address, date_created, last_updated, municipality_id, postal_code, settlement_id, state_id) VALUES('ed3bba13-27f9-4d81-97dd-a0db2a7a3d5d', 0, 'OTILIO ALVAREZ No.  203', current_timestamp, current_timestamp, (select municipality_id from settlement where postal_code = '89325' limit 1), '89325', (select id from settlement where postal_code = '89325' limit 1), (select state_id from settlement where postal_code = '89325' limit 1));
INSERT INTO job_detail(id, version, base_salary, job_name, date_created, last_updated) VALUES('6ad15358-e149-4f4e-8105-7b6394526550', 0, 4000.0, 'Operador', current_timestamp, current_timestamp);
INSERT INTO driver_license(id, version, antiqueness, date_created, last_updated, expedition, expiration, license_number, license_type) VALUES('ef8dd337-166d-416c-84b3-185f667495c6', 0, current_timestamp, current_timestamp, current_timestamp, current_timestamp, date('12/16/16'), 'DF00178731', 'A');
INSERT INTO individual(id, version, address_id, date_created, last_name, last_updated, name, second_last_name, class, driver_license_id, email, employee_position_id, employee_type, job_detail_id, personal_data_id, employee_number) VALUES('1f6c5cf6-1647-4764-a5fa-888c7aed20c5', 0, 'ed3bba13-27f9-4d81-97dd-a0db2a7a3d5d', current_timestamp, 'ARREDONDO', current_timestamp, 'NARCIZO', 'OBANDO', 'justcloud.tickets.domain.Employee', 'ef8dd337-166d-416c-84b3-185f667495c6', '', 'operator-id', 'REGULAR_EMPLOYEE', '6ad15358-e149-4f4e-8105-7b6394526550', null, '2265');
INSERT INTO phone(id, version, date_created, last_updated, number, type) VALUES('1ce3e8f7-381d-4ea3-a1db-e4e537099c7a', 0, current_timestamp, current_timestamp, ' 785  5817770', 'MOBILE');
INSERT INTO employee_phone(employee_phones_id, phone_id) VALUES('1f6c5cf6-1647-4764-a5fa-888c7aed20c5', '1ce3e8f7-381d-4ea3-a1db-e4e537099c7a');
INSERT INTO address(id, version, address, date_created, last_updated, municipality_id, postal_code, settlement_id, state_id) VALUES('ea1455bd-fb11-4ac4-80d1-b349519416c0', 0, 'UNIVERSIDAD DE OAXACA No.  206', current_timestamp, current_timestamp, (select municipality_id from settlement where postal_code = '89336' limit 1), '89336', (select id from settlement where postal_code = '89336' limit 1), (select state_id from settlement where postal_code = '89336' limit 1));
INSERT INTO job_detail(id, version, base_salary, job_name, date_created, last_updated) VALUES('66bc48ca-b4b8-479c-a6ab-28df1580e97d', 0, 4000.0, 'Operador', current_timestamp, current_timestamp);
INSERT INTO driver_license(id, version, antiqueness, date_created, last_updated, expedition, expiration, license_number, license_type) VALUES('8849c5c6-8241-41a3-8d84-aa8244e12463', 0, current_timestamp, current_timestamp, current_timestamp, current_timestamp, date('4/18/17'), 'TAMP310448', 'A');
INSERT INTO individual(id, version, address_id, date_created, last_name, last_updated, name, second_last_name, class, driver_license_id, email, employee_position_id, employee_type, job_detail_id, personal_data_id, employee_number) VALUES('6bd1fd26-69be-49ea-b7a8-55eeb519281c', 0, 'ea1455bd-fb11-4ac4-80d1-b349519416c0', current_timestamp, 'MARTINEZ', current_timestamp, 'ISIDORO', 'GARCIA', 'justcloud.tickets.domain.Employee', '8849c5c6-8241-41a3-8d84-aa8244e12463', '', 'operator-id', 'REGULAR_EMPLOYEE', '66bc48ca-b4b8-479c-a6ab-28df1580e97d', null, '2266');
INSERT INTO phone(id, version, date_created, last_updated, number, type) VALUES('9286cdf9-93d7-41e5-9e8f-ad9a40fa75c1', 0, current_timestamp, current_timestamp, ' 833 2272066', 'HOME');
INSERT INTO employee_phone(employee_phones_id, phone_id) VALUES('6bd1fd26-69be-49ea-b7a8-55eeb519281c', '9286cdf9-93d7-41e5-9e8f-ad9a40fa75c1');
INSERT INTO phone(id, version, date_created, last_updated, number, type) VALUES('7108b879-4f28-460e-a981-08a5a1299cf2', 0, current_timestamp, current_timestamp, ' 833  3865626', 'MOBILE');
INSERT INTO employee_phone(employee_phones_id, phone_id) VALUES('6bd1fd26-69be-49ea-b7a8-55eeb519281c', '7108b879-4f28-460e-a981-08a5a1299cf2');
INSERT INTO address(id, version, address, date_created, last_updated, municipality_id, postal_code, settlement_id, state_id) VALUES('dcd12398-d99b-4c07-af77-771245156b12', 0, 'PRIVADA 5TA DE JACARANDAS, CIRCUITO AZUCENA No.  126', current_timestamp, current_timestamp, (select municipality_id from settlement where postal_code = '78421' limit 1), '78421', (select id from settlement where postal_code = '78421' limit 1), (select state_id from settlement where postal_code = '78421' limit 1));
INSERT INTO job_detail(id, version, base_salary, job_name, date_created, last_updated) VALUES('9b4cc282-7e30-4230-a226-558ae9419a22', 0, 4000.0, 'Operador', current_timestamp, current_timestamp);
INSERT INTO driver_license(id, version, antiqueness, date_created, last_updated, expedition, expiration, license_number, license_type) VALUES('4f6e64ca-d91b-45a1-9383-7ce5f8e87eb7', 0, current_timestamp, current_timestamp, current_timestamp, current_timestamp, date('1/16/18'), 'SLP0008356', 'A');
INSERT INTO individual(id, version, address_id, date_created, last_name, last_updated, name, second_last_name, class, driver_license_id, email, employee_position_id, employee_type, job_detail_id, personal_data_id, employee_number) VALUES('18eb6a24-c887-45ab-b9f1-f1454ae093ab', 0, 'dcd12398-d99b-4c07-af77-771245156b12', current_timestamp, 'FRANCISCO', current_timestamp, 'GUADALUPE', 'JESUS', 'justcloud.tickets.domain.Employee', '4f6e64ca-d91b-45a1-9383-7ce5f8e87eb7', '', 'operator-id', 'REGULAR_EMPLOYEE', '9b4cc282-7e30-4230-a226-558ae9419a22', null, '2269');
INSERT INTO phone(id, version, date_created, last_updated, number, type) VALUES('6e96fdb9-1c74-4457-83a9-fc2afd3e54ce', 0, current_timestamp, current_timestamp, ' 444 1127559', 'HOME');
INSERT INTO employee_phone(employee_phones_id, phone_id) VALUES('18eb6a24-c887-45ab-b9f1-f1454ae093ab', '6e96fdb9-1c74-4457-83a9-fc2afd3e54ce');
INSERT INTO phone(id, version, date_created, last_updated, number, type) VALUES('c15aef39-db6e-4d95-bbb4-9015f9afee48', 0, current_timestamp, current_timestamp, ' 444  2308304', 'MOBILE');
INSERT INTO employee_phone(employee_phones_id, phone_id) VALUES('18eb6a24-c887-45ab-b9f1-f1454ae093ab', 'c15aef39-db6e-4d95-bbb4-9015f9afee48');
INSERT INTO address(id, version, address, date_created, last_updated, municipality_id, postal_code, settlement_id, state_id) VALUES('4569fd26-56e4-4be1-bf6b-63ec80d3b7fb', 0, 'LUIS DONALDO COLOSIO No.  9', current_timestamp, current_timestamp, (select municipality_id from settlement where postal_code = '94430' limit 1), '94430', (select id from settlement where postal_code = '94430' limit 1), (select state_id from settlement where postal_code = '94430' limit 1));
INSERT INTO job_detail(id, version, base_salary, job_name, date_created, last_updated) VALUES('3eff2785-cf87-4320-a694-7d7834e643e2', 0, 4000.0, 'Operador', current_timestamp, current_timestamp);
INSERT INTO driver_license(id, version, antiqueness, date_created, last_updated, expedition, expiration, license_number, license_type) VALUES('28f028b5-2d6f-4f97-a618-2826b7f19247', 0, current_timestamp, current_timestamp, current_timestamp, current_timestamp, date('1/15/18'), 'VER0406818', 'A');
INSERT INTO individual(id, version, address_id, date_created, last_name, last_updated, name, second_last_name, class, driver_license_id, email, employee_position_id, employee_type, job_detail_id, personal_data_id, employee_number) VALUES('914b553f-52d2-40ad-835e-fa872fb39ecc', 0, '4569fd26-56e4-4be1-bf6b-63ec80d3b7fb', current_timestamp, 'ORTIZ', current_timestamp, 'GILBERTO', 'TEXCAHUA', 'justcloud.tickets.domain.Employee', '28f028b5-2d6f-4f97-a618-2826b7f19247', '', 'operator-id', 'REGULAR_EMPLOYEE', '3eff2785-cf87-4320-a694-7d7834e643e2', null, '2271');
INSERT INTO phone(id, version, date_created, last_updated, number, type) VALUES('019cb9d3-fe7d-424f-8af2-a11cc91f171a', 0, current_timestamp, current_timestamp, ' 272  1112556', 'MOBILE');
INSERT INTO employee_phone(employee_phones_id, phone_id) VALUES('914b553f-52d2-40ad-835e-fa872fb39ecc', '019cb9d3-fe7d-424f-8af2-a11cc91f171a');
INSERT INTO address(id, version, address, date_created, last_updated, municipality_id, postal_code, settlement_id, state_id) VALUES('620ae89f-da27-48d5-b1bf-7c6bb28c8465', 0, 'CALLE NARANJO No.  123', current_timestamp, current_timestamp, (select municipality_id from settlement where postal_code = '89603' limit 1), '89603', (select id from settlement where postal_code = '89603' limit 1), (select state_id from settlement where postal_code = '89603' limit 1));
INSERT INTO job_detail(id, version, base_salary, job_name, date_created, last_updated) VALUES('e11013fc-e8a5-4e2d-9915-8baddb750f2a', 0, 4000.0, 'Operador', current_timestamp, current_timestamp);
INSERT INTO driver_license(id, version, antiqueness, date_created, last_updated, expedition, expiration, license_number, license_type) VALUES('04fed466-79e9-4ebd-897c-d2d2ba21047a', 0, current_timestamp, current_timestamp, current_timestamp, current_timestamp, date('3/9/15'), 'VER205389', 'A');
INSERT INTO individual(id, version, address_id, date_created, last_name, last_updated, name, second_last_name, class, driver_license_id, email, employee_position_id, employee_type, job_detail_id, personal_data_id, employee_number) VALUES('d09389da-b88e-440b-8eae-058cfd91f061', 0, '620ae89f-da27-48d5-b1bf-7c6bb28c8465', current_timestamp, 'SOSA', current_timestamp, 'SIMON PEDRO', 'OROCIO', 'justcloud.tickets.domain.Employee', '04fed466-79e9-4ebd-897c-d2d2ba21047a', '', 'operator-id', 'REGULAR_EMPLOYEE', 'e11013fc-e8a5-4e2d-9915-8baddb750f2a', null, '2278');
INSERT INTO phone(id, version, date_created, last_updated, number, type) VALUES('e6ecc23d-1543-41e2-a45d-2b79d0722a92', 0, current_timestamp, current_timestamp, ' 833  3725046', 'HOME');
INSERT INTO employee_phone(employee_phones_id, phone_id) VALUES('d09389da-b88e-440b-8eae-058cfd91f061', 'e6ecc23d-1543-41e2-a45d-2b79d0722a92');
INSERT INTO phone(id, version, date_created, last_updated, number, type) VALUES('2807832f-0d26-4c62-8aa6-af728db86e13', 0, current_timestamp, current_timestamp, ' 833  3481675', 'MOBILE');
INSERT INTO employee_phone(employee_phones_id, phone_id) VALUES('d09389da-b88e-440b-8eae-058cfd91f061', '2807832f-0d26-4c62-8aa6-af728db86e13');
INSERT INTO address(id, version, address, date_created, last_updated, municipality_id, postal_code, settlement_id, state_id) VALUES('7cc9316f-9be1-4c8f-b925-81852e3ef532', 0, 'CALLE 4 No.  25', current_timestamp, current_timestamp, (select municipality_id from settlement where postal_code = '52989' limit 1), '52989', (select id from settlement where postal_code = '52989' limit 1), (select state_id from settlement where postal_code = '52989' limit 1));
INSERT INTO job_detail(id, version, base_salary, job_name, date_created, last_updated) VALUES('5e646e8e-997a-493e-9ff0-0b37075990d4', 0, 4000.0, 'Operador', current_timestamp, current_timestamp);
INSERT INTO driver_license(id, version, antiqueness, date_created, last_updated, expedition, expiration, license_number, license_type) VALUES('14760e9e-85e9-4dc0-8733-c3d951351111', 0, current_timestamp, current_timestamp, current_timestamp, current_timestamp, date('4/12/16'), 'DF00227569', 'A');
INSERT INTO individual(id, version, address_id, date_created, last_name, last_updated, name, second_last_name, class, driver_license_id, email, employee_position_id, employee_type, job_detail_id, personal_data_id, employee_number) VALUES('738b7dd1-40d4-48dd-ab7f-9eef99507354', 0, '7cc9316f-9be1-4c8f-b925-81852e3ef532', current_timestamp, 'RUIZ', current_timestamp, 'GUSTAVO', 'VERA', 'justcloud.tickets.domain.Employee', '14760e9e-85e9-4dc0-8733-c3d951351111', '', 'operator-id', 'REGULAR_EMPLOYEE', '5e646e8e-997a-493e-9ff0-0b37075990d4', null, '2277');
INSERT INTO phone(id, version, date_created, last_updated, number, type) VALUES('ea9f97e8-6f78-46d3-b57d-09771a1127cf', 0, current_timestamp, current_timestamp, ' 555 3490304', 'HOME');
INSERT INTO employee_phone(employee_phones_id, phone_id) VALUES('738b7dd1-40d4-48dd-ab7f-9eef99507354', 'ea9f97e8-6f78-46d3-b57d-09771a1127cf');
INSERT INTO phone(id, version, date_created, last_updated, number, type) VALUES('0b278eff-7fc6-431d-aca0-cef462b2c8ef', 0, current_timestamp, current_timestamp, ' 553  2991361', 'MOBILE');
INSERT INTO employee_phone(employee_phones_id, phone_id) VALUES('738b7dd1-40d4-48dd-ab7f-9eef99507354', '0b278eff-7fc6-431d-aca0-cef462b2c8ef');
INSERT INTO address(id, version, address, date_created, last_updated, municipality_id, postal_code, settlement_id, state_id) VALUES('c7c9e9a4-962f-47e3-8fdb-dba33d0af38a', 0, '2A CERRADA CONSTITUCION No.  12', current_timestamp, current_timestamp, (select municipality_id from settlement where postal_code = '16440' limit 1), '16440', (select id from settlement where postal_code = '16440' limit 1), (select state_id from settlement where postal_code = '16440' limit 1));
INSERT INTO job_detail(id, version, base_salary, job_name, date_created, last_updated) VALUES('78e6ee47-51b9-46ef-9718-6ce945f0173f', 0, 4000.0, 'Operador', current_timestamp, current_timestamp);
INSERT INTO driver_license(id, version, antiqueness, date_created, last_updated, expedition, expiration, license_number, license_type) VALUES('8085dade-92ed-4619-9c82-e393e9d9097d', 0, current_timestamp, current_timestamp, current_timestamp, current_timestamp, date('6/17/16'), 'DF121478', 'A');
INSERT INTO individual(id, version, address_id, date_created, last_name, last_updated, name, second_last_name, class, driver_license_id, email, employee_position_id, employee_type, job_detail_id, personal_data_id, employee_number) VALUES('54a0acdd-1780-44f0-a548-2dde8d25d144', 0, 'c7c9e9a4-962f-47e3-8fdb-dba33d0af38a', current_timestamp, 'REYES', current_timestamp, 'JUAN MANUEL', 'URBINA', 'justcloud.tickets.domain.Employee', '8085dade-92ed-4619-9c82-e393e9d9097d', '', 'operator-id', 'REGULAR_EMPLOYEE', '78e6ee47-51b9-46ef-9718-6ce945f0173f', null, '2275');
INSERT INTO phone(id, version, date_created, last_updated, number, type) VALUES('d0a24b83-eb50-4575-b4eb-b7af734071c1', 0, current_timestamp, current_timestamp, ' 552 1569923', 'HOME');
INSERT INTO employee_phone(employee_phones_id, phone_id) VALUES('54a0acdd-1780-44f0-a548-2dde8d25d144', 'd0a24b83-eb50-4575-b4eb-b7af734071c1');
INSERT INTO phone(id, version, date_created, last_updated, number, type) VALUES('35a7fe34-10f6-43d4-81c6-85ba635de5cb', 0, current_timestamp, current_timestamp, ' 553  3796702', 'MOBILE');
INSERT INTO employee_phone(employee_phones_id, phone_id) VALUES('54a0acdd-1780-44f0-a548-2dde8d25d144', '35a7fe34-10f6-43d4-81c6-85ba635de5cb');
INSERT INTO address(id, version, address, date_created, last_updated, municipality_id, postal_code, settlement_id, state_id) VALUES('31e4e5f1-a9b2-46b9-b5a3-ec503270a9d1', 0, 'MATAMOROS No.  16', current_timestamp, current_timestamp, (select municipality_id from settlement where postal_code = '91070' limit 1), '91070', (select id from settlement where postal_code = '91070' limit 1), (select state_id from settlement where postal_code = '91070' limit 1));
INSERT INTO job_detail(id, version, base_salary, job_name, date_created, last_updated) VALUES('aaaabc88-3192-48e7-970d-cdea31b8a032', 0, 4000.0, 'Operador', current_timestamp, current_timestamp);
INSERT INTO driver_license(id, version, antiqueness, date_created, last_updated, expedition, expiration, license_number, license_type) VALUES('36e3ba08-5f6e-4edc-8485-a1d8a8048ff3', 0, current_timestamp, current_timestamp, current_timestamp, current_timestamp, date('1/5/16'), 'VER0102752', 'A');
INSERT INTO individual(id, version, address_id, date_created, last_name, last_updated, name, second_last_name, class, driver_license_id, email, employee_position_id, employee_type, job_detail_id, personal_data_id, employee_number) VALUES('ea6ad855-a85f-42d7-8087-a54765a5126d', 0, '31e4e5f1-a9b2-46b9-b5a3-ec503270a9d1', current_timestamp, 'RIVERA', current_timestamp, 'MIGUEL ANGEL', 'POZOS', 'justcloud.tickets.domain.Employee', '36e3ba08-5f6e-4edc-8485-a1d8a8048ff3', '', 'operator-id', 'REGULAR_EMPLOYEE', 'aaaabc88-3192-48e7-970d-cdea31b8a032', null, '2276');
INSERT INTO phone(id, version, date_created, last_updated, number, type) VALUES('8d098e83-ba5e-4588-a5c7-b81ea96e1978', 0, current_timestamp, current_timestamp, ' 228 8121456', 'HOME');
INSERT INTO employee_phone(employee_phones_id, phone_id) VALUES('ea6ad855-a85f-42d7-8087-a54765a5126d', '8d098e83-ba5e-4588-a5c7-b81ea96e1978');
INSERT INTO phone(id, version, date_created, last_updated, number, type) VALUES('d0198dbb-9569-4c0c-8b26-58bf9a95da93', 0, current_timestamp, current_timestamp, ' 228  2104672', 'MOBILE');
INSERT INTO employee_phone(employee_phones_id, phone_id) VALUES('ea6ad855-a85f-42d7-8087-a54765a5126d', 'd0198dbb-9569-4c0c-8b26-58bf9a95da93');
INSERT INTO address(id, version, address, date_created, last_updated, municipality_id, postal_code, settlement_id, state_id) VALUES('196cc8d9-6104-4008-b302-cb960ad5ea47', 0, 'MONTE POPOCATEPETL MZ. 480 LT.18', current_timestamp, current_timestamp, (select municipality_id from settlement where postal_code = '55070' limit 1), '55070', (select id from settlement where postal_code = '55070' limit 1), (select state_id from settlement where postal_code = '55070' limit 1));
INSERT INTO job_detail(id, version, base_salary, job_name, date_created, last_updated) VALUES('1efa54cd-44d1-4ca8-a2bc-6d40023d16f3', 0, 4000.0, 'Operador', current_timestamp, current_timestamp);
INSERT INTO driver_license(id, version, antiqueness, date_created, last_updated, expedition, expiration, license_number, license_type) VALUES('24f60b09-b2aa-4ac6-8d81-bdde2c4bf502', 0, current_timestamp, current_timestamp, current_timestamp, current_timestamp, date('10/4/18'), 'DF00191714', 'A');
INSERT INTO individual(id, version, address_id, date_created, last_name, last_updated, name, second_last_name, class, driver_license_id, email, employee_position_id, employee_type, job_detail_id, personal_data_id, employee_number) VALUES('84760e17-f358-4808-90d6-b3010816ed32', 0, '196cc8d9-6104-4008-b302-cb960ad5ea47', current_timestamp, 'PEREZ', current_timestamp, 'JOSE DANIEL', 'RUIZ', 'justcloud.tickets.domain.Employee', '24f60b09-b2aa-4ac6-8d81-bdde2c4bf502', '', 'operator-id', 'REGULAR_EMPLOYEE', '1efa54cd-44d1-4ca8-a2bc-6d40023d16f3', null, '2281');
INSERT INTO phone(id, version, date_created, last_updated, number, type) VALUES('32a636bc-9ebe-4364-80aa-ba6fbfcce50c', 0, current_timestamp, current_timestamp, ' 555 8376626', 'HOME');
INSERT INTO employee_phone(employee_phones_id, phone_id) VALUES('84760e17-f358-4808-90d6-b3010816ed32', '32a636bc-9ebe-4364-80aa-ba6fbfcce50c');
INSERT INTO phone(id, version, date_created, last_updated, number, type) VALUES('2c41229f-e3ab-4517-afdb-5b1e8ece04fd', 0, current_timestamp, current_timestamp, ' 556  5773933', 'MOBILE');
INSERT INTO employee_phone(employee_phones_id, phone_id) VALUES('84760e17-f358-4808-90d6-b3010816ed32', '2c41229f-e3ab-4517-afdb-5b1e8ece04fd');
INSERT INTO address(id, version, address, date_created, last_updated, municipality_id, postal_code, settlement_id, state_id) VALUES('5468e241-dcc5-4c9c-a096-9d6e3854e231', 0, '27-C No.  332', current_timestamp, current_timestamp, (select municipality_id from settlement where postal_code = '97173' limit 1), '97173', (select id from settlement where postal_code = '97173' limit 1), (select state_id from settlement where postal_code = '97173' limit 1));
INSERT INTO job_detail(id, version, base_salary, job_name, date_created, last_updated) VALUES('73d46148-cbbd-42ff-85de-e3730a13a686', 0, 4000.0, 'Operador', current_timestamp, current_timestamp);
INSERT INTO driver_license(id, version, antiqueness, date_created, last_updated, expedition, expiration, license_number, license_type) VALUES('9716728e-989c-42ce-831c-7288c18a58ad', 0, current_timestamp, current_timestamp, current_timestamp, current_timestamp, date('9/3/15'), 'YUC0007209', 'A');
INSERT INTO individual(id, version, address_id, date_created, last_name, last_updated, name, second_last_name, class, driver_license_id, email, employee_position_id, employee_type, job_detail_id, personal_data_id, employee_number) VALUES('0f3d6562-2d7c-4669-bfc6-0ed25cda6d88', 0, '5468e241-dcc5-4c9c-a096-9d6e3854e231', current_timestamp, 'CACEREZ', current_timestamp, 'HERBERT MANUEL', 'PACHECO', 'justcloud.tickets.domain.Employee', '9716728e-989c-42ce-831c-7288c18a58ad', '', 'operator-id', 'REGULAR_EMPLOYEE', '73d46148-cbbd-42ff-85de-e3730a13a686', null, '2280');
INSERT INTO phone(id, version, date_created, last_updated, number, type) VALUES('933e6436-fc78-4c08-b660-ab21a2613152', 0, current_timestamp, current_timestamp, ' 999 9834221', 'HOME');
INSERT INTO employee_phone(employee_phones_id, phone_id) VALUES('0f3d6562-2d7c-4669-bfc6-0ed25cda6d88', '933e6436-fc78-4c08-b660-ab21a2613152');
INSERT INTO phone(id, version, date_created, last_updated, number, type) VALUES('336095b3-b384-4180-afd8-e1c12514225b', 0, current_timestamp, current_timestamp, ' 999  1435631', 'MOBILE');
INSERT INTO employee_phone(employee_phones_id, phone_id) VALUES('0f3d6562-2d7c-4669-bfc6-0ed25cda6d88', '336095b3-b384-4180-afd8-e1c12514225b');
INSERT INTO address(id, version, address, date_created, last_updated, municipality_id, postal_code, settlement_id, state_id) VALUES('f162bd12-7419-434e-ba50-2679e03b7859', 0, 'CANCABCHEN M-72 L-40', current_timestamp, current_timestamp, (select municipality_id from settlement where postal_code = '24085' limit 1), '24085', (select id from settlement where postal_code = '24085' limit 1), (select state_id from settlement where postal_code = '24085' limit 1));
INSERT INTO job_detail(id, version, base_salary, job_name, date_created, last_updated) VALUES('da28a559-0957-4d7d-b5fe-ef14d2525356', 0, 4000.0, 'Operador', current_timestamp, current_timestamp);
INSERT INTO driver_license(id, version, antiqueness, date_created, last_updated, expedition, expiration, license_number, license_type) VALUES('24ac41ce-9d0d-4760-a70b-6a21d1ed56ab', 0, current_timestamp, current_timestamp, current_timestamp, current_timestamp, date('7/4/16'), 'YUC0009201', 'A');
INSERT INTO individual(id, version, address_id, date_created, last_name, last_updated, name, second_last_name, class, driver_license_id, email, employee_position_id, employee_type, job_detail_id, personal_data_id, employee_number) VALUES('6f80e538-fcb1-4f17-8867-99ab2f5c888c', 0, 'f162bd12-7419-434e-ba50-2679e03b7859', current_timestamp, 'RODRIGUEZ', current_timestamp, 'JOSE GABRIEL', 'BARBOSA', 'justcloud.tickets.domain.Employee', '24ac41ce-9d0d-4760-a70b-6a21d1ed56ab', '', 'operator-id', 'REGULAR_EMPLOYEE', 'da28a559-0957-4d7d-b5fe-ef14d2525356', null, '2283');
INSERT INTO phone(id, version, date_created, last_updated, number, type) VALUES('0c2c4921-db2c-42ed-a06d-857c63be41e1', 0, current_timestamp, current_timestamp, ' 981 8172888', 'HOME');
INSERT INTO employee_phone(employee_phones_id, phone_id) VALUES('6f80e538-fcb1-4f17-8867-99ab2f5c888c', '0c2c4921-db2c-42ed-a06d-857c63be41e1');
INSERT INTO phone(id, version, date_created, last_updated, number, type) VALUES('b5a848f7-f659-4f87-a6ca-39307fd1f111', 0, current_timestamp, current_timestamp, ' 981  1235270', 'MOBILE');
INSERT INTO employee_phone(employee_phones_id, phone_id) VALUES('6f80e538-fcb1-4f17-8867-99ab2f5c888c', 'b5a848f7-f659-4f87-a6ca-39307fd1f111');
INSERT INTO address(id, version, address, date_created, last_updated, municipality_id, postal_code, settlement_id, state_id) VALUES('720cb1d5-b63e-44fb-aec8-5504e19bae78', 0, 'CORNIZUELO  LT 29 MZ 106', current_timestamp, current_timestamp, (select municipality_id from settlement where postal_code = '91855' limit 1), '91855', (select id from settlement where postal_code = '91855' limit 1), (select state_id from settlement where postal_code = '91855' limit 1));
INSERT INTO job_detail(id, version, base_salary, job_name, date_created, last_updated) VALUES('7c48589d-73f8-44f9-98f2-3f252d2e5bff', 0, 4000.0, 'Operador', current_timestamp, current_timestamp);
INSERT INTO driver_license(id, version, antiqueness, date_created, last_updated, expedition, expiration, license_number, license_type) VALUES('01798731-7425-4dac-acde-0b9853d0791d', 0, current_timestamp, current_timestamp, current_timestamp, current_timestamp, date('2/28/17'), 'VER0120833', 'A');
INSERT INTO individual(id, version, address_id, date_created, last_name, last_updated, name, second_last_name, class, driver_license_id, email, employee_position_id, employee_type, job_detail_id, personal_data_id, employee_number) VALUES('33feb250-20aa-43ef-ba11-3349853f8e8e', 0, '720cb1d5-b63e-44fb-aec8-5504e19bae78', current_timestamp, 'CRUZ', current_timestamp, 'BRAULIO ENRIQUE', 'CORDERO', 'justcloud.tickets.domain.Employee', '01798731-7425-4dac-acde-0b9853d0791d', '', 'operator-id', 'REGULAR_EMPLOYEE', '7c48589d-73f8-44f9-98f2-3f252d2e5bff', null, '2297');
INSERT INTO phone(id, version, date_created, last_updated, number, type) VALUES('4004c2e4-3469-44eb-92a0-e72615371756', 0, current_timestamp, current_timestamp, ' 229  9162082', 'MOBILE');
INSERT INTO employee_phone(employee_phones_id, phone_id) VALUES('33feb250-20aa-43ef-ba11-3349853f8e8e', '4004c2e4-3469-44eb-92a0-e72615371756');
INSERT INTO address(id, version, address, date_created, last_updated, municipality_id, postal_code, settlement_id, state_id) VALUES('1aec73ba-eacb-4595-9391-8d816270d8b0', 0, 'PRIVADA FLOR DE ARTIGA No.  127', current_timestamp, current_timestamp, (select municipality_id from settlement where postal_code = '42186' limit 1), '42186', (select id from settlement where postal_code = '42186' limit 1), (select state_id from settlement where postal_code = '42186' limit 1));
INSERT INTO job_detail(id, version, base_salary, job_name, date_created, last_updated) VALUES('4262481f-cc10-47a1-85cd-9c1fc21e1e2f', 0, 4000.0, 'Operador', current_timestamp, current_timestamp);
INSERT INTO driver_license(id, version, antiqueness, date_created, last_updated, expedition, expiration, license_number, license_type) VALUES('ea1b044a-0b38-47b7-b986-f27f49a18d57', 0, current_timestamp, current_timestamp, current_timestamp, current_timestamp, date('5/10/16'), 'DF00227931', 'A');
INSERT INTO individual(id, version, address_id, date_created, last_name, last_updated, name, second_last_name, class, driver_license_id, email, employee_position_id, employee_type, job_detail_id, personal_data_id, employee_number) VALUES('9f3e4659-7dce-4456-8242-46f5d048303e', 0, '1aec73ba-eacb-4595-9391-8d816270d8b0', current_timestamp, 'SAUCEDO', current_timestamp, 'ALEJANDRO', 'AGUILAR', 'justcloud.tickets.domain.Employee', 'ea1b044a-0b38-47b7-b986-f27f49a18d57', '', 'operator-id', 'REGULAR_EMPLOYEE', '4262481f-cc10-47a1-85cd-9c1fc21e1e2f', null, '2298');
INSERT INTO phone(id, version, date_created, last_updated, number, type) VALUES('13781d79-b9bd-43c2-a6e1-4eb2efe5a355', 0, current_timestamp, current_timestamp, ' 773  1127764', 'MOBILE');
INSERT INTO employee_phone(employee_phones_id, phone_id) VALUES('9f3e4659-7dce-4456-8242-46f5d048303e', '13781d79-b9bd-43c2-a6e1-4eb2efe5a355');
INSERT INTO address(id, version, address, date_created, last_updated, municipality_id, postal_code, settlement_id, state_id) VALUES('9c2871b5-96c1-42d7-ba7c-284d0839f764', 0, 'VICENTE SUAREZ N 111', current_timestamp, current_timestamp, (select municipality_id from settlement where postal_code = '93300' limit 1), '93300', (select id from settlement where postal_code = '93300' limit 1), (select state_id from settlement where postal_code = '93300' limit 1));
INSERT INTO job_detail(id, version, base_salary, job_name, date_created, last_updated) VALUES('84f079d7-0dd6-4580-a3a6-f971cd7f6143', 0, 4000.0, 'Operador', current_timestamp, current_timestamp);
INSERT INTO driver_license(id, version, antiqueness, date_created, last_updated, expedition, expiration, license_number, license_type) VALUES('53e2235e-103e-426b-8739-71853f2d5724', 0, current_timestamp, current_timestamp, current_timestamp, current_timestamp, date('9/20/15'), 'VER204900', 'A');
INSERT INTO individual(id, version, address_id, date_created, last_name, last_updated, name, second_last_name, class, driver_license_id, email, employee_position_id, employee_type, job_detail_id, personal_data_id, employee_number) VALUES('028efd35-2a0e-4473-aa3f-ffae4a242546', 0, '9c2871b5-96c1-42d7-ba7c-284d0839f764', current_timestamp, 'HERNANDEZ', current_timestamp, 'MARCO ANTONIO', 'ALVAREZ', 'justcloud.tickets.domain.Employee', '53e2235e-103e-426b-8739-71853f2d5724', '', 'operator-id', 'REGULAR_EMPLOYEE', '84f079d7-0dd6-4580-a3a6-f971cd7f6143', null, '2299');
INSERT INTO phone(id, version, date_created, last_updated, number, type) VALUES('ffc3f4ef-69c9-403b-abd8-57747d28bfd0', 0, current_timestamp, current_timestamp, ' 782  8231387', 'HOME');
INSERT INTO employee_phone(employee_phones_id, phone_id) VALUES('028efd35-2a0e-4473-aa3f-ffae4a242546', 'ffc3f4ef-69c9-403b-abd8-57747d28bfd0');
INSERT INTO phone(id, version, date_created, last_updated, number, type) VALUES('6f33dd77-a863-49a8-99ce-1a50270e3642', 0, current_timestamp, current_timestamp, ' 782  1688912', 'MOBILE');
INSERT INTO employee_phone(employee_phones_id, phone_id) VALUES('028efd35-2a0e-4473-aa3f-ffae4a242546', '6f33dd77-a863-49a8-99ce-1a50270e3642');
INSERT INTO address(id, version, address, date_created, last_updated, municipality_id, postal_code, settlement_id, state_id) VALUES('891b055c-d78d-4615-bcf9-c4390fb718a5', 0, 'ANDADOR 3 EDIF. 5 DPTO- D', current_timestamp, current_timestamp, (select municipality_id from settlement where postal_code = '73800' limit 1), '73800', (select id from settlement where postal_code = '73800' limit 1), (select state_id from settlement where postal_code = '73800' limit 1));
INSERT INTO job_detail(id, version, base_salary, job_name, date_created, last_updated) VALUES('0cb1af95-e8d2-4168-a888-b369638cefad', 0, 4000.0, 'Operador', current_timestamp, current_timestamp);
INSERT INTO driver_license(id, version, antiqueness, date_created, last_updated, expedition, expiration, license_number, license_type) VALUES('c5b032d1-00bc-4d8c-91d7-eb1cbcb1e9b8', 0, current_timestamp, current_timestamp, current_timestamp, current_timestamp, date('5/6/15'), 'PUE0015800', 'A');
INSERT INTO individual(id, version, address_id, date_created, last_name, last_updated, name, second_last_name, class, driver_license_id, email, employee_position_id, employee_type, job_detail_id, personal_data_id, employee_number) VALUES('46ffd6f7-b86c-4174-acd5-867e6e13dfe1', 0, '891b055c-d78d-4615-bcf9-c4390fb718a5', current_timestamp, 'MOTA', current_timestamp, 'SALVADOR', 'MORALES', 'justcloud.tickets.domain.Employee', 'c5b032d1-00bc-4d8c-91d7-eb1cbcb1e9b8', '', 'operator-id', 'REGULAR_EMPLOYEE', '0cb1af95-e8d2-4168-a888-b369638cefad', null, '2300');
INSERT INTO phone(id, version, date_created, last_updated, number, type) VALUES('d077f8bd-34b5-4341-a82b-71e59c933547', 0, current_timestamp, current_timestamp, ' 782 8231387', 'HOME');
INSERT INTO employee_phone(employee_phones_id, phone_id) VALUES('46ffd6f7-b86c-4174-acd5-867e6e13dfe1', 'd077f8bd-34b5-4341-a82b-71e59c933547');
INSERT INTO phone(id, version, date_created, last_updated, number, type) VALUES('0fe8d981-c857-427c-a4b1-524ed9cfdfa9', 0, current_timestamp, current_timestamp, ' 782  1688912', 'MOBILE');
INSERT INTO employee_phone(employee_phones_id, phone_id) VALUES('46ffd6f7-b86c-4174-acd5-867e6e13dfe1', '0fe8d981-c857-427c-a4b1-524ed9cfdfa9');
INSERT INTO address(id, version, address, date_created, last_updated, municipality_id, postal_code, settlement_id, state_id) VALUES('d1de1dd5-022c-4fb2-9860-9a2b8a54231b', 0, 'PRIVADA CEIBA No.  116', current_timestamp, current_timestamp, (select municipality_id from settlement where postal_code = '62900' limit 1), '62900', (select id from settlement where postal_code = '62900' limit 1), (select state_id from settlement where postal_code = '62900' limit 1));
INSERT INTO job_detail(id, version, base_salary, job_name, date_created, last_updated) VALUES('a816f701-17cf-4928-9c0b-a980b730a824', 0, 4000.0, 'Operador', current_timestamp, current_timestamp);
INSERT INTO driver_license(id, version, antiqueness, date_created, last_updated, expedition, expiration, license_number, license_type) VALUES('494aa393-a460-4500-85a1-ef616d7ded58', 0, current_timestamp, current_timestamp, current_timestamp, current_timestamp, date('4/24/15'), 'HGO0012574', 'A');
INSERT INTO individual(id, version, address_id, date_created, last_name, last_updated, name, second_last_name, class, driver_license_id, email, employee_position_id, employee_type, job_detail_id, personal_data_id, employee_number) VALUES('dbfbec0a-ed0d-48ac-bdfb-59d09614286f', 0, 'd1de1dd5-022c-4fb2-9860-9a2b8a54231b', current_timestamp, 'VILLANUEVA', current_timestamp, 'JORGE ANDRES', 'ACEVEDO', 'justcloud.tickets.domain.Employee', '494aa393-a460-4500-85a1-ef616d7ded58', '', 'operator-id', 'REGULAR_EMPLOYEE', 'a816f701-17cf-4928-9c0b-a980b730a824', null, '2305');
INSERT INTO phone(id, version, date_created, last_updated, number, type) VALUES('64684cef-c6c5-4d7e-bed2-465f52b6fa0c', 0, current_timestamp, current_timestamp, ' 734 3426021', 'HOME');
INSERT INTO employee_phone(employee_phones_id, phone_id) VALUES('dbfbec0a-ed0d-48ac-bdfb-59d09614286f', '64684cef-c6c5-4d7e-bed2-465f52b6fa0c');
INSERT INTO phone(id, version, date_created, last_updated, number, type) VALUES('8d9fc950-e1cf-43f4-b09d-6568ae9ea5bf', 0, current_timestamp, current_timestamp, ' 734  1390070', 'MOBILE');
INSERT INTO employee_phone(employee_phones_id, phone_id) VALUES('dbfbec0a-ed0d-48ac-bdfb-59d09614286f', '8d9fc950-e1cf-43f4-b09d-6568ae9ea5bf');
INSERT INTO address(id, version, address, date_created, last_updated, municipality_id, postal_code, settlement_id, state_id) VALUES('37048161-706a-4079-b1fa-32a06a7db425', 0, 'AV. REVOLUCION No. 21', current_timestamp, current_timestamp, (select municipality_id from settlement where postal_code = '93620' limit 1), '93620', (select id from settlement where postal_code = '93620' limit 1), (select state_id from settlement where postal_code = '93620' limit 1));
INSERT INTO job_detail(id, version, base_salary, job_name, date_created, last_updated) VALUES('2830d393-315e-4702-a675-602c5c5fa47b', 0, 4000.0, 'Operador', current_timestamp, current_timestamp);
INSERT INTO driver_license(id, version, antiqueness, date_created, last_updated, expedition, expiration, license_number, license_type) VALUES('7c5c818b-9912-45e1-a8b1-7cf16f11a1a7', 0, current_timestamp, current_timestamp, current_timestamp, current_timestamp, date('11/4/15'), 'VER011765', 'A');
INSERT INTO individual(id, version, address_id, date_created, last_name, last_updated, name, second_last_name, class, driver_license_id, email, employee_position_id, employee_type, job_detail_id, personal_data_id, employee_number) VALUES('ca778a92-73a3-43ba-a39d-ba54c657e27d', 0, '37048161-706a-4079-b1fa-32a06a7db425', current_timestamp, 'ORTEGA', current_timestamp, 'JOSE LUIS', 'MOLINA', 'justcloud.tickets.domain.Employee', '7c5c818b-9912-45e1-a8b1-7cf16f11a1a7', '', 'operator-id', 'REGULAR_EMPLOYEE', '2830d393-315e-4702-a675-602c5c5fa47b', null, '2306');
INSERT INTO phone(id, version, date_created, last_updated, number, type) VALUES('f42f4774-2a56-49c8-96da-56d8a969d455', 0, current_timestamp, current_timestamp, ' 228  1072189', 'MOBILE');
INSERT INTO employee_phone(employee_phones_id, phone_id) VALUES('ca778a92-73a3-43ba-a39d-ba54c657e27d', 'f42f4774-2a56-49c8-96da-56d8a969d455');
INSERT INTO address(id, version, address, date_created, last_updated, municipality_id, postal_code, settlement_id, state_id) VALUES('9c8ee8bd-1bac-4056-842d-7fbeae60c618', 0, 'FERNANDO MONTES DE OCA No.  7', current_timestamp, current_timestamp, (select municipality_id from settlement where postal_code = '92900' limit 1), '92900', (select id from settlement where postal_code = '92900' limit 1), (select state_id from settlement where postal_code = '92900' limit 1));
INSERT INTO job_detail(id, version, base_salary, job_name, date_created, last_updated) VALUES('e63f2b84-ae11-48dd-978f-107a4bc6b61b', 0, 4000.0, 'Operador', current_timestamp, current_timestamp);
INSERT INTO driver_license(id, version, antiqueness, date_created, last_updated, expedition, expiration, license_number, license_type) VALUES('3d2ab4e8-eeed-40cf-8a9e-21af9dafcb9e', 0, current_timestamp, current_timestamp, current_timestamp, current_timestamp, date('9/21/15'), 'VER0209075', 'A');
INSERT INTO individual(id, version, address_id, date_created, last_name, last_updated, name, second_last_name, class, driver_license_id, email, employee_position_id, employee_type, job_detail_id, personal_data_id, employee_number) VALUES('b808494f-0e8c-4050-8571-4b79756c391d', 0, '9c8ee8bd-1bac-4056-842d-7fbeae60c618', current_timestamp, 'SANCHEZ', current_timestamp, 'JUAN ALBERTO', 'JACOME', 'justcloud.tickets.domain.Employee', '3d2ab4e8-eeed-40cf-8a9e-21af9dafcb9e', '', 'operator-id', 'REGULAR_EMPLOYEE', 'e63f2b84-ae11-48dd-978f-107a4bc6b61b', null, '2307');
INSERT INTO phone(id, version, date_created, last_updated, number, type) VALUES('a6c03b24-79dd-4577-953e-49c4a0fa0419', 0, current_timestamp, current_timestamp, ' 782 8256230', 'HOME');
INSERT INTO employee_phone(employee_phones_id, phone_id) VALUES('b808494f-0e8c-4050-8571-4b79756c391d', 'a6c03b24-79dd-4577-953e-49c4a0fa0419');
INSERT INTO phone(id, version, date_created, last_updated, number, type) VALUES('6374c42b-95fd-457d-9862-3c3c225f622b', 0, current_timestamp, current_timestamp, ' 782  1027733', 'MOBILE');
INSERT INTO employee_phone(employee_phones_id, phone_id) VALUES('b808494f-0e8c-4050-8571-4b79756c391d', '6374c42b-95fd-457d-9862-3c3c225f622b');
INSERT INTO address(id, version, address, date_created, last_updated, municipality_id, postal_code, settlement_id, state_id) VALUES('dbb74659-0caa-4157-876a-97c8cd970fdb', 0, 'BOLA DE ORONo.  89', current_timestamp, current_timestamp, (select municipality_id from settlement where postal_code = '07410' limit 1), '07410', (select id from settlement where postal_code = '07410' limit 1), (select state_id from settlement where postal_code = '07410' limit 1));
INSERT INTO job_detail(id, version, base_salary, job_name, date_created, last_updated) VALUES('7b5d5c63-b1ae-4cf9-802f-da9724bc682d', 0, 4000.0, 'Operador', current_timestamp, current_timestamp);
INSERT INTO driver_license(id, version, antiqueness, date_created, last_updated, expedition, expiration, license_number, license_type) VALUES('ae83fd22-3303-4756-a427-802c52da9c0a', 0, current_timestamp, current_timestamp, current_timestamp, current_timestamp, date('5/24/16'), 'DF116956', 'A');
INSERT INTO individual(id, version, address_id, date_created, last_name, last_updated, name, second_last_name, class, driver_license_id, email, employee_position_id, employee_type, job_detail_id, personal_data_id, employee_number) VALUES('1519f824-8bfd-458f-aadd-0b79ae5a694f', 0, 'dbb74659-0caa-4157-876a-97c8cd970fdb', current_timestamp, 'MORALES', current_timestamp, 'JUAN ALBERTO', 'TREVIÑO', 'justcloud.tickets.domain.Employee', 'ae83fd22-3303-4756-a427-802c52da9c0a', '', 'operator-id', 'REGULAR_EMPLOYEE', '7b5d5c63-b1ae-4cf9-802f-da9724bc682d', null, '2309');
INSERT INTO phone(id, version, date_created, last_updated, number, type) VALUES('f8b753d2-e81e-4830-bcb8-8d7348971de6', 0, current_timestamp, current_timestamp, ' 552 8152000', 'MOBILE');
INSERT INTO employee_phone(employee_phones_id, phone_id) VALUES('1519f824-8bfd-458f-aadd-0b79ae5a694f', 'f8b753d2-e81e-4830-bcb8-8d7348971de6');
INSERT INTO address(id, version, address, date_created, last_updated, municipality_id, postal_code, settlement_id, state_id) VALUES('f9bd1add-565b-41ff-8778-986969a106a5', 0, 'AV. 16 DE SEPTIEMBRE No.  22', current_timestamp, current_timestamp, (select municipality_id from settlement where postal_code = '56200' limit 1), '56200', (select id from settlement where postal_code = '56200' limit 1), (select state_id from settlement where postal_code = '56200' limit 1));
INSERT INTO job_detail(id, version, base_salary, job_name, date_created, last_updated) VALUES('8d9c8433-1b1c-4468-b87c-50d8545dc4bb', 0, 4000.0, 'Operador', current_timestamp, current_timestamp);
INSERT INTO driver_license(id, version, antiqueness, date_created, last_updated, expedition, expiration, license_number, license_type) VALUES('370af7af-bdaf-455f-bb34-b0d4e76abc2e', 0, current_timestamp, current_timestamp, current_timestamp, current_timestamp, date('3/9/16'), 'DF00124808', 'A');
INSERT INTO individual(id, version, address_id, date_created, last_name, last_updated, name, second_last_name, class, driver_license_id, email, employee_position_id, employee_type, job_detail_id, personal_data_id, employee_number) VALUES('4a1da3f8-d2cb-4049-83f6-49f1c503d382', 0, 'f9bd1add-565b-41ff-8778-986969a106a5', current_timestamp, 'RIVAS', current_timestamp, 'JOSE LUIS', 'URIBE', 'justcloud.tickets.domain.Employee', '370af7af-bdaf-455f-bb34-b0d4e76abc2e', '', 'operator-id', 'REGULAR_EMPLOYEE', '8d9c8433-1b1c-4468-b87c-50d8545dc4bb', null, '2310');
INSERT INTO phone(id, version, date_created, last_updated, number, type) VALUES('a66e777c-99ce-4539-be51-1f721b17aadc', 0, current_timestamp, current_timestamp, ' 595 9223402', 'HOME');
INSERT INTO employee_phone(employee_phones_id, phone_id) VALUES('4a1da3f8-d2cb-4049-83f6-49f1c503d382', 'a66e777c-99ce-4539-be51-1f721b17aadc');
INSERT INTO phone(id, version, date_created, last_updated, number, type) VALUES('226a2eab-c193-4591-bce9-8472c11c5c59', 0, current_timestamp, current_timestamp, ' 551  9296443', 'MOBILE');
INSERT INTO employee_phone(employee_phones_id, phone_id) VALUES('4a1da3f8-d2cb-4049-83f6-49f1c503d382', '226a2eab-c193-4591-bce9-8472c11c5c59');
INSERT INTO address(id, version, address, date_created, last_updated, municipality_id, postal_code, settlement_id, state_id) VALUES('1fafbe86-e101-40c7-b99b-daaf5ef86e85', 0, 'CONSUELO MARROQUIN S/N', current_timestamp, current_timestamp, (select municipality_id from settlement where postal_code = '93280' limit 1), '93280', (select id from settlement where postal_code = '93280' limit 1), (select state_id from settlement where postal_code = '93280' limit 1));
INSERT INTO job_detail(id, version, base_salary, job_name, date_created, last_updated) VALUES('4e36cc62-6142-4629-acf8-6c8c87126064', 0, 4000.0, 'Operador', current_timestamp, current_timestamp);
INSERT INTO driver_license(id, version, antiqueness, date_created, last_updated, expedition, expiration, license_number, license_type) VALUES('99c210ab-b293-43e3-a9ce-44028d81f4de', 0, current_timestamp, current_timestamp, current_timestamp, current_timestamp, date('5/27/16'), 'DF00160781', 'A');
INSERT INTO individual(id, version, address_id, date_created, last_name, last_updated, name, second_last_name, class, driver_license_id, email, employee_position_id, employee_type, job_detail_id, personal_data_id, employee_number) VALUES('ff08936d-a7c0-4f3e-94b8-09e610f395aa', 0, '1fafbe86-e101-40c7-b99b-daaf5ef86e85', current_timestamp, 'SALAZAR', current_timestamp, 'FRANCISCO JAVIER', 'HERNANDEZ', 'justcloud.tickets.domain.Employee', '99c210ab-b293-43e3-a9ce-44028d81f4de', '', 'operator-id', 'REGULAR_EMPLOYEE', '4e36cc62-6142-4629-acf8-6c8c87126064', null, '2311');
INSERT INTO phone(id, version, date_created, last_updated, number, type) VALUES('9427cf4c-97b0-4d4f-8d95-28531eec2045', 0, current_timestamp, current_timestamp, ' 782  1174740', 'MOBILE');
INSERT INTO employee_phone(employee_phones_id, phone_id) VALUES('ff08936d-a7c0-4f3e-94b8-09e610f395aa', '9427cf4c-97b0-4d4f-8d95-28531eec2045');
INSERT INTO address(id, version, address, date_created, last_updated, municipality_id, postal_code, settlement_id, state_id) VALUES('669fecdc-43cd-4b2c-bbe6-b752e2e8e2b4', 0, 'E CARRANZA No. 506', current_timestamp, current_timestamp, (select municipality_id from settlement where postal_code = '89450' limit 1), '89450', (select id from settlement where postal_code = '89450' limit 1), (select state_id from settlement where postal_code = '89450' limit 1));
INSERT INTO job_detail(id, version, base_salary, job_name, date_created, last_updated) VALUES('1596e997-9e93-4def-a604-4811ea0724f0', 0, 4000.0, 'Operador', current_timestamp, current_timestamp);
INSERT INTO driver_license(id, version, antiqueness, date_created, last_updated, expedition, expiration, license_number, license_type) VALUES('5f094f91-86d2-44b3-be27-346a5d025e0b', 0, current_timestamp, current_timestamp, current_timestamp, current_timestamp, date('6/21/16'), 'TAMP304108', 'A');
INSERT INTO individual(id, version, address_id, date_created, last_name, last_updated, name, second_last_name, class, driver_license_id, email, employee_position_id, employee_type, job_detail_id, personal_data_id, employee_number) VALUES('4d9b5fee-9c3f-4ddf-9d86-e2d9fdd2a067', 0, '669fecdc-43cd-4b2c-bbe6-b752e2e8e2b4', current_timestamp, 'CISNEROS', current_timestamp, 'ALVARO', 'GARCIA', 'justcloud.tickets.domain.Employee', '5f094f91-86d2-44b3-be27-346a5d025e0b', '', 'operator-id', 'REGULAR_EMPLOYEE', '1596e997-9e93-4def-a604-4811ea0724f0', null, '2312');
INSERT INTO phone(id, version, date_created, last_updated, number, type) VALUES('6cf8cc17-e21d-49c6-b539-9c84ace04a02', 0, current_timestamp, current_timestamp, ' 833  33511843023366', 'MOBILE');
INSERT INTO employee_phone(employee_phones_id, phone_id) VALUES('4d9b5fee-9c3f-4ddf-9d86-e2d9fdd2a067', '6cf8cc17-e21d-49c6-b539-9c84ace04a02');
INSERT INTO address(id, version, address, date_created, last_updated, municipality_id, postal_code, settlement_id, state_id) VALUES('46ba214e-e1c8-4831-aadc-2eb3b893f862', 0, 'CALLE 2-3 No.  105', current_timestamp, current_timestamp, (select municipality_id from settlement where postal_code = '24300' limit 1), '24300', (select id from settlement where postal_code = '24300' limit 1), (select state_id from settlement where postal_code = '24300' limit 1));
INSERT INTO job_detail(id, version, base_salary, job_name, date_created, last_updated) VALUES('5bb0bd60-03ed-4ce5-b46c-a93307bba1fe', 0, 4000.0, 'Operador', current_timestamp, current_timestamp);
INSERT INTO driver_license(id, version, antiqueness, date_created, last_updated, expedition, expiration, license_number, license_type) VALUES('2fdf7331-0035-4f30-bea4-30a0ec498dfd', 0, current_timestamp, current_timestamp, current_timestamp, current_timestamp, date('9/5/16'), 'CAMP001681', 'A');
INSERT INTO individual(id, version, address_id, date_created, last_name, last_updated, name, second_last_name, class, driver_license_id, email, employee_position_id, employee_type, job_detail_id, personal_data_id, employee_number) VALUES('74450660-3192-4e42-8c68-bd7ceeb197e2', 0, '46ba214e-e1c8-4831-aadc-2eb3b893f862', current_timestamp, 'GALLEGOS', current_timestamp, 'JOSE ANGEL', 'LOPEZ', 'justcloud.tickets.domain.Employee', '2fdf7331-0035-4f30-bea4-30a0ec498dfd', '', 'operator-id', 'REGULAR_EMPLOYEE', '5bb0bd60-03ed-4ce5-b46c-a93307bba1fe', null, '2316');
INSERT INTO phone(id, version, date_created, last_updated, number, type) VALUES('312895d1-6e3b-4f54-9e8d-2c189e448234', 0, current_timestamp, current_timestamp, ' 981 1442879', 'HOME');
INSERT INTO employee_phone(employee_phones_id, phone_id) VALUES('74450660-3192-4e42-8c68-bd7ceeb197e2', '312895d1-6e3b-4f54-9e8d-2c189e448234');
INSERT INTO phone(id, version, date_created, last_updated, number, type) VALUES('efa744cd-0534-4158-a482-b9f08511c4f5', 0, current_timestamp, current_timestamp, ' 981  1599090', 'MOBILE');
INSERT INTO employee_phone(employee_phones_id, phone_id) VALUES('74450660-3192-4e42-8c68-bd7ceeb197e2', 'efa744cd-0534-4158-a482-b9f08511c4f5');
INSERT INTO address(id, version, address, date_created, last_updated, municipality_id, postal_code, settlement_id, state_id) VALUES('ecafab12-b47e-48cd-90a2-6e1322c3d1f6', 0, 'CORREGIDORA No.  716', current_timestamp, current_timestamp, (select municipality_id from settlement where postal_code = '89520' limit 1), '89520', (select id from settlement where postal_code = '89520' limit 1), (select state_id from settlement where postal_code = '89520' limit 1));
INSERT INTO job_detail(id, version, base_salary, job_name, date_created, last_updated) VALUES('2b7c0a4c-1824-4f96-bc1a-ec909b0a39d9', 0, 4000.0, 'Operador', current_timestamp, current_timestamp);
INSERT INTO driver_license(id, version, antiqueness, date_created, last_updated, expedition, expiration, license_number, license_type) VALUES('61dd948d-e701-4ff5-b9ae-491de0209f93', 0, current_timestamp, current_timestamp, current_timestamp, current_timestamp, date('8/29/17'), 'TAMP312126', 'A');
INSERT INTO individual(id, version, address_id, date_created, last_name, last_updated, name, second_last_name, class, driver_license_id, email, employee_position_id, employee_type, job_detail_id, personal_data_id, employee_number) VALUES('7587bd7b-33cb-4488-b7b4-96fb5d7d47ec', 0, 'ecafab12-b47e-48cd-90a2-6e1322c3d1f6', current_timestamp, 'MORENO', current_timestamp, 'CASIMIRO', 'RAMOS', 'justcloud.tickets.domain.Employee', '61dd948d-e701-4ff5-b9ae-491de0209f93', '', 'operator-id', 'REGULAR_EMPLOYEE', '2b7c0a4c-1824-4f96-bc1a-ec909b0a39d9', null, '2317');
INSERT INTO phone(id, version, date_created, last_updated, number, type) VALUES('914ff37b-1203-440f-9369-14b7eaf130e1', 0, current_timestamp, current_timestamp, ' 833 2115828', 'HOME');
INSERT INTO employee_phone(employee_phones_id, phone_id) VALUES('7587bd7b-33cb-4488-b7b4-96fb5d7d47ec', '914ff37b-1203-440f-9369-14b7eaf130e1');
INSERT INTO phone(id, version, date_created, last_updated, number, type) VALUES('dac96388-46cf-490e-a749-70f377450237', 0, current_timestamp, current_timestamp, ' 833  1655135', 'MOBILE');
INSERT INTO employee_phone(employee_phones_id, phone_id) VALUES('7587bd7b-33cb-4488-b7b4-96fb5d7d47ec', 'dac96388-46cf-490e-a749-70f377450237');
INSERT INTO address(id, version, address, date_created, last_updated, municipality_id, postal_code, settlement_id, state_id) VALUES('5dca3e8c-c6d2-47ae-be3a-892ccb585e45', 0, 'AVENIDA 7 MZ. C LT. 11', current_timestamp, current_timestamp, (select municipality_id from settlement where postal_code = '55628' limit 1), '55628', (select id from settlement where postal_code = '55628' limit 1), (select state_id from settlement where postal_code = '55628' limit 1));
INSERT INTO job_detail(id, version, base_salary, job_name, date_created, last_updated) VALUES('6a0139a6-16be-46c0-a232-79574a65b38f', 0, 4000.0, 'Operador', current_timestamp, current_timestamp);
INSERT INTO driver_license(id, version, antiqueness, date_created, last_updated, expedition, expiration, license_number, license_type) VALUES('55ec5960-453e-4575-a55f-9948358b4031', 0, current_timestamp, current_timestamp, current_timestamp, current_timestamp, date('2/21/15'), 'HGO0009897', 'A');
INSERT INTO individual(id, version, address_id, date_created, last_name, last_updated, name, second_last_name, class, driver_license_id, email, employee_position_id, employee_type, job_detail_id, personal_data_id, employee_number) VALUES('653725f2-bb02-43c0-b985-08cdaf3bdc28', 0, '5dca3e8c-c6d2-47ae-be3a-892ccb585e45', current_timestamp, 'SALGADO', current_timestamp, 'MARTIN', 'PEÑAFIEL', 'justcloud.tickets.domain.Employee', '55ec5960-453e-4575-a55f-9948358b4031', '', 'operator-id', 'REGULAR_EMPLOYEE', '6a0139a6-16be-46c0-a232-79574a65b38f', null, '2323');
INSERT INTO phone(id, version, date_created, last_updated, number, type) VALUES('5256f8cf-193d-4445-9ce0-83f4ccfe2fb1', 0, current_timestamp, current_timestamp, ' 551  7787797', 'MOBILE');
INSERT INTO employee_phone(employee_phones_id, phone_id) VALUES('653725f2-bb02-43c0-b985-08cdaf3bdc28', '5256f8cf-193d-4445-9ce0-83f4ccfe2fb1');
INSERT INTO address(id, version, address, date_created, last_updated, municipality_id, postal_code, settlement_id, state_id) VALUES('46502f9c-8ccb-4189-8d6e-60fb3ee0ff63', 0, '16 DE SEPTIEMBRE No.  64', current_timestamp, current_timestamp, (select municipality_id from settlement where postal_code = '24187' limit 1), '24187', (select id from settlement where postal_code = '24187' limit 1), (select state_id from settlement where postal_code = '24187' limit 1));
INSERT INTO job_detail(id, version, base_salary, job_name, date_created, last_updated) VALUES('59fc1565-bcaf-42fe-b1dd-593744b84ad3', 0, 4000.0, 'Operador', current_timestamp, current_timestamp);
INSERT INTO driver_license(id, version, antiqueness, date_created, last_updated, expedition, expiration, license_number, license_type) VALUES('e97a851d-4720-49ed-b949-9dac3f2e8162', 0, current_timestamp, current_timestamp, current_timestamp, current_timestamp, date('2/10/15'), 'TAB0007361', 'A');
INSERT INTO individual(id, version, address_id, date_created, last_name, last_updated, name, second_last_name, class, driver_license_id, email, employee_position_id, employee_type, job_detail_id, personal_data_id, employee_number) VALUES('4aeb54c5-8d74-4aec-97ea-2d4afa7398ba', 0, '46502f9c-8ccb-4189-8d6e-60fb3ee0ff63', current_timestamp, 'AGUILAR', current_timestamp, 'JOSUE', 'PRIETO', 'justcloud.tickets.domain.Employee', 'e97a851d-4720-49ed-b949-9dac3f2e8162', '', 'operator-id', 'REGULAR_EMPLOYEE', '59fc1565-bcaf-42fe-b1dd-593744b84ad3', null, '2322');
INSERT INTO phone(id, version, date_created, last_updated, number, type) VALUES('b1881714-c3db-4779-843c-8d5b20dd0ad3', 0, current_timestamp, current_timestamp, ' 938 1530171', 'HOME');
INSERT INTO employee_phone(employee_phones_id, phone_id) VALUES('4aeb54c5-8d74-4aec-97ea-2d4afa7398ba', 'b1881714-c3db-4779-843c-8d5b20dd0ad3');
INSERT INTO phone(id, version, date_created, last_updated, number, type) VALUES('1231486a-adb7-4b44-804c-708af084d3a8', 0, current_timestamp, current_timestamp, ' 938 1018533', 'MOBILE');
INSERT INTO employee_phone(employee_phones_id, phone_id) VALUES('4aeb54c5-8d74-4aec-97ea-2d4afa7398ba', '1231486a-adb7-4b44-804c-708af084d3a8');
INSERT INTO address(id, version, address, date_created, last_updated, municipality_id, postal_code, settlement_id, state_id) VALUES('cfd7728f-9d0a-4d8f-bcb5-0804e0d568e0', 0, 'MONTESILLOS No.  231', current_timestamp, current_timestamp, (select municipality_id from settlement where postal_code = '89603' limit 1), '89603', (select id from settlement where postal_code = '89603' limit 1), (select state_id from settlement where postal_code = '89603' limit 1));
INSERT INTO job_detail(id, version, base_salary, job_name, date_created, last_updated) VALUES('188c990c-4471-4ff4-ae25-7b4b709e1f9d', 0, 4000.0, 'Operador', current_timestamp, current_timestamp);
INSERT INTO driver_license(id, version, antiqueness, date_created, last_updated, expedition, expiration, license_number, license_type) VALUES('3a0f3cea-a1c0-4cb0-bcd6-36055a5f133f', 0, current_timestamp, current_timestamp, current_timestamp, current_timestamp, date('10/7/16'), 'TAMP314196', 'A');
INSERT INTO individual(id, version, address_id, date_created, last_name, last_updated, name, second_last_name, class, driver_license_id, email, employee_position_id, employee_type, job_detail_id, personal_data_id, employee_number) VALUES('2c00f9ac-6082-4899-9c9f-32685a1fec7a', 0, 'cfd7728f-9d0a-4d8f-bcb5-0804e0d568e0', current_timestamp, 'QUEVEDO', current_timestamp, 'JUAN JOSE', 'AGUILAR', 'justcloud.tickets.domain.Employee', '3a0f3cea-a1c0-4cb0-bcd6-36055a5f133f', '', 'operator-id', 'REGULAR_EMPLOYEE', '188c990c-4471-4ff4-ae25-7b4b709e1f9d', null, '2326');
INSERT INTO phone(id, version, date_created, last_updated, number, type) VALUES('7a4238e1-afde-405b-8705-f2fcda61a924', 0, current_timestamp, current_timestamp, ' 833  2029908', 'MOBILE');
INSERT INTO employee_phone(employee_phones_id, phone_id) VALUES('2c00f9ac-6082-4899-9c9f-32685a1fec7a', '7a4238e1-afde-405b-8705-f2fcda61a924');
INSERT INTO address(id, version, address, date_created, last_updated, municipality_id, postal_code, settlement_id, state_id) VALUES('ff1076e0-4977-4d53-80a6-c68177d01296', 0, 'ALTAMIRA No.  239', current_timestamp, current_timestamp, (select municipality_id from settlement where postal_code = '86100' limit 1), '86100', (select id from settlement where postal_code = '86100' limit 1), (select state_id from settlement where postal_code = '86100' limit 1));
INSERT INTO job_detail(id, version, base_salary, job_name, date_created, last_updated) VALUES('41dcbcc3-11cc-4910-babc-fca90649ffa1', 0, 4000.0, 'Operador', current_timestamp, current_timestamp);
INSERT INTO driver_license(id, version, antiqueness, date_created, last_updated, expedition, expiration, license_number, license_type) VALUES('06241fa9-8f3d-49c2-8863-1ee06bf25bc8', 0, current_timestamp, current_timestamp, current_timestamp, current_timestamp, date('3/17/16'), 'TAB0000619', 'A');
INSERT INTO individual(id, version, address_id, date_created, last_name, last_updated, name, second_last_name, class, driver_license_id, email, employee_position_id, employee_type, job_detail_id, personal_data_id, employee_number) VALUES('38676d46-b137-4bc2-849a-94c4f461d86f', 0, 'ff1076e0-4977-4d53-80a6-c68177d01296', current_timestamp, 'GUTIERREZ', current_timestamp, 'JOSE ALFREDO', 'OVANDO', 'justcloud.tickets.domain.Employee', '06241fa9-8f3d-49c2-8863-1ee06bf25bc8', '', 'operator-id', 'REGULAR_EMPLOYEE', '41dcbcc3-11cc-4910-babc-fca90649ffa1', null, '2331');
INSERT INTO phone(id, version, date_created, last_updated, number, type) VALUES('f96e6a99-c615-4b91-80c2-6a9f0a9761bd', 0, current_timestamp, current_timestamp, ' 993  2414747', 'MOBILE');
INSERT INTO employee_phone(employee_phones_id, phone_id) VALUES('38676d46-b137-4bc2-849a-94c4f461d86f', 'f96e6a99-c615-4b91-80c2-6a9f0a9761bd');
INSERT INTO address(id, version, address, date_created, last_updated, municipality_id, postal_code, settlement_id, state_id) VALUES('fa02695d-a0b3-4a9c-8b75-4de91f5f41ff', 0, 'GIL Y ZAENZ S/N', current_timestamp, current_timestamp, (select municipality_id from settlement where postal_code = '86725' limit 1), '86725', (select id from settlement where postal_code = '86725' limit 1), (select state_id from settlement where postal_code = '86725' limit 1));
INSERT INTO job_detail(id, version, base_salary, job_name, date_created, last_updated) VALUES('5b769b81-79ef-49c6-a2f4-cc8532a97ec7', 0, 4000.0, 'Operador', current_timestamp, current_timestamp);
INSERT INTO driver_license(id, version, antiqueness, date_created, last_updated, expedition, expiration, license_number, license_type) VALUES('efa904a3-619b-4759-b5a2-206371dbaa2c', 0, current_timestamp, current_timestamp, current_timestamp, current_timestamp, date('10/3/14'), 'TAB0007927', 'A');
INSERT INTO individual(id, version, address_id, date_created, last_name, last_updated, name, second_last_name, class, driver_license_id, email, employee_position_id, employee_type, job_detail_id, personal_data_id, employee_number) VALUES('681f61d7-09dd-4cd3-a36d-52bb5a640965', 0, 'fa02695d-a0b3-4a9c-8b75-4de91f5f41ff', current_timestamp, 'HERNANDEZ', current_timestamp, 'ISABEL', 'CHABLE', 'justcloud.tickets.domain.Employee', 'efa904a3-619b-4759-b5a2-206371dbaa2c', '', 'operator-id', 'REGULAR_EMPLOYEE', '5b769b81-79ef-49c6-a2f4-cc8532a97ec7', null, '2332');
INSERT INTO phone(id, version, date_created, last_updated, number, type) VALUES('9c2660c7-5f13-43bc-b72d-0c3724ce959d', 0, current_timestamp, current_timestamp, ' 936  1116730', 'MOBILE');
INSERT INTO employee_phone(employee_phones_id, phone_id) VALUES('681f61d7-09dd-4cd3-a36d-52bb5a640965', '9c2660c7-5f13-43bc-b72d-0c3724ce959d');
INSERT INTO address(id, version, address, date_created, last_updated, municipality_id, postal_code, settlement_id, state_id) VALUES('bcff21eb-2912-4c9c-b23c-14a6b24a039a', 0, 'TREN 101 No.   7', current_timestamp, current_timestamp, (select municipality_id from settlement where postal_code = '91120' limit 1), '91120', (select id from settlement where postal_code = '91120' limit 1), (select state_id from settlement where postal_code = '91120' limit 1));
INSERT INTO job_detail(id, version, base_salary, job_name, date_created, last_updated) VALUES('21c6ca15-007e-477c-a78d-305360371e18', 0, 4000.0, 'Operador', current_timestamp, current_timestamp);
INSERT INTO driver_license(id, version, antiqueness, date_created, last_updated, expedition, expiration, license_number, license_type) VALUES('d40f6868-25d3-4c86-8421-ead332f4d37e', 0, current_timestamp, current_timestamp, current_timestamp, current_timestamp, date('3/21/16'), 'VER0135154', 'A');
INSERT INTO individual(id, version, address_id, date_created, last_name, last_updated, name, second_last_name, class, driver_license_id, email, employee_position_id, employee_type, job_detail_id, personal_data_id, employee_number) VALUES('2ea32415-3314-489f-a07e-d85007ff4843', 0, 'bcff21eb-2912-4c9c-b23c-14a6b24a039a', current_timestamp, 'CARCAMO', current_timestamp, 'ADRIAN', 'RAMOS', 'justcloud.tickets.domain.Employee', 'd40f6868-25d3-4c86-8421-ead332f4d37e', '', 'operator-id', 'REGULAR_EMPLOYEE', '21c6ca15-007e-477c-a78d-305360371e18', null, '2329');
INSERT INTO phone(id, version, date_created, last_updated, number, type) VALUES('b2c8238d-2b22-4c4f-8836-10baa6e23194', 0, current_timestamp, current_timestamp, ' 228  8901246', 'HOME');
INSERT INTO employee_phone(employee_phones_id, phone_id) VALUES('2ea32415-3314-489f-a07e-d85007ff4843', 'b2c8238d-2b22-4c4f-8836-10baa6e23194');
INSERT INTO phone(id, version, date_created, last_updated, number, type) VALUES('a3b35abb-526d-420a-b862-a1af19507a11', 0, current_timestamp, current_timestamp, ' 228  8604371', 'MOBILE');
INSERT INTO employee_phone(employee_phones_id, phone_id) VALUES('2ea32415-3314-489f-a07e-d85007ff4843', 'a3b35abb-526d-420a-b862-a1af19507a11');
INSERT INTO address(id, version, address, date_created, last_updated, municipality_id, postal_code, settlement_id, state_id) VALUES('18547185-7f35-4dff-a024-2b2357fabc34', 0, 'NOCHE BUENA No.   1541', current_timestamp, current_timestamp, (select municipality_id from settlement where postal_code = '89602' limit 1), '89602', (select id from settlement where postal_code = '89602' limit 1), (select state_id from settlement where postal_code = '89602' limit 1));
INSERT INTO job_detail(id, version, base_salary, job_name, date_created, last_updated) VALUES('a8b858d4-4535-4fdd-8a39-23c0a5511c21', 0, 4000.0, 'Operador', current_timestamp, current_timestamp);
INSERT INTO driver_license(id, version, antiqueness, date_created, last_updated, expedition, expiration, license_number, license_type) VALUES('11d5c587-d82c-415a-8fca-4faccb8f27ff', 0, current_timestamp, current_timestamp, current_timestamp, current_timestamp, date('1/18/16'), 'TAMP310174', 'A');
INSERT INTO individual(id, version, address_id, date_created, last_name, last_updated, name, second_last_name, class, driver_license_id, email, employee_position_id, employee_type, job_detail_id, personal_data_id, employee_number) VALUES('0518bb2f-ef7e-4251-b69b-5c989b78c3c5', 0, '18547185-7f35-4dff-a024-2b2357fabc34', current_timestamp, 'CRUZ', current_timestamp, 'JONATHAN', 'BETANCOURT', 'justcloud.tickets.domain.Employee', '11d5c587-d82c-415a-8fca-4faccb8f27ff', '', 'operator-id', 'REGULAR_EMPLOYEE', 'a8b858d4-4535-4fdd-8a39-23c0a5511c21', null, '2330');
INSERT INTO phone(id, version, date_created, last_updated, number, type) VALUES('2e1764e0-ddee-40c5-8a6c-8ac90ac12df4', 0, current_timestamp, current_timestamp, ' 833  2163770', 'HOME');
INSERT INTO employee_phone(employee_phones_id, phone_id) VALUES('0518bb2f-ef7e-4251-b69b-5c989b78c3c5', '2e1764e0-ddee-40c5-8a6c-8ac90ac12df4');
INSERT INTO phone(id, version, date_created, last_updated, number, type) VALUES('701837cb-a61d-4567-bab4-d117e1386567', 0, current_timestamp, current_timestamp, ' 552  2472696', 'MOBILE');
INSERT INTO employee_phone(employee_phones_id, phone_id) VALUES('0518bb2f-ef7e-4251-b69b-5c989b78c3c5', '701837cb-a61d-4567-bab4-d117e1386567');
INSERT INTO address(id, version, address, date_created, last_updated, municipality_id, postal_code, settlement_id, state_id) VALUES('5fe7042c-4351-44a9-b1ff-84fd10093122', 0, 'CA31CN No.  334', current_timestamp, current_timestamp, (select municipality_id from settlement where postal_code = '24170' limit 1), '24170', (select id from settlement where postal_code = '24170' limit 1), (select state_id from settlement where postal_code = '24170' limit 1));
INSERT INTO job_detail(id, version, base_salary, job_name, date_created, last_updated) VALUES('88349c05-9b20-41c7-a6db-e63b8f045856', 0, 4000.0, 'Operador', current_timestamp, current_timestamp);
INSERT INTO driver_license(id, version, antiqueness, date_created, last_updated, expedition, expiration, license_number, license_type) VALUES('cd79d499-d7d4-49a0-bd4c-3759ab864ad8', 0, current_timestamp, current_timestamp, current_timestamp, current_timestamp, date('7/9/18'), 'TAB0004025', 'A');
INSERT INTO individual(id, version, address_id, date_created, last_name, last_updated, name, second_last_name, class, driver_license_id, email, employee_position_id, employee_type, job_detail_id, personal_data_id, employee_number) VALUES('dd606529-2f53-4baf-9c20-62db48bb000f', 0, '5fe7042c-4351-44a9-b1ff-84fd10093122', current_timestamp, 'CASTILLO', current_timestamp, 'JORGE RAMON', 'LOPEZ', 'justcloud.tickets.domain.Employee', 'cd79d499-d7d4-49a0-bd4c-3759ab864ad8', '', 'operator-id', 'REGULAR_EMPLOYEE', '88349c05-9b20-41c7-a6db-e63b8f045856', null, '2328');
INSERT INTO phone(id, version, date_created, last_updated, number, type) VALUES('061dd554-6357-4c1c-81b3-83baf5263857', 0, current_timestamp, current_timestamp, ' 938 3823245', 'HOME');
INSERT INTO employee_phone(employee_phones_id, phone_id) VALUES('dd606529-2f53-4baf-9c20-62db48bb000f', '061dd554-6357-4c1c-81b3-83baf5263857');
INSERT INTO phone(id, version, date_created, last_updated, number, type) VALUES('27d428fa-c2ea-4954-9b4f-d2fec8676870', 0, current_timestamp, current_timestamp, ' 937  412988', 'MOBILE');
INSERT INTO employee_phone(employee_phones_id, phone_id) VALUES('dd606529-2f53-4baf-9c20-62db48bb000f', '27d428fa-c2ea-4954-9b4f-d2fec8676870');
INSERT INTO address(id, version, address, date_created, last_updated, municipality_id, postal_code, settlement_id, state_id) VALUES('b05413d2-a803-4e56-85a2-f8d3cf820390', 0, 'CALLE 75 No.  650', current_timestamp, current_timestamp, (select municipality_id from settlement where postal_code = '97314' limit 1), '97314', (select id from settlement where postal_code = '97314' limit 1), (select state_id from settlement where postal_code = '97314' limit 1));
INSERT INTO job_detail(id, version, base_salary, job_name, date_created, last_updated) VALUES('95c0fbee-3600-4346-aa1d-61f5e8080f37', 0, 4000.0, 'Operador', current_timestamp, current_timestamp);
INSERT INTO driver_license(id, version, antiqueness, date_created, last_updated, expedition, expiration, license_number, license_type) VALUES('107f23c2-92c8-4a24-bfc0-279d5b4317cc', 0, current_timestamp, current_timestamp, current_timestamp, current_timestamp, date('12/6/15'), 'YUC0010586', 'A');
INSERT INTO individual(id, version, address_id, date_created, last_name, last_updated, name, second_last_name, class, driver_license_id, email, employee_position_id, employee_type, job_detail_id, personal_data_id, employee_number) VALUES('3edcf506-e7b4-4df4-bde2-10b41794e9c3', 0, 'b05413d2-a803-4e56-85a2-f8d3cf820390', current_timestamp, 'MARTINEZ', current_timestamp, 'JOAQUIN ANDRES', 'MARTINEZ', 'justcloud.tickets.domain.Employee', '107f23c2-92c8-4a24-bfc0-279d5b4317cc', '', 'operator-id', 'REGULAR_EMPLOYEE', '95c0fbee-3600-4346-aa1d-61f5e8080f37', null, '2333');
INSERT INTO phone(id, version, date_created, last_updated, number, type) VALUES('d7797b3e-c7a1-4963-a5e6-b49e003e209a', 0, current_timestamp, current_timestamp, ' 986  1017060', 'MOBILE');
INSERT INTO employee_phone(employee_phones_id, phone_id) VALUES('3edcf506-e7b4-4df4-bde2-10b41794e9c3', 'd7797b3e-c7a1-4963-a5e6-b49e003e209a');
INSERT INTO address(id, version, address, date_created, last_updated, municipality_id, postal_code, settlement_id, state_id) VALUES('ba51307d-af94-48a9-920d-8943a3018cf6', 0, 'CORREGIDORA No.  805', current_timestamp, current_timestamp, (select municipality_id from settlement where postal_code = '89560' limit 1), '89560', (select id from settlement where postal_code = '89560' limit 1), (select state_id from settlement where postal_code = '89560' limit 1));
INSERT INTO job_detail(id, version, base_salary, job_name, date_created, last_updated) VALUES('3e2e7e72-517a-4015-b115-300de0c28af2', 0, 4000.0, 'Operador', current_timestamp, current_timestamp);
INSERT INTO driver_license(id, version, antiqueness, date_created, last_updated, expedition, expiration, license_number, license_type) VALUES('bfa3e5ea-aab1-4ce2-8a5e-a2bfae1e816c', 0, current_timestamp, current_timestamp, current_timestamp, current_timestamp, date('5/10/17'), 'TAMP106855', 'A');
INSERT INTO individual(id, version, address_id, date_created, last_name, last_updated, name, second_last_name, class, driver_license_id, email, employee_position_id, employee_type, job_detail_id, personal_data_id, employee_number) VALUES('4be98e49-b4cc-40e2-b15b-99d99064acc6', 0, 'ba51307d-af94-48a9-920d-8943a3018cf6', current_timestamp, 'MIRELES', current_timestamp, 'CARLOS RAUL', 'MARTINEZ', 'justcloud.tickets.domain.Employee', 'bfa3e5ea-aab1-4ce2-8a5e-a2bfae1e816c', '', 'operator-id', 'REGULAR_EMPLOYEE', '3e2e7e72-517a-4015-b115-300de0c28af2', null, '2334');
INSERT INTO phone(id, version, date_created, last_updated, number, type) VALUES('d4dd32dc-8b45-4195-96bf-103eb53019cf', 0, current_timestamp, current_timestamp, ' 833  1075544', 'MOBILE');
INSERT INTO employee_phone(employee_phones_id, phone_id) VALUES('4be98e49-b4cc-40e2-b15b-99d99064acc6', 'd4dd32dc-8b45-4195-96bf-103eb53019cf');
INSERT INTO address(id, version, address, date_created, last_updated, municipality_id, postal_code, settlement_id, state_id) VALUES('27d35c6a-e910-475b-a1bb-a13f77554ec2', 0, 'PINO SUAREZ S/N', current_timestamp, current_timestamp, (select municipality_id from settlement where postal_code = '86761' limit 1), '86761', (select id from settlement where postal_code = '86761' limit 1), (select state_id from settlement where postal_code = '86761' limit 1));
INSERT INTO job_detail(id, version, base_salary, job_name, date_created, last_updated) VALUES('ad6ddf38-e0cc-4859-bd85-4718c33a850f', 0, 4000.0, 'Operador', current_timestamp, current_timestamp);
INSERT INTO driver_license(id, version, antiqueness, date_created, last_updated, expedition, expiration, license_number, license_type) VALUES('5f95a366-e1f3-4007-824b-d8fd25e2b908', 0, current_timestamp, current_timestamp, current_timestamp, current_timestamp, date('7/22/19'), 'TAB0006402', 'A');
INSERT INTO individual(id, version, address_id, date_created, last_name, last_updated, name, second_last_name, class, driver_license_id, email, employee_position_id, employee_type, job_detail_id, personal_data_id, employee_number) VALUES('408c762b-dca0-4891-b7d5-1e861d746939', 0, '27d35c6a-e910-475b-a1bb-a13f77554ec2', current_timestamp, 'SANCHEZ', current_timestamp, 'JOEL', 'GALLEGOS', 'justcloud.tickets.domain.Employee', '5f95a366-e1f3-4007-824b-d8fd25e2b908', '', 'operator-id', 'REGULAR_EMPLOYEE', 'ad6ddf38-e0cc-4859-bd85-4718c33a850f', null, '2339');
INSERT INTO phone(id, version, date_created, last_updated, number, type) VALUES('640eafae-1635-4e8d-93cf-9d43a56c2d57', 0, current_timestamp, current_timestamp, ' 913  4033746', 'MOBILE');
INSERT INTO employee_phone(employee_phones_id, phone_id) VALUES('408c762b-dca0-4891-b7d5-1e861d746939', '640eafae-1635-4e8d-93cf-9d43a56c2d57');
INSERT INTO address(id, version, address, date_created, last_updated, municipality_id, postal_code, settlement_id, state_id) VALUES('111a6bf7-8135-477a-b542-eb03d3513326', 0, 'SAN ANTONIO DE PADUA MZ 5 LT 6 CASA 22', current_timestamp, current_timestamp, (select municipality_id from settlement where postal_code = '54745' limit 1), '54745', (select id from settlement where postal_code = '54745' limit 1), (select state_id from settlement where postal_code = '54745' limit 1));
INSERT INTO job_detail(id, version, base_salary, job_name, date_created, last_updated) VALUES('228c4ba5-3cd1-4f80-b34d-8d770f1a8409', 0, 4000.0, 'Operador', current_timestamp, current_timestamp);
INSERT INTO driver_license(id, version, antiqueness, date_created, last_updated, expedition, expiration, license_number, license_type) VALUES('9793e7d5-5439-48de-98ed-a148658487c2', 0, current_timestamp, current_timestamp, current_timestamp, current_timestamp, date('1/19/16'), 'DF00131906', 'A');
INSERT INTO individual(id, version, address_id, date_created, last_name, last_updated, name, second_last_name, class, driver_license_id, email, employee_position_id, employee_type, job_detail_id, personal_data_id, employee_number) VALUES('b67019e3-5aef-4407-adba-f015afcb6447', 0, '111a6bf7-8135-477a-b542-eb03d3513326', current_timestamp, 'OLGUIN', current_timestamp, 'ISMAEL', 'LUNA', 'justcloud.tickets.domain.Employee', '9793e7d5-5439-48de-98ed-a148658487c2', '', 'operator-id', 'REGULAR_EMPLOYEE', '228c4ba5-3cd1-4f80-b34d-8d770f1a8409', null, '2341');
INSERT INTO phone(id, version, date_created, last_updated, number, type) VALUES('55e55eec-2bb9-4100-a9fc-098ad4d00a1e', 0, current_timestamp, current_timestamp, ' 55 58191057', 'HOME');
INSERT INTO employee_phone(employee_phones_id, phone_id) VALUES('b67019e3-5aef-4407-adba-f015afcb6447', '55e55eec-2bb9-4100-a9fc-098ad4d00a1e');
INSERT INTO phone(id, version, date_created, last_updated, number, type) VALUES('d6a0c478-cf8b-4060-87e4-3d69227e9c37', 0, current_timestamp, current_timestamp, ' 044  5542548008', 'MOBILE');
INSERT INTO employee_phone(employee_phones_id, phone_id) VALUES('b67019e3-5aef-4407-adba-f015afcb6447', 'd6a0c478-cf8b-4060-87e4-3d69227e9c37');
INSERT INTO address(id, version, address, date_created, last_updated, municipality_id, postal_code, settlement_id, state_id) VALUES('97cda9b1-8155-4430-b816-b0d9bdc901f2', 0, 'FTE HOTEL POSADAS S/N', current_timestamp, current_timestamp, (select municipality_id from settlement where postal_code = '93585' limit 1), '93585', (select id from settlement where postal_code = '93585' limit 1), (select state_id from settlement where postal_code = '93585' limit 1));
INSERT INTO job_detail(id, version, base_salary, job_name, date_created, last_updated) VALUES('68bc1fec-0946-46ad-b7e9-a79d12f8deda', 0, 4000.0, 'Operador', current_timestamp, current_timestamp);
INSERT INTO driver_license(id, version, antiqueness, date_created, last_updated, expedition, expiration, license_number, license_type) VALUES('1a039e87-86e8-41c2-9f70-7d89a0595db7', 0, current_timestamp, current_timestamp, current_timestamp, current_timestamp, date('10/28/15'), 'CHIS007545', 'A');
INSERT INTO individual(id, version, address_id, date_created, last_name, last_updated, name, second_last_name, class, driver_license_id, email, employee_position_id, employee_type, job_detail_id, personal_data_id, employee_number) VALUES('c645483b-6221-4cb6-91d4-5b1041d31886', 0, '97cda9b1-8155-4430-b816-b0d9bdc901f2', current_timestamp, 'ROMERO', current_timestamp, 'RODOLFO', 'PALMA', 'justcloud.tickets.domain.Employee', '1a039e87-86e8-41c2-9f70-7d89a0595db7', '', 'operator-id', 'REGULAR_EMPLOYEE', '68bc1fec-0946-46ad-b7e9-a79d12f8deda', null, '2343');
INSERT INTO phone(id, version, date_created, last_updated, number, type) VALUES('8bbdc346-e105-4aeb-9591-4ad38b8300c1', 0, current_timestamp, current_timestamp, ' 222  3051037', 'MOBILE');
INSERT INTO employee_phone(employee_phones_id, phone_id) VALUES('c645483b-6221-4cb6-91d4-5b1041d31886', '8bbdc346-e105-4aeb-9591-4ad38b8300c1');
INSERT INTO address(id, version, address, date_created, last_updated, municipality_id, postal_code, settlement_id, state_id) VALUES('f8ccce07-210c-4032-ba5a-1a1fdc721e24', 0, 'CALLE VIALIDAD No. 134', current_timestamp, current_timestamp, (select municipality_id from settlement where postal_code = '89600' limit 1), '89600', (select id from settlement where postal_code = '89600' limit 1), (select state_id from settlement where postal_code = '89600' limit 1));
INSERT INTO job_detail(id, version, base_salary, job_name, date_created, last_updated) VALUES('5f3d4fc8-d5d1-4b36-8c19-82fd7e7728a2', 0, 4000.0, 'Operador', current_timestamp, current_timestamp);
INSERT INTO driver_license(id, version, antiqueness, date_created, last_updated, expedition, expiration, license_number, license_type) VALUES('f9505ba9-79ca-4dfe-b099-b3a2d65f1a6a', 0, current_timestamp, current_timestamp, current_timestamp, current_timestamp, date('2/16/17'), 'VER0206988', 'A');
INSERT INTO individual(id, version, address_id, date_created, last_name, last_updated, name, second_last_name, class, driver_license_id, email, employee_position_id, employee_type, job_detail_id, personal_data_id, employee_number) VALUES('aed8edc6-e7d4-4c59-a385-17895cad1e2c', 0, 'f8ccce07-210c-4032-ba5a-1a1fdc721e24', current_timestamp, 'SALAS', current_timestamp, 'MARCO ANTONIO', 'RODRIGUEZ', 'justcloud.tickets.domain.Employee', 'f9505ba9-79ca-4dfe-b099-b3a2d65f1a6a', 'pigua_1010@hotmail.com', 'operator-id', 'REGULAR_EMPLOYEE', '5f3d4fc8-d5d1-4b36-8c19-82fd7e7728a2', null, '2342');
INSERT INTO phone(id, version, date_created, last_updated, number, type) VALUES('d24ce515-75e5-40ed-baea-c98f03db4f4e', 0, current_timestamp, current_timestamp, '833 140 07 57', 'MOBILE');
INSERT INTO employee_phone(employee_phones_id, phone_id) VALUES('aed8edc6-e7d4-4c59-a385-17895cad1e2c', 'd24ce515-75e5-40ed-baea-c98f03db4f4e');
INSERT INTO address(id, version, address, date_created, last_updated, municipality_id, postal_code, settlement_id, state_id) VALUES('b268c040-ca39-4fc4-ab22-6712aa9c0756', 0, 'DR DANIEL GUZMAN GOMEZ  No.  37', current_timestamp, current_timestamp, (select municipality_id from settlement where postal_code = '93680' limit 1), '93680', (select id from settlement where postal_code = '93680' limit 1), (select state_id from settlement where postal_code = '93680' limit 1));
INSERT INTO job_detail(id, version, base_salary, job_name, date_created, last_updated) VALUES('c8d17e45-cf2c-4af3-9c59-6d68ab8a3e21', 0, 4000.0, 'Operador', current_timestamp, current_timestamp);
INSERT INTO driver_license(id, version, antiqueness, date_created, last_updated, expedition, expiration, license_number, license_type) VALUES('b3f1d335-1a08-4ab2-9b02-7eade482fa4d', 0, current_timestamp, current_timestamp, current_timestamp, current_timestamp, date('10/26/16'), 'VER130425', 'A');
INSERT INTO individual(id, version, address_id, date_created, last_name, last_updated, name, second_last_name, class, driver_license_id, email, employee_position_id, employee_type, job_detail_id, personal_data_id, employee_number) VALUES('afca8b2e-2473-446d-91d2-06549eb2c445', 0, 'b268c040-ca39-4fc4-ab22-6712aa9c0756', current_timestamp, 'ABURTO', current_timestamp, 'JUAN MANUEL', 'HERNANDEZ', 'justcloud.tickets.domain.Employee', 'b3f1d335-1a08-4ab2-9b02-7eade482fa4d', '', 'operator-id', 'REGULAR_EMPLOYEE', 'c8d17e45-cf2c-4af3-9c59-6d68ab8a3e21', null, '2347');
INSERT INTO phone(id, version, date_created, last_updated, number, type) VALUES('f3e812e2-8949-47d9-8411-52b938e1d36e', 0, current_timestamp, current_timestamp, ' 231  1199523', 'MOBILE');
INSERT INTO employee_phone(employee_phones_id, phone_id) VALUES('afca8b2e-2473-446d-91d2-06549eb2c445', 'f3e812e2-8949-47d9-8411-52b938e1d36e');
INSERT INTO address(id, version, address, date_created, last_updated, municipality_id, postal_code, settlement_id, state_id) VALUES('7346ba3c-93c5-4d59-80cc-989af5f0e6a2', 0, 'JOSEFA ORTIZ DE DOMINGUEZ No.  113', current_timestamp, current_timestamp, (select municipality_id from settlement where postal_code = '96400' limit 1), '96400', (select id from settlement where postal_code = '96400' limit 1), (select state_id from settlement where postal_code = '96400' limit 1));
INSERT INTO job_detail(id, version, base_salary, job_name, date_created, last_updated) VALUES('7c596c6b-2e77-4a30-879c-4fc78ec2a12a', 0, 4000.0, 'Operador', current_timestamp, current_timestamp);
INSERT INTO driver_license(id, version, antiqueness, date_created, last_updated, expedition, expiration, license_number, license_type) VALUES('acb1f3d5-1a85-4192-9a90-ab4107330a29', 0, current_timestamp, current_timestamp, current_timestamp, current_timestamp, date('6/18/17'), 'VER0304723', 'A');
INSERT INTO individual(id, version, address_id, date_created, last_name, last_updated, name, second_last_name, class, driver_license_id, email, employee_position_id, employee_type, job_detail_id, personal_data_id, employee_number) VALUES('f3b2a4aa-fc0c-4189-a19d-d1b19b63832e', 0, '7346ba3c-93c5-4d59-80cc-989af5f0e6a2', current_timestamp, 'MATEO', current_timestamp, 'DEMETRIO', 'PEREZ', 'justcloud.tickets.domain.Employee', 'acb1f3d5-1a85-4192-9a90-ab4107330a29', '', 'operator-id', 'REGULAR_EMPLOYEE', '7c596c6b-2e77-4a30-879c-4fc78ec2a12a', null, '2348');
INSERT INTO phone(id, version, date_created, last_updated, number, type) VALUES('2a4a034c-d32b-47c6-a9c6-04e392c8014d', 0, current_timestamp, current_timestamp, ' 921  1771195', 'MOBILE');
INSERT INTO employee_phone(employee_phones_id, phone_id) VALUES('f3b2a4aa-fc0c-4189-a19d-d1b19b63832e', '2a4a034c-d32b-47c6-a9c6-04e392c8014d');
INSERT INTO address(id, version, address, date_created, last_updated, municipality_id, postal_code, settlement_id, state_id) VALUES('06b561fd-06f9-4835-a91b-7ec31a70c1af', 0, 'PRIVADA ESTE No.  111-A', current_timestamp, current_timestamp, (select municipality_id from settlement where postal_code = '89366' limit 1), '89366', (select id from settlement where postal_code = '89366' limit 1), (select state_id from settlement where postal_code = '89366' limit 1));
INSERT INTO job_detail(id, version, base_salary, job_name, date_created, last_updated) VALUES('23f0991e-3705-4666-901b-315b7dbfa089', 0, 4000.0, 'Operador', current_timestamp, current_timestamp);
INSERT INTO driver_license(id, version, antiqueness, date_created, last_updated, expedition, expiration, license_number, license_type) VALUES('01568db9-430e-471d-9597-7be3c0cf8794', 0, current_timestamp, current_timestamp, current_timestamp, current_timestamp, date('8/12/15'), 'TAMP309759', 'A');
INSERT INTO individual(id, version, address_id, date_created, last_name, last_updated, name, second_last_name, class, driver_license_id, email, employee_position_id, employee_type, job_detail_id, personal_data_id, employee_number) VALUES('90849b27-faa1-41ee-98a3-66b5d0b6a6ce', 0, '06b561fd-06f9-4835-a91b-7ec31a70c1af', current_timestamp, 'REYES', current_timestamp, 'JOSE DANTE', 'GUITIERREZ', 'justcloud.tickets.domain.Employee', '01568db9-430e-471d-9597-7be3c0cf8794', '', 'operator-id', 'REGULAR_EMPLOYEE', '23f0991e-3705-4666-901b-315b7dbfa089', null, '2349');
INSERT INTO phone(id, version, date_created, last_updated, number, type) VALUES('4c7e5dc6-4c0a-4701-b581-2261f203feb7', 0, current_timestamp, current_timestamp, ' 833  2320331', 'MOBILE');
INSERT INTO employee_phone(employee_phones_id, phone_id) VALUES('90849b27-faa1-41ee-98a3-66b5d0b6a6ce', '4c7e5dc6-4c0a-4701-b581-2261f203feb7');
INSERT INTO address(id, version, address, date_created, last_updated, municipality_id, postal_code, settlement_id, state_id) VALUES('129b6f99-ad1d-4541-af82-8185d6a00435', 0, 'LAVANDA SUR No.  25', current_timestamp, current_timestamp, (select municipality_id from settlement where postal_code = '72980' limit 1), '72980', (select id from settlement where postal_code = '72980' limit 1), (select state_id from settlement where postal_code = '72980' limit 1));
INSERT INTO job_detail(id, version, base_salary, job_name, date_created, last_updated) VALUES('83c2196c-fb2a-421a-9637-63147eaac523', 0, 4000.0, 'Operador', current_timestamp, current_timestamp);
INSERT INTO driver_license(id, version, antiqueness, date_created, last_updated, expedition, expiration, license_number, license_type) VALUES('855b0820-3b7c-4662-9ba9-644e356c062b', 0, current_timestamp, current_timestamp, current_timestamp, current_timestamp, date('3/10/17'), 'PUE0016027', 'A');
INSERT INTO individual(id, version, address_id, date_created, last_name, last_updated, name, second_last_name, class, driver_license_id, email, employee_position_id, employee_type, job_detail_id, personal_data_id, employee_number) VALUES('6cd0ec06-3168-45af-aa42-5683ae68221a', 0, '129b6f99-ad1d-4541-af82-8185d6a00435', current_timestamp, 'AGUAYO', current_timestamp, 'FELIPE', 'VALERA', 'justcloud.tickets.domain.Employee', '855b0820-3b7c-4662-9ba9-644e356c062b', '', 'operator-id', 'REGULAR_EMPLOYEE', '83c2196c-fb2a-421a-9637-63147eaac523', null, '2354');
INSERT INTO phone(id, version, date_created, last_updated, number, type) VALUES('9849eb7e-7d65-41a4-9a8b-1a7be4ec4142', 0, current_timestamp, current_timestamp, ' 231  1052258', 'MOBILE');
INSERT INTO employee_phone(employee_phones_id, phone_id) VALUES('6cd0ec06-3168-45af-aa42-5683ae68221a', '9849eb7e-7d65-41a4-9a8b-1a7be4ec4142');
INSERT INTO address(id, version, address, date_created, last_updated, municipality_id, postal_code, settlement_id, state_id) VALUES('2c3518bc-78bd-470e-b0e6-3badc69c6c6b', 0, 'CARRETERA VHR A FRONTERA KM 50', current_timestamp, current_timestamp, (select municipality_id from settlement where postal_code = '86760' limit 1), '86760', (select id from settlement where postal_code = '86760' limit 1), (select state_id from settlement where postal_code = '86760' limit 1));
INSERT INTO job_detail(id, version, base_salary, job_name, date_created, last_updated) VALUES('47626aa9-0389-4f00-a946-f8fb75f86d97', 0, 4000.0, 'Operador', current_timestamp, current_timestamp);
INSERT INTO driver_license(id, version, antiqueness, date_created, last_updated, expedition, expiration, license_number, license_type) VALUES('91e1f2c1-c8e0-4704-be5c-58d0a9be5290', 0, current_timestamp, current_timestamp, current_timestamp, current_timestamp, date('12/8/15'), 'TAB0008624', 'A');
INSERT INTO individual(id, version, address_id, date_created, last_name, last_updated, name, second_last_name, class, driver_license_id, email, employee_position_id, employee_type, job_detail_id, personal_data_id, employee_number) VALUES('a245b15f-8e0c-4585-9e4c-00790466ae7e', 0, '2c3518bc-78bd-470e-b0e6-3badc69c6c6b', current_timestamp, 'CRUZ', current_timestamp, 'ELIAS', 'BAUTISTA', 'justcloud.tickets.domain.Employee', '91e1f2c1-c8e0-4704-be5c-58d0a9be5290', '', 'operator-id', 'REGULAR_EMPLOYEE', '47626aa9-0389-4f00-a946-f8fb75f86d97', null, '2355');
INSERT INTO phone(id, version, date_created, last_updated, number, type) VALUES('c56d75d0-630b-41a4-a5bd-1f192dfbcd9f', 0, current_timestamp, current_timestamp, ' 993 1056325', 'HOME');
INSERT INTO employee_phone(employee_phones_id, phone_id) VALUES('a245b15f-8e0c-4585-9e4c-00790466ae7e', 'c56d75d0-630b-41a4-a5bd-1f192dfbcd9f');
INSERT INTO phone(id, version, date_created, last_updated, number, type) VALUES('24432315-0008-44a1-a5ff-944e3a04afd6', 0, current_timestamp, current_timestamp, ' 993  5911335', 'MOBILE');
INSERT INTO employee_phone(employee_phones_id, phone_id) VALUES('a245b15f-8e0c-4585-9e4c-00790466ae7e', '24432315-0008-44a1-a5ff-944e3a04afd6');
INSERT INTO address(id, version, address, date_created, last_updated, municipality_id, postal_code, settlement_id, state_id) VALUES('2880d567-79b0-4c39-af07-4c6e19130798', 0, 'RIO ATOYAC No.  107', current_timestamp, current_timestamp, (select municipality_id from settlement where postal_code = '86109' limit 1), '86109', (select id from settlement where postal_code = '86109' limit 1), (select state_id from settlement where postal_code = '86109' limit 1));
INSERT INTO job_detail(id, version, base_salary, job_name, date_created, last_updated) VALUES('c6fc7f4a-4e6b-4a2f-8cc1-652858f88f28', 0, 4000.0, 'Operador', current_timestamp, current_timestamp);
INSERT INTO driver_license(id, version, antiqueness, date_created, last_updated, expedition, expiration, license_number, license_type) VALUES('df7d54d8-8bfb-447a-890f-0f65f4effb55', 0, current_timestamp, current_timestamp, current_timestamp, current_timestamp, date('10/29/16'), 'TAB0005657', 'A');
INSERT INTO individual(id, version, address_id, date_created, last_name, last_updated, name, second_last_name, class, driver_license_id, email, employee_position_id, employee_type, job_detail_id, personal_data_id, employee_number) VALUES('bc0e9cfc-2485-4e72-8c30-028301ebd516', 0, '2880d567-79b0-4c39-af07-4c6e19130798', current_timestamp, 'GARCIA', current_timestamp, 'JOSE MANUEL', 'HERNANDEZ', 'justcloud.tickets.domain.Employee', 'df7d54d8-8bfb-447a-890f-0f65f4effb55', '', 'operator-id', 'REGULAR_EMPLOYEE', 'c6fc7f4a-4e6b-4a2f-8cc1-652858f88f28', null, '2358');
INSERT INTO phone(id, version, date_created, last_updated, number, type) VALUES('4ccf635c-80af-4e22-891c-0b7d1d7c01b2', 0, current_timestamp, current_timestamp, ' 993  1661503', 'MOBILE');
INSERT INTO employee_phone(employee_phones_id, phone_id) VALUES('bc0e9cfc-2485-4e72-8c30-028301ebd516', '4ccf635c-80af-4e22-891c-0b7d1d7c01b2');
INSERT INTO address(id, version, address, date_created, last_updated, municipality_id, postal_code, settlement_id, state_id) VALUES('d0e11b8e-338d-4978-9d30-e95ed95858f2', 0, 'ERNESTINA No.  234', current_timestamp, current_timestamp, (select municipality_id from settlement where postal_code = '79010' limit 1), '79010', (select id from settlement where postal_code = '79010' limit 1), (select state_id from settlement where postal_code = '79010' limit 1));
INSERT INTO job_detail(id, version, base_salary, job_name, date_created, last_updated) VALUES('77620c2f-a8b0-4d9c-816d-f8b92188179d', 0, 4000.0, 'Operador', current_timestamp, current_timestamp);
INSERT INTO driver_license(id, version, antiqueness, date_created, last_updated, expedition, expiration, license_number, license_type) VALUES('b05f9669-0846-4b22-90b5-0ec721865d88', 0, current_timestamp, current_timestamp, current_timestamp, current_timestamp, date('5/31/17'), 'TAMP308928', 'A');
INSERT INTO individual(id, version, address_id, date_created, last_name, last_updated, name, second_last_name, class, driver_license_id, email, employee_position_id, employee_type, job_detail_id, personal_data_id, employee_number) VALUES('ef967bcf-f2cc-4b00-885f-ba28cddd2b6e', 0, 'd0e11b8e-338d-4978-9d30-e95ed95858f2', current_timestamp, 'RUBIO', current_timestamp, 'JESUS', 'BERRONES', 'justcloud.tickets.domain.Employee', 'b05f9669-0846-4b22-90b5-0ec721865d88', '', 'operator-id', 'REGULAR_EMPLOYEE', '77620c2f-a8b0-4d9c-816d-f8b92188179d', null, '2359');
INSERT INTO phone(id, version, date_created, last_updated, number, type) VALUES('9b735335-cdba-4dde-8a6a-794bdac16430', 0, current_timestamp, current_timestamp, '481  3910786', 'MOBILE');
INSERT INTO employee_phone(employee_phones_id, phone_id) VALUES('ef967bcf-f2cc-4b00-885f-ba28cddd2b6e', '9b735335-cdba-4dde-8a6a-794bdac16430');
INSERT INTO address(id, version, address, date_created, last_updated, municipality_id, postal_code, settlement_id, state_id) VALUES('f8b03625-08a3-45c5-9082-ed304811a159', 0, 'CAMINO A LA QUEBRADORA S/N', current_timestamp, current_timestamp, (select municipality_id from settlement where postal_code = '62732' limit 1), '62732', (select id from settlement where postal_code = '62732' limit 1), (select state_id from settlement where postal_code = '62732' limit 1));
INSERT INTO job_detail(id, version, base_salary, job_name, date_created, last_updated) VALUES('196676f5-9250-46bb-b8d1-c1f3d060746c', 0, 4000.0, 'Operador', current_timestamp, current_timestamp);
INSERT INTO driver_license(id, version, antiqueness, date_created, last_updated, expedition, expiration, license_number, license_type) VALUES('0aff318b-18ba-43cf-8376-b1ad90ec67eb', 0, current_timestamp, current_timestamp, current_timestamp, current_timestamp, date('10/9/17'), 'MOR0007722', 'A');
INSERT INTO individual(id, version, address_id, date_created, last_name, last_updated, name, second_last_name, class, driver_license_id, email, employee_position_id, employee_type, job_detail_id, personal_data_id, employee_number) VALUES('1012c3ad-6d01-442b-b103-a6e47f8cd9ee', 0, 'f8b03625-08a3-45c5-9082-ed304811a159', current_timestamp, 'ROJAS', current_timestamp, 'CESAR', 'ORTIZ', 'justcloud.tickets.domain.Employee', '0aff318b-18ba-43cf-8376-b1ad90ec67eb', '', 'operator-id', 'REGULAR_EMPLOYEE', '196676f5-9250-46bb-b8d1-c1f3d060746c', null, '2366');
INSERT INTO phone(id, version, date_created, last_updated, number, type) VALUES('dcdcbf56-f80e-4222-a554-ef01fff36e9f', 0, current_timestamp, current_timestamp, ' 735  1960522', 'MOBILE');
INSERT INTO employee_phone(employee_phones_id, phone_id) VALUES('1012c3ad-6d01-442b-b103-a6e47f8cd9ee', 'dcdcbf56-f80e-4222-a554-ef01fff36e9f');
INSERT INTO address(id, version, address, date_created, last_updated, municipality_id, postal_code, settlement_id, state_id) VALUES('b0c65666-7f87-4db7-96ec-e6c787a0d64d', 0, 'TAMPICO No.  103', current_timestamp, current_timestamp, (select municipality_id from settlement where postal_code = '89603' limit 1), '89603', (select id from settlement where postal_code = '89603' limit 1), (select state_id from settlement where postal_code = '89603' limit 1));
INSERT INTO job_detail(id, version, base_salary, job_name, date_created, last_updated) VALUES('a8b5321b-6be1-4179-8276-5dbb5d52e1f9', 0, 4000.0, 'Operador', current_timestamp, current_timestamp);
INSERT INTO driver_license(id, version, antiqueness, date_created, last_updated, expedition, expiration, license_number, license_type) VALUES('3c0b7ce4-95ad-4ea8-af06-8ebd46d1ff04', 0, current_timestamp, current_timestamp, current_timestamp, current_timestamp, date('11/9/17'), 'TAMP313770', 'A');
INSERT INTO individual(id, version, address_id, date_created, last_name, last_updated, name, second_last_name, class, driver_license_id, email, employee_position_id, employee_type, job_detail_id, personal_data_id, employee_number) VALUES('4bef5598-6c8b-4f63-8751-ca1da7a3f94b', 0, 'b0c65666-7f87-4db7-96ec-e6c787a0d64d', current_timestamp, 'MARTINEZ', current_timestamp, 'HUGO', 'CHAVEZ', 'justcloud.tickets.domain.Employee', '3c0b7ce4-95ad-4ea8-af06-8ebd46d1ff04', '', 'operator-id', 'REGULAR_EMPLOYEE', 'a8b5321b-6be1-4179-8276-5dbb5d52e1f9', null, '2368');
INSERT INTO phone(id, version, date_created, last_updated, number, type) VALUES('4ac28940-baa2-4006-a6de-c420593680d2', 0, current_timestamp, current_timestamp, ' 833 2240611', 'HOME');
INSERT INTO employee_phone(employee_phones_id, phone_id) VALUES('4bef5598-6c8b-4f63-8751-ca1da7a3f94b', '4ac28940-baa2-4006-a6de-c420593680d2');
INSERT INTO phone(id, version, date_created, last_updated, number, type) VALUES('60cddd77-0053-45a5-9839-b945be51a021', 0, current_timestamp, current_timestamp, ' 833 1857454', 'MOBILE');
INSERT INTO employee_phone(employee_phones_id, phone_id) VALUES('4bef5598-6c8b-4f63-8751-ca1da7a3f94b', '60cddd77-0053-45a5-9839-b945be51a021');
INSERT INTO address(id, version, address, date_created, last_updated, municipality_id, postal_code, settlement_id, state_id) VALUES('0ccec62a-9a5e-4f7e-99ed-0aaabd62bed0', 0, 'CARRETERA DESVIACION S/N', current_timestamp, current_timestamp, (select municipality_id from settlement where postal_code = '86761' limit 1), '86761', (select id from settlement where postal_code = '86761' limit 1), (select state_id from settlement where postal_code = '86761' limit 1));
INSERT INTO job_detail(id, version, base_salary, job_name, date_created, last_updated) VALUES('891f1f3d-771d-4c6c-bba6-a60c2641d394', 0, 4000.0, 'Operador', current_timestamp, current_timestamp);
INSERT INTO driver_license(id, version, antiqueness, date_created, last_updated, expedition, expiration, license_number, license_type) VALUES('b30f5583-76f9-45f5-ada4-0b23200ebc36', 0, current_timestamp, current_timestamp, current_timestamp, current_timestamp, date('7/15/15'), 'TAB0005163', 'A');
INSERT INTO individual(id, version, address_id, date_created, last_name, last_updated, name, second_last_name, class, driver_license_id, email, employee_position_id, employee_type, job_detail_id, personal_data_id, employee_number) VALUES('7c6b96bc-bccf-4c30-8b18-3812bdcc8a82', 0, '0ccec62a-9a5e-4f7e-99ed-0aaabd62bed0', current_timestamp, 'MEZQUITA', current_timestamp, 'FELIPE', 'CHABLE', 'justcloud.tickets.domain.Employee', 'b30f5583-76f9-45f5-ada4-0b23200ebc36', '', 'operator-id', 'REGULAR_EMPLOYEE', '891f1f3d-771d-4c6c-bba6-a60c2641d394', null, '2369');
INSERT INTO phone(id, version, date_created, last_updated, number, type) VALUES('03a700ab-4149-427c-b5b1-738dab497bed', 0, current_timestamp, current_timestamp, ' 913  1118706', 'MOBILE');
INSERT INTO employee_phone(employee_phones_id, phone_id) VALUES('7c6b96bc-bccf-4c30-8b18-3812bdcc8a82', '03a700ab-4149-427c-b5b1-738dab497bed');
INSERT INTO address(id, version, address, date_created, last_updated, municipality_id, postal_code, settlement_id, state_id) VALUES('05f55869-6115-4dbe-81e3-8018305d7e55', 0, 'NICOLAS BRAVO S/N', current_timestamp, current_timestamp, (select municipality_id from settlement where postal_code = '86761' limit 1), '86761', (select id from settlement where postal_code = '86761' limit 1), (select state_id from settlement where postal_code = '86761' limit 1));
INSERT INTO job_detail(id, version, base_salary, job_name, date_created, last_updated) VALUES('410c91cd-aafc-49d2-9893-893a0d409bac', 0, 4000.0, 'Operador', current_timestamp, current_timestamp);
INSERT INTO driver_license(id, version, antiqueness, date_created, last_updated, expedition, expiration, license_number, license_type) VALUES('f8eb4dbf-d195-44ca-969b-d8a0175942b5', 0, current_timestamp, current_timestamp, current_timestamp, current_timestamp, date('12/1/15'), 'CHIS009185', 'A');
INSERT INTO individual(id, version, address_id, date_created, last_name, last_updated, name, second_last_name, class, driver_license_id, email, employee_position_id, employee_type, job_detail_id, personal_data_id, employee_number) VALUES('676ba954-9c08-428a-8994-f32539e60350', 0, '05f55869-6115-4dbe-81e3-8018305d7e55', current_timestamp, 'SANCHEZ', current_timestamp, 'JOSE DEL CARMEN', 'GALLEGOS', 'justcloud.tickets.domain.Employee', 'f8eb4dbf-d195-44ca-969b-d8a0175942b5', '', 'operator-id', 'REGULAR_EMPLOYEE', '410c91cd-aafc-49d2-9893-893a0d409bac', null, '2370');
INSERT INTO phone(id, version, date_created, last_updated, number, type) VALUES('b8533a42-4f59-446e-9533-28b54601f15e', 0, current_timestamp, current_timestamp, ' 993 2439362', 'MOBILE');
INSERT INTO employee_phone(employee_phones_id, phone_id) VALUES('676ba954-9c08-428a-8994-f32539e60350', 'b8533a42-4f59-446e-9533-28b54601f15e');
INSERT INTO address(id, version, address, date_created, last_updated, municipality_id, postal_code, settlement_id, state_id) VALUES('d85312f6-18e1-4c2f-828b-5c46f9c2a367', 0, 'EMILIANO ZAPATA S/N', current_timestamp, current_timestamp, (select municipality_id from settlement where postal_code = '92900' limit 1), '92900', (select id from settlement where postal_code = '92900' limit 1), (select state_id from settlement where postal_code = '92900' limit 1));
INSERT INTO job_detail(id, version, base_salary, job_name, date_created, last_updated) VALUES('a10368ee-96a3-4c8b-a71c-6693ea54f8c3', 0, 4000.0, 'Operador', current_timestamp, current_timestamp);
INSERT INTO driver_license(id, version, antiqueness, date_created, last_updated, expedition, expiration, license_number, license_type) VALUES('cba3ead9-ed18-45f9-a5a3-f8a5eaab6dd8', 0, current_timestamp, current_timestamp, current_timestamp, current_timestamp, date('6/24/15'), 'VER0200431', 'A');
INSERT INTO individual(id, version, address_id, date_created, last_name, last_updated, name, second_last_name, class, driver_license_id, email, employee_position_id, employee_type, job_detail_id, personal_data_id, employee_number) VALUES('259f975e-daa3-4a83-9dec-390f6911db1a', 0, 'd85312f6-18e1-4c2f-828b-5c46f9c2a367', current_timestamp, 'JARAMILLO', current_timestamp, 'ROBERTO CLEMENTE', 'RAMIREZ', 'justcloud.tickets.domain.Employee', 'cba3ead9-ed18-45f9-a5a3-f8a5eaab6dd8', '', 'operator-id', 'REGULAR_EMPLOYEE', 'a10368ee-96a3-4c8b-a71c-6693ea54f8c3', null, '2375');
INSERT INTO phone(id, version, date_created, last_updated, number, type) VALUES('9034ec4f-28da-43b7-9ac3-c76a5f9cf2ff', 0, current_timestamp, current_timestamp, ' 782 1510220', 'MOBILE');
INSERT INTO employee_phone(employee_phones_id, phone_id) VALUES('259f975e-daa3-4a83-9dec-390f6911db1a', '9034ec4f-28da-43b7-9ac3-c76a5f9cf2ff');
INSERT INTO address(id, version, address, date_created, last_updated, municipality_id, postal_code, settlement_id, state_id) VALUES('bd2590d8-1186-4fb5-925d-55177ca90b1d', 0, 'MONTE VERDE 3 MZ 2 LT 10', current_timestamp, current_timestamp, (select municipality_id from settlement where postal_code = '24038' limit 1), '24038', (select id from settlement where postal_code = '24038' limit 1), (select state_id from settlement where postal_code = '24038' limit 1));
INSERT INTO job_detail(id, version, base_salary, job_name, date_created, last_updated) VALUES('03981819-51cb-417a-b6c2-03e89a9cd6c6', 0, 4000.0, 'Operador', current_timestamp, current_timestamp);
INSERT INTO driver_license(id, version, antiqueness, date_created, last_updated, expedition, expiration, license_number, license_type) VALUES('da5551fc-abd7-4683-860c-60944a0add85', 0, current_timestamp, current_timestamp, current_timestamp, current_timestamp, date('1/4/17'), 'CAMP001179', 'A');
INSERT INTO individual(id, version, address_id, date_created, last_name, last_updated, name, second_last_name, class, driver_license_id, email, employee_position_id, employee_type, job_detail_id, personal_data_id, employee_number) VALUES('364caa9a-bdaa-42fb-94b9-383144fdae8d', 0, 'bd2590d8-1186-4fb5-925d-55177ca90b1d', current_timestamp, 'CALAN', current_timestamp, 'FRANCISCO ROMAN', 'VAZQUEZ', 'justcloud.tickets.domain.Employee', 'da5551fc-abd7-4683-860c-60944a0add85', '', 'operator-id', 'REGULAR_EMPLOYEE', '03981819-51cb-417a-b6c2-03e89a9cd6c6', null, '2378');
INSERT INTO phone(id, version, date_created, last_updated, number, type) VALUES('4c2637cf-51d5-42bf-a171-b1b87a86a62b', 0, current_timestamp, current_timestamp, ' 981  1597875', 'MOBILE');
INSERT INTO employee_phone(employee_phones_id, phone_id) VALUES('364caa9a-bdaa-42fb-94b9-383144fdae8d', '4c2637cf-51d5-42bf-a171-b1b87a86a62b');
INSERT INTO address(id, version, address, date_created, last_updated, municipality_id, postal_code, settlement_id, state_id) VALUES('9772dc1b-66e2-44a5-91ed-e58bd9d991d2', 0, 'CARRETERA NACIONAL S/N', current_timestamp, current_timestamp, (select municipality_id from settlement where postal_code = '93005' limit 1), '93005', (select id from settlement where postal_code = '93005' limit 1), (select state_id from settlement where postal_code = '93005' limit 1));
INSERT INTO job_detail(id, version, base_salary, job_name, date_created, last_updated) VALUES('a18ebfca-844c-4d60-8b87-aba4b80330ed', 0, 4000.0, 'Operador', current_timestamp, current_timestamp);
INSERT INTO driver_license(id, version, antiqueness, date_created, last_updated, expedition, expiration, license_number, license_type) VALUES('5f70399f-1dfb-4d67-8a5e-715744af9921', 0, current_timestamp, current_timestamp, current_timestamp, current_timestamp, date('9/11/19'), 'TAMP309144', 'A');
INSERT INTO individual(id, version, address_id, date_created, last_name, last_updated, name, second_last_name, class, driver_license_id, email, employee_position_id, employee_type, job_detail_id, personal_data_id, employee_number) VALUES('15a08f03-4664-4d40-a094-a04f1aa460b7', 0, '9772dc1b-66e2-44a5-91ed-e58bd9d991d2', current_timestamp, 'MATA', current_timestamp, 'JUAN PEDRO', 'FLORES', 'justcloud.tickets.domain.Employee', '5f70399f-1dfb-4d67-8a5e-715744af9921', '', 'operator-id', 'REGULAR_EMPLOYEE', 'a18ebfca-844c-4d60-8b87-aba4b80330ed', null, '2381');
INSERT INTO phone(id, version, date_created, last_updated, number, type) VALUES('0331f384-1371-4acf-835c-54b245f9169b', 0, current_timestamp, current_timestamp, ' 846  1068603', 'MOBILE');
INSERT INTO employee_phone(employee_phones_id, phone_id) VALUES('15a08f03-4664-4d40-a094-a04f1aa460b7', '0331f384-1371-4acf-835c-54b245f9169b');
INSERT INTO address(id, version, address, date_created, last_updated, municipality_id, postal_code, settlement_id, state_id) VALUES('d759c695-1530-4496-9e20-f0c8b6aea080', 0, 'BENITO JUAREZ SUR No.  20', current_timestamp, current_timestamp, (select municipality_id from settlement where postal_code = '61539' limit 1), '61539', (select id from settlement where postal_code = '61539' limit 1), (select state_id from settlement where postal_code = '61539' limit 1));
INSERT INTO job_detail(id, version, base_salary, job_name, date_created, last_updated) VALUES('3c7e978d-d8d3-418f-9918-655b9d66d8f1', 0, 4000.0, 'Operador', current_timestamp, current_timestamp);
INSERT INTO driver_license(id, version, antiqueness, date_created, last_updated, expedition, expiration, license_number, license_type) VALUES('93e8bd80-8e53-46fd-a942-89a8fe26726d', 0, current_timestamp, current_timestamp, current_timestamp, current_timestamp, date('9/27/15'), 'EDOM020638', 'A');
INSERT INTO individual(id, version, address_id, date_created, last_name, last_updated, name, second_last_name, class, driver_license_id, email, employee_position_id, employee_type, job_detail_id, personal_data_id, employee_number) VALUES('1340b198-3d8c-48d3-b9d5-2e5fb4e73f1a', 0, 'd759c695-1530-4496-9e20-f0c8b6aea080', current_timestamp, 'DOMINGUEZ', current_timestamp, 'ISAURO', 'LOPEZ', 'justcloud.tickets.domain.Employee', '93e8bd80-8e53-46fd-a942-89a8fe26726d', '', 'operator-id', 'REGULAR_EMPLOYEE', '3c7e978d-d8d3-418f-9918-655b9d66d8f1', null, '2391');
INSERT INTO phone(id, version, date_created, last_updated, number, type) VALUES('01436179-1947-4d6b-9e45-a36e621732d7', 0, current_timestamp, current_timestamp, '715  1592792', 'MOBILE');
INSERT INTO employee_phone(employee_phones_id, phone_id) VALUES('1340b198-3d8c-48d3-b9d5-2e5fb4e73f1a', '01436179-1947-4d6b-9e45-a36e621732d7');
INSERT INTO address(id, version, address, date_created, last_updated, municipality_id, postal_code, settlement_id, state_id) VALUES('824bb765-0713-4bc0-ba2b-61d00ccc9328', 0, 'COMALERAS S/N', current_timestamp, current_timestamp, (select municipality_id from settlement where postal_code = '29270' limit 1), '29270', (select id from settlement where postal_code = '29270' limit 1), (select state_id from settlement where postal_code = '29270' limit 1));
INSERT INTO job_detail(id, version, base_salary, job_name, date_created, last_updated) VALUES('2321ddf2-9a80-48af-95c9-f9e6a0ac55ed', 0, 4000.0, 'Operador', current_timestamp, current_timestamp);
INSERT INTO driver_license(id, version, antiqueness, date_created, last_updated, expedition, expiration, license_number, license_type) VALUES('32eca8be-414b-46a5-8c38-466a5d9c7434', 0, current_timestamp, current_timestamp, current_timestamp, current_timestamp, date('10/7/16'), 'MOR0009185', 'A');
INSERT INTO individual(id, version, address_id, date_created, last_name, last_updated, name, second_last_name, class, driver_license_id, email, employee_position_id, employee_type, job_detail_id, personal_data_id, employee_number) VALUES('7301bd53-5a79-498e-a4b4-3a7af98e2e7f', 0, '824bb765-0713-4bc0-ba2b-61d00ccc9328', current_timestamp, 'GARCIA', current_timestamp, 'LUIS EUGENIO', 'CARBAJAL', 'justcloud.tickets.domain.Employee', '32eca8be-414b-46a5-8c38-466a5d9c7434', '', 'operator-id', 'REGULAR_EMPLOYEE', '2321ddf2-9a80-48af-95c9-f9e6a0ac55ed', null, '2394');
INSERT INTO phone(id, version, date_created, last_updated, number, type) VALUES('53f24453-948c-4623-a90a-f272aed908ce', 0, current_timestamp, current_timestamp, ' 967 1051025', 'HOME');
INSERT INTO employee_phone(employee_phones_id, phone_id) VALUES('7301bd53-5a79-498e-a4b4-3a7af98e2e7f', '53f24453-948c-4623-a90a-f272aed908ce');
INSERT INTO phone(id, version, date_created, last_updated, number, type) VALUES('738a1193-ca4f-4c22-864a-d1a119021d41', 0, current_timestamp, current_timestamp, ' 967  1051025', 'MOBILE');
INSERT INTO employee_phone(employee_phones_id, phone_id) VALUES('7301bd53-5a79-498e-a4b4-3a7af98e2e7f', '738a1193-ca4f-4c22-864a-d1a119021d41');
INSERT INTO address(id, version, address, date_created, last_updated, municipality_id, postal_code, settlement_id, state_id) VALUES('3fa3c974-c9e6-4941-a4a7-b14d829bd533', 0, 'CUSPIDE MZ-8 LT-22', current_timestamp, current_timestamp, (select municipality_id from settlement where postal_code = '24026' limit 1), '24026', (select id from settlement where postal_code = '24026' limit 1), (select state_id from settlement where postal_code = '24026' limit 1));
INSERT INTO job_detail(id, version, base_salary, job_name, date_created, last_updated) VALUES('b3fc3e87-cb88-4aa7-b0f3-693e1c305840', 0, 4000.0, 'Operador', current_timestamp, current_timestamp);
INSERT INTO driver_license(id, version, antiqueness, date_created, last_updated, expedition, expiration, license_number, license_type) VALUES('bc56e7e5-4130-4808-83b0-283343c56bcd', 0, current_timestamp, current_timestamp, current_timestamp, current_timestamp, date('8/14/17'), 'CAMP003147', 'A');
INSERT INTO individual(id, version, address_id, date_created, last_name, last_updated, name, second_last_name, class, driver_license_id, email, employee_position_id, employee_type, job_detail_id, personal_data_id, employee_number) VALUES('e224030c-6b7e-44bb-80ee-fd03165400bf', 0, '3fa3c974-c9e6-4941-a4a7-b14d829bd533', current_timestamp, 'CANCHE', current_timestamp, 'RAUL MARTIN', 'TACU', 'justcloud.tickets.domain.Employee', 'bc56e7e5-4130-4808-83b0-283343c56bcd', '', 'operator-id', 'REGULAR_EMPLOYEE', 'b3fc3e87-cb88-4aa7-b0f3-693e1c305840', null, '2395');
INSERT INTO phone(id, version, date_created, last_updated, number, type) VALUES('22bcf08c-c295-4e3c-bd4b-a4162e030fd3', 0, current_timestamp, current_timestamp, ' 981  1296072', 'MOBILE');
INSERT INTO employee_phone(employee_phones_id, phone_id) VALUES('e224030c-6b7e-44bb-80ee-fd03165400bf', '22bcf08c-c295-4e3c-bd4b-a4162e030fd3');
INSERT INTO address(id, version, address, date_created, last_updated, municipality_id, postal_code, settlement_id, state_id) VALUES('0a90f78e-2298-44af-a9a3-ea3c60a6671b', 0, 'PALENQUE No. 15', current_timestamp, current_timestamp, (select municipality_id from settlement where postal_code = '24085' limit 1), '24085', (select id from settlement where postal_code = '24085' limit 1), (select state_id from settlement where postal_code = '24085' limit 1));
INSERT INTO job_detail(id, version, base_salary, job_name, date_created, last_updated) VALUES('b288d355-c082-444b-8a72-0f173e2c7cfe', 0, 4000.0, 'Operador', current_timestamp, current_timestamp);
INSERT INTO driver_license(id, version, antiqueness, date_created, last_updated, expedition, expiration, license_number, license_type) VALUES('f447723e-3c79-4239-a1a4-c671d2ab87af', 0, current_timestamp, current_timestamp, current_timestamp, current_timestamp, date('12/4/17'), 'CAMP003231', 'A');
INSERT INTO individual(id, version, address_id, date_created, last_name, last_updated, name, second_last_name, class, driver_license_id, email, employee_position_id, employee_type, job_detail_id, personal_data_id, employee_number) VALUES('e4e72db6-0433-4459-bcdf-5826a81c870e', 0, '0a90f78e-2298-44af-a9a3-ea3c60a6671b', current_timestamp, 'DZUL', current_timestamp, 'ELIAS LIZANDRO', 'YERBES', 'justcloud.tickets.domain.Employee', 'f447723e-3c79-4239-a1a4-c671d2ab87af', '', 'operator-id', 'REGULAR_EMPLOYEE', 'b288d355-c082-444b-8a72-0f173e2c7cfe', null, '2397');
INSERT INTO phone(id, version, date_created, last_updated, number, type) VALUES('ae38d1af-143b-4245-96e0-a26f219818d7', 0, current_timestamp, current_timestamp, ' 981 8170644', 'HOME');
INSERT INTO employee_phone(employee_phones_id, phone_id) VALUES('e4e72db6-0433-4459-bcdf-5826a81c870e', 'ae38d1af-143b-4245-96e0-a26f219818d7');
INSERT INTO phone(id, version, date_created, last_updated, number, type) VALUES('ab7510de-0df5-4d90-856e-3f25c3548035', 0, current_timestamp, current_timestamp, ' 981  1216732', 'MOBILE');
INSERT INTO employee_phone(employee_phones_id, phone_id) VALUES('e4e72db6-0433-4459-bcdf-5826a81c870e', 'ab7510de-0df5-4d90-856e-3f25c3548035');
INSERT INTO address(id, version, address, date_created, last_updated, municipality_id, postal_code, settlement_id, state_id) VALUES('f5a40287-dd8d-4be3-bca0-abe909300207', 0, 'PLAZUELA 3 CULTURAS, PLAZUELA 10 MZ-16 LT- 51 CASA 1', current_timestamp, current_timestamp, (select municipality_id from settlement where postal_code = '57139' limit 1), '57139', (select id from settlement where postal_code = '57139' limit 1), (select state_id from settlement where postal_code = '57139' limit 1));
INSERT INTO job_detail(id, version, base_salary, job_name, date_created, last_updated) VALUES('aecc1aee-fe36-4f05-a93e-2f5fe1edbd8e', 0, 4000.0, 'Operador', current_timestamp, current_timestamp);
INSERT INTO driver_license(id, version, antiqueness, date_created, last_updated, expedition, expiration, license_number, license_type) VALUES('8ee366e2-045e-4ccc-ad96-e92f2ddcd0ac', 0, current_timestamp, current_timestamp, current_timestamp, current_timestamp, date('7/13/16'), 'DF00160625', 'A');
INSERT INTO individual(id, version, address_id, date_created, last_name, last_updated, name, second_last_name, class, driver_license_id, email, employee_position_id, employee_type, job_detail_id, personal_data_id, employee_number) VALUES('6368cae0-d160-4f38-91e3-00090351ad8d', 0, 'f5a40287-dd8d-4be3-bca0-abe909300207', current_timestamp, 'JUAREZ', current_timestamp, 'ALEJANDRO', 'CASTILLO', 'justcloud.tickets.domain.Employee', '8ee366e2-045e-4ccc-ad96-e92f2ddcd0ac', '', 'operator-id', 'REGULAR_EMPLOYEE', 'aecc1aee-fe36-4f05-a93e-2f5fe1edbd8e', null, '2398');
INSERT INTO phone(id, version, date_created, last_updated, number, type) VALUES('e0a95be8-6df7-42d8-a6a9-95d1c1b724eb', 0, current_timestamp, current_timestamp, ' 555  7102556', 'MOBILE');
INSERT INTO employee_phone(employee_phones_id, phone_id) VALUES('6368cae0-d160-4f38-91e3-00090351ad8d', 'e0a95be8-6df7-42d8-a6a9-95d1c1b724eb');
INSERT INTO address(id, version, address, date_created, last_updated, municipality_id, postal_code, settlement_id, state_id) VALUES('3d4e6642-220e-4ce5-bff3-852c88e80e34', 0, 'CALLE 12 S/N', current_timestamp, current_timestamp, (select municipality_id from settlement where postal_code = '24700' limit 1), '24700', (select id from settlement where postal_code = '24700' limit 1), (select state_id from settlement where postal_code = '24700' limit 1));
INSERT INTO job_detail(id, version, base_salary, job_name, date_created, last_updated) VALUES('b69c530b-83cc-4f1b-8af7-48db34781e70', 0, 4000.0, 'Operador', current_timestamp, current_timestamp);
INSERT INTO driver_license(id, version, antiqueness, date_created, last_updated, expedition, expiration, license_number, license_type) VALUES('1ca5ed99-6f19-432e-ad36-28e2fba91ea3', 0, current_timestamp, current_timestamp, current_timestamp, current_timestamp, date('12/3/17'), 'CAMP003228', 'A');
INSERT INTO individual(id, version, address_id, date_created, last_name, last_updated, name, second_last_name, class, driver_license_id, email, employee_position_id, employee_type, job_detail_id, personal_data_id, employee_number) VALUES('6c497a12-24f5-4a23-b40d-62af2c22a4fa', 0, '3d4e6642-220e-4ce5-bff3-852c88e80e34', current_timestamp, 'KANTUN', current_timestamp, 'PEDRO VALENTIN', 'LOPEZ', 'justcloud.tickets.domain.Employee', '1ca5ed99-6f19-432e-ad36-28e2fba91ea3', '', 'operator-id', 'REGULAR_EMPLOYEE', 'b69c530b-83cc-4f1b-8af7-48db34781e70', null, '2399');
INSERT INTO phone(id, version, date_created, last_updated, number, type) VALUES('f3faab93-3572-4059-985a-26b2574abc73', 0, current_timestamp, current_timestamp, ' 981   1257496', 'MOBILE');
INSERT INTO employee_phone(employee_phones_id, phone_id) VALUES('6c497a12-24f5-4a23-b40d-62af2c22a4fa', 'f3faab93-3572-4059-985a-26b2574abc73');
INSERT INTO address(id, version, address, date_created, last_updated, municipality_id, postal_code, settlement_id, state_id) VALUES('a6946e43-9561-4cc0-91b0-5ebf9f4dacfa', 0, 'CONJUNTO A No.  15', current_timestamp, current_timestamp, (select municipality_id from settlement where postal_code = '55070' limit 1), '55070', (select id from settlement where postal_code = '55070' limit 1), (select state_id from settlement where postal_code = '55070' limit 1));
INSERT INTO job_detail(id, version, base_salary, job_name, date_created, last_updated) VALUES('20423b95-a11c-492f-97f9-a125932acc26', 0, 4000.0, 'Operador', current_timestamp, current_timestamp);
INSERT INTO driver_license(id, version, antiqueness, date_created, last_updated, expedition, expiration, license_number, license_type) VALUES('920cc2ef-b0f6-4511-991d-9b45d4b162fd', 0, current_timestamp, current_timestamp, current_timestamp, current_timestamp, date('2/9/16'), 'DF00109856', 'A');
INSERT INTO individual(id, version, address_id, date_created, last_name, last_updated, name, second_last_name, class, driver_license_id, email, employee_position_id, employee_type, job_detail_id, personal_data_id, employee_number) VALUES('8cd040c7-c7dc-40fb-ba81-480e186d05ff', 0, 'a6946e43-9561-4cc0-91b0-5ebf9f4dacfa', current_timestamp, 'MARTINEZ', current_timestamp, 'OSCAR ELOY', 'CANTERA', 'justcloud.tickets.domain.Employee', '920cc2ef-b0f6-4511-991d-9b45d4b162fd', '', 'operator-id', 'REGULAR_EMPLOYEE', '20423b95-a11c-492f-97f9-a125932acc26', null, '2400');
INSERT INTO phone(id, version, date_created, last_updated, number, type) VALUES('514bf648-8a31-451d-a53c-c74ce15590b3', 0, current_timestamp, current_timestamp, ' 554  3338708', 'HOME');
INSERT INTO employee_phone(employee_phones_id, phone_id) VALUES('8cd040c7-c7dc-40fb-ba81-480e186d05ff', '514bf648-8a31-451d-a53c-c74ce15590b3');
INSERT INTO phone(id, version, date_created, last_updated, number, type) VALUES('087cb4f7-1945-4b63-940f-9e6f98130f48', 0, current_timestamp, current_timestamp, ' 867  1620221', 'MOBILE');
INSERT INTO employee_phone(employee_phones_id, phone_id) VALUES('8cd040c7-c7dc-40fb-ba81-480e186d05ff', '087cb4f7-1945-4b63-940f-9e6f98130f48');
INSERT INTO address(id, version, address, date_created, last_updated, municipality_id, postal_code, settlement_id, state_id) VALUES('11f1e679-10af-4614-bd32-aed09ae599eb', 0, 'EMILIANO ZAPATA No.  512', current_timestamp, current_timestamp, (select municipality_id from settlement where postal_code = '42800' limit 1), '42800', (select id from settlement where postal_code = '42800' limit 1), (select state_id from settlement where postal_code = '42800' limit 1));
INSERT INTO job_detail(id, version, base_salary, job_name, date_created, last_updated) VALUES('e4e569ba-1ef1-497a-bb0c-87a4a92a42ef', 0, 4000.0, 'Operador', current_timestamp, current_timestamp);
INSERT INTO driver_license(id, version, antiqueness, date_created, last_updated, expedition, expiration, license_number, license_type) VALUES('86651ecb-9491-4074-9010-c8e081bb6893', 0, current_timestamp, current_timestamp, current_timestamp, current_timestamp, date('11/10/15'), 'COAH201757', 'A');
INSERT INTO individual(id, version, address_id, date_created, last_name, last_updated, name, second_last_name, class, driver_license_id, email, employee_position_id, employee_type, job_detail_id, personal_data_id, employee_number) VALUES('fc93ffc1-ce9f-4525-9433-6a33ff5a9eea', 0, '11f1e679-10af-4614-bd32-aed09ae599eb', current_timestamp, 'RIVERA', current_timestamp, 'JORGE', 'CADENA', 'justcloud.tickets.domain.Employee', '86651ecb-9491-4074-9010-c8e081bb6893', '', 'operator-id', 'REGULAR_EMPLOYEE', 'e4e569ba-1ef1-497a-bb0c-87a4a92a42ef', null, '2401');
INSERT INTO phone(id, version, date_created, last_updated, number, type) VALUES('4f7af013-6b90-47fe-8f58-bf6caef27a24', 0, current_timestamp, current_timestamp, ' 773  7245450', 'HOME');
INSERT INTO employee_phone(employee_phones_id, phone_id) VALUES('fc93ffc1-ce9f-4525-9433-6a33ff5a9eea', '4f7af013-6b90-47fe-8f58-bf6caef27a24');
INSERT INTO phone(id, version, date_created, last_updated, number, type) VALUES('13962689-b9a6-4d51-b714-c8cb1b7901aa', 0, current_timestamp, current_timestamp, ' 773  1355983', 'MOBILE');
INSERT INTO employee_phone(employee_phones_id, phone_id) VALUES('fc93ffc1-ce9f-4525-9433-6a33ff5a9eea', '13962689-b9a6-4d51-b714-c8cb1b7901aa');
INSERT INTO address(id, version, address, date_created, last_updated, municipality_id, postal_code, settlement_id, state_id) VALUES('f43ab622-cd1d-4b60-8f81-b0a64e829eed', 0, 'CALASPARRA No.  15', current_timestamp, current_timestamp, (select municipality_id from settlement where postal_code = '72680' limit 1), '72680', (select id from settlement where postal_code = '72680' limit 1), (select state_id from settlement where postal_code = '72680' limit 1));
INSERT INTO job_detail(id, version, base_salary, job_name, date_created, last_updated) VALUES('4bcd885d-b842-422c-9105-9f0db0908204', 0, 4000.0, 'Operador', current_timestamp, current_timestamp);
INSERT INTO driver_license(id, version, antiqueness, date_created, last_updated, expedition, expiration, license_number, license_type) VALUES('245dc26f-fd48-4011-90ea-585e0dd56e27', 0, current_timestamp, current_timestamp, current_timestamp, current_timestamp, date('5/17/16'), 'VER114576', 'A');
INSERT INTO individual(id, version, address_id, date_created, last_name, last_updated, name, second_last_name, class, driver_license_id, email, employee_position_id, employee_type, job_detail_id, personal_data_id, employee_number) VALUES('0a2baac7-4eaa-46d6-ab2d-fa0560a0154b', 0, 'f43ab622-cd1d-4b60-8f81-b0a64e829eed', current_timestamp, 'ANDRADE', current_timestamp, 'RODOLFO', 'ORTEGA', 'justcloud.tickets.domain.Employee', '245dc26f-fd48-4011-90ea-585e0dd56e27', '', 'operator-id', 'REGULAR_EMPLOYEE', '4bcd885d-b842-422c-9105-9f0db0908204', null, '2402');
INSERT INTO phone(id, version, date_created, last_updated, number, type) VALUES('493185ff-a6a1-46c5-8f7b-799ae912dec9', 0, current_timestamp, current_timestamp, ' 222  4229208', 'MOBILE');
INSERT INTO employee_phone(employee_phones_id, phone_id) VALUES('0a2baac7-4eaa-46d6-ab2d-fa0560a0154b', '493185ff-a6a1-46c5-8f7b-799ae912dec9');
INSERT INTO address(id, version, address, date_created, last_updated, municipality_id, postal_code, settlement_id, state_id) VALUES('717b9dde-d551-4da9-a7f2-448f60b2c8d3', 0, 'PRIVADA  ARBOL DE ARCE No. 126', current_timestamp, current_timestamp, (select municipality_id from settlement where postal_code = '42186' limit 1), '42186', (select id from settlement where postal_code = '42186' limit 1), (select state_id from settlement where postal_code = '42186' limit 1));
INSERT INTO job_detail(id, version, base_salary, job_name, date_created, last_updated) VALUES('0fcc3f20-7646-4964-a96c-d338cffad89e', 0, 4000.0, 'Operador', current_timestamp, current_timestamp);
INSERT INTO driver_license(id, version, antiqueness, date_created, last_updated, expedition, expiration, license_number, license_type) VALUES('4c5491d2-e855-4fb5-8db3-23b0a7286cd2', 0, current_timestamp, current_timestamp, current_timestamp, current_timestamp, date('7/15/15'), 'HGO00700', 'A');
INSERT INTO individual(id, version, address_id, date_created, last_name, last_updated, name, second_last_name, class, driver_license_id, email, employee_position_id, employee_type, job_detail_id, personal_data_id, employee_number) VALUES('b2e3e954-e782-4584-a8e3-7805202f5303', 0, '717b9dde-d551-4da9-a7f2-448f60b2c8d3', current_timestamp, 'FLORENCIO', current_timestamp, 'CECILIO', 'CRESCENCIO', 'justcloud.tickets.domain.Employee', '4c5491d2-e855-4fb5-8db3-23b0a7286cd2', '', 'operator-id', 'REGULAR_EMPLOYEE', '0fcc3f20-7646-4964-a96c-d338cffad89e', null, '2403');
INSERT INTO phone(id, version, date_created, last_updated, number, type) VALUES('68329175-8e6b-4957-b7d1-6e503fc3f004', 0, current_timestamp, current_timestamp, ' 554  2165699', 'MOBILE');
INSERT INTO employee_phone(employee_phones_id, phone_id) VALUES('b2e3e954-e782-4584-a8e3-7805202f5303', '68329175-8e6b-4957-b7d1-6e503fc3f004');
INSERT INTO address(id, version, address, date_created, last_updated, municipality_id, postal_code, settlement_id, state_id) VALUES('cbce47a5-7189-4e81-a798-417196f12119', 0, 'CERRADA LA CEIBA S/N', current_timestamp, current_timestamp, (select municipality_id from settlement where postal_code = '86400' limit 1), '86400', (select id from settlement where postal_code = '86400' limit 1), (select state_id from settlement where postal_code = '86400' limit 1));
INSERT INTO job_detail(id, version, base_salary, job_name, date_created, last_updated) VALUES('ea54751a-6ca8-49ab-8c30-8ed9a9ad7401', 0, 4000.0, 'Operador', current_timestamp, current_timestamp);
INSERT INTO driver_license(id, version, antiqueness, date_created, last_updated, expedition, expiration, license_number, license_type) VALUES('286f5557-1477-435c-85d8-097a29d14caf', 0, current_timestamp, current_timestamp, current_timestamp, current_timestamp, date('10/25/15'), 'TAB0004616', 'A');
INSERT INTO individual(id, version, address_id, date_created, last_name, last_updated, name, second_last_name, class, driver_license_id, email, employee_position_id, employee_type, job_detail_id, personal_data_id, employee_number) VALUES('5424c9b9-9c3d-45bc-8067-9d9ca2c0d87c', 0, 'cbce47a5-7189-4e81-a798-417196f12119', current_timestamp, 'DE LA CRUZ', current_timestamp, 'NAHUM', 'GARCIA', 'justcloud.tickets.domain.Employee', '286f5557-1477-435c-85d8-097a29d14caf', '', 'operator-id', 'REGULAR_EMPLOYEE', 'ea54751a-6ca8-49ab-8c30-8ed9a9ad7401', null, '2396');
INSERT INTO phone(id, version, date_created, last_updated, number, type) VALUES('d6b44822-0afc-4fdd-a308-d5da72f0fed0', 0, current_timestamp, current_timestamp, ' 917 3750414', 'HOME');
INSERT INTO employee_phone(employee_phones_id, phone_id) VALUES('5424c9b9-9c3d-45bc-8067-9d9ca2c0d87c', 'd6b44822-0afc-4fdd-a308-d5da72f0fed0');
INSERT INTO phone(id, version, date_created, last_updated, number, type) VALUES('2106d2be-dfcc-4dad-8729-acdd7695d0a0', 0, current_timestamp, current_timestamp, ' 917  1198169', 'MOBILE');
INSERT INTO employee_phone(employee_phones_id, phone_id) VALUES('5424c9b9-9c3d-45bc-8067-9d9ca2c0d87c', '2106d2be-dfcc-4dad-8729-acdd7695d0a0');
INSERT INTO address(id, version, address, date_created, last_updated, municipality_id, postal_code, settlement_id, state_id) VALUES('75fa855c-af83-42c2-a3b4-f439653599d5', 0, 'NUEVO LEON No.  20 INT. 8', current_timestamp, current_timestamp, (select municipality_id from settlement where postal_code = '72700' limit 1), '72700', (select id from settlement where postal_code = '72700' limit 1), (select state_id from settlement where postal_code = '72700' limit 1));
INSERT INTO job_detail(id, version, base_salary, job_name, date_created, last_updated) VALUES('7385824d-f61e-402c-a7cc-9dd01f6ef29e', 0, 4000.0, 'Operador', current_timestamp, current_timestamp);
INSERT INTO driver_license(id, version, antiqueness, date_created, last_updated, expedition, expiration, license_number, license_type) VALUES('e452160d-b990-44c4-aa2f-cf0efd32df59', 0, current_timestamp, current_timestamp, current_timestamp, current_timestamp, date('3/14/16'), 'PUE0015160', 'A');
INSERT INTO individual(id, version, address_id, date_created, last_name, last_updated, name, second_last_name, class, driver_license_id, email, employee_position_id, employee_type, job_detail_id, personal_data_id, employee_number) VALUES('3c9da6ad-468a-4145-8e2f-13f5e6f808aa', 0, '75fa855c-af83-42c2-a3b4-f439653599d5', current_timestamp, 'PEREZ', current_timestamp, 'ALDO', 'JUAREZ', 'justcloud.tickets.domain.Employee', 'e452160d-b990-44c4-aa2f-cf0efd32df59', '', 'operator-id', 'REGULAR_EMPLOYEE', '7385824d-f61e-402c-a7cc-9dd01f6ef29e', null, '2406');
INSERT INTO phone(id, version, date_created, last_updated, number, type) VALUES('e05a72f7-b66c-4d1b-97a0-599dd9ff9c87', 0, current_timestamp, current_timestamp, ' 222  3107031', 'MOBILE');
INSERT INTO employee_phone(employee_phones_id, phone_id) VALUES('3c9da6ad-468a-4145-8e2f-13f5e6f808aa', 'e05a72f7-b66c-4d1b-97a0-599dd9ff9c87');
INSERT INTO address(id, version, address, date_created, last_updated, municipality_id, postal_code, settlement_id, state_id) VALUES('d899ed4f-12f6-41aa-b158-224ce0ca0910', 0, 'CERRADA ESMERALDA LT-24 MZ- 15', current_timestamp, current_timestamp, (select municipality_id from settlement where postal_code = '72700' limit 1), '72700', (select id from settlement where postal_code = '72700' limit 1), (select state_id from settlement where postal_code = '72700' limit 1));
INSERT INTO job_detail(id, version, base_salary, job_name, date_created, last_updated) VALUES('0f952ef9-6ddf-4195-9a7b-1da7a3527474', 0, 4000.0, 'Operador', current_timestamp, current_timestamp);
INSERT INTO driver_license(id, version, antiqueness, date_created, last_updated, expedition, expiration, license_number, license_type) VALUES('527c80ae-c2a4-4845-861e-4692f3829309', 0, current_timestamp, current_timestamp, current_timestamp, current_timestamp, date('6/1/15'), 'PUE0000673', 'A');
INSERT INTO individual(id, version, address_id, date_created, last_name, last_updated, name, second_last_name, class, driver_license_id, email, employee_position_id, employee_type, job_detail_id, personal_data_id, employee_number) VALUES('240948cc-9a75-4b71-995b-3fcaee1c0c70', 0, 'd899ed4f-12f6-41aa-b158-224ce0ca0910', current_timestamp, 'ZEPEDA', current_timestamp, 'CESAR', 'MANI', 'justcloud.tickets.domain.Employee', '527c80ae-c2a4-4845-861e-4692f3829309', '', 'operator-id', 'REGULAR_EMPLOYEE', '0f952ef9-6ddf-4195-9a7b-1da7a3527474', null, '2407');
INSERT INTO phone(id, version, date_created, last_updated, number, type) VALUES('dc0286d3-d961-4a71-ab3b-be5e11931be7', 0, current_timestamp, current_timestamp, ' 222  1737879', 'MOBILE');
INSERT INTO employee_phone(employee_phones_id, phone_id) VALUES('240948cc-9a75-4b71-995b-3fcaee1c0c70', 'dc0286d3-d961-4a71-ab3b-be5e11931be7');
INSERT INTO address(id, version, address, date_created, last_updated, municipality_id, postal_code, settlement_id, state_id) VALUES('901001b1-e5f3-47ec-8e93-23c7e9d0ed8a', 0, 'FELIPE CARRILLO PUERTO  N -6', current_timestamp, current_timestamp, (select municipality_id from settlement where postal_code = '24197' limit 1), '24197', (select id from settlement where postal_code = '24197' limit 1), (select state_id from settlement where postal_code = '24197' limit 1));
INSERT INTO job_detail(id, version, base_salary, job_name, date_created, last_updated) VALUES('6d672c11-e8e3-4bf6-9bd7-aefb6771bc9d', 0, 4000.0, 'Operador', current_timestamp, current_timestamp);
INSERT INTO individual(id, version, address_id, date_created, last_name, last_updated, name, second_last_name, class, driver_license_id, email, employee_position_id, employee_type, job_detail_id, personal_data_id, employee_number) VALUES('188cfb9a-9d5b-46f9-b015-8be39720ad04', 0, '901001b1-e5f3-47ec-8e93-23c7e9d0ed8a', current_timestamp, 'CRUZ', current_timestamp, 'LUIS ANGEL', 'PEREZ', 'justcloud.tickets.domain.Employee', null, '', 'operator-id', 'REGULAR_EMPLOYEE', '6d672c11-e8e3-4bf6-9bd7-aefb6771bc9d', null, '2404');
INSERT INTO phone(id, version, date_created, last_updated, number, type) VALUES('46d0c225-019d-40d3-a664-24c00ccf3474', 0, current_timestamp, current_timestamp, ' 982  7319839', 'HOME');
INSERT INTO employee_phone(employee_phones_id, phone_id) VALUES('188cfb9a-9d5b-46f9-b015-8be39720ad04', '46d0c225-019d-40d3-a664-24c00ccf3474');
INSERT INTO phone(id, version, date_created, last_updated, number, type) VALUES('e0f135bd-aff6-44d0-90b2-4b7c74a1475f', 0, current_timestamp, current_timestamp, ' 982  1021757', 'MOBILE');
INSERT INTO employee_phone(employee_phones_id, phone_id) VALUES('188cfb9a-9d5b-46f9-b015-8be39720ad04', 'e0f135bd-aff6-44d0-90b2-4b7c74a1475f');
INSERT INTO address(id, version, address, date_created, last_updated, municipality_id, postal_code, settlement_id, state_id) VALUES('2f4319e2-7cc8-4d37-9106-81cf1ac1d7d2', 0, 'CHIAPAS S/N', current_timestamp, current_timestamp, (select municipality_id from settlement where postal_code = '95280' limit 1), '95280', (select id from settlement where postal_code = '95280' limit 1), (select state_id from settlement where postal_code = '95280' limit 1));
INSERT INTO job_detail(id, version, base_salary, job_name, date_created, last_updated) VALUES('45fa2fa1-f6c3-4c1b-abd1-81ee05e84923', 0, 4000.0, 'Operador', current_timestamp, current_timestamp);
INSERT INTO driver_license(id, version, antiqueness, date_created, last_updated, expedition, expiration, license_number, license_type) VALUES('07f83084-d055-4b27-bbaf-4b67efea5389', 0, current_timestamp, current_timestamp, current_timestamp, current_timestamp, date('4/30/18'), 'QROO001971', 'A');
INSERT INTO individual(id, version, address_id, date_created, last_name, last_updated, name, second_last_name, class, driver_license_id, email, employee_position_id, employee_type, job_detail_id, personal_data_id, employee_number) VALUES('9d631787-83c0-4ffb-bdb7-00e346ead7ca', 0, '2f4319e2-7cc8-4d37-9106-81cf1ac1d7d2', current_timestamp, 'MONTALVO', current_timestamp, 'ANTULIO', 'CONTRERAS', 'justcloud.tickets.domain.Employee', '07f83084-d055-4b27-bbaf-4b67efea5389', '', 'operator-id', 'REGULAR_EMPLOYEE', '45fa2fa1-f6c3-4c1b-abd1-81ee05e84923', null, '2405');
INSERT INTO phone(id, version, date_created, last_updated, number, type) VALUES('e5b10d1c-936a-427e-a9ff-101deeab94af', 0, current_timestamp, current_timestamp, ' 284 9444401', 'HOME');
INSERT INTO employee_phone(employee_phones_id, phone_id) VALUES('9d631787-83c0-4ffb-bdb7-00e346ead7ca', 'e5b10d1c-936a-427e-a9ff-101deeab94af');
INSERT INTO phone(id, version, date_created, last_updated, number, type) VALUES('5b10ecef-e2a8-4b0b-a6ae-4798d3945bfa', 0, current_timestamp, current_timestamp, ' 284  1011792', 'MOBILE');
INSERT INTO employee_phone(employee_phones_id, phone_id) VALUES('9d631787-83c0-4ffb-bdb7-00e346ead7ca', '5b10ecef-e2a8-4b0b-a6ae-4798d3945bfa');
INSERT INTO address(id, version, address, date_created, last_updated, municipality_id, postal_code, settlement_id, state_id) VALUES('bb1515d8-bf92-401c-b7f0-2d9f31235d44', 0, 'MAR DE BERING No.  1144', current_timestamp, current_timestamp, (select municipality_id from settlement where postal_code = '77518' limit 1), '77518', (select id from settlement where postal_code = '77518' limit 1), (select state_id from settlement where postal_code = '77518' limit 1));
INSERT INTO job_detail(id, version, base_salary, job_name, date_created, last_updated) VALUES('604d046c-9f9a-40e9-a632-5706625efe28', 0, 4000.0, 'Operador', current_timestamp, current_timestamp);
INSERT INTO driver_license(id, version, antiqueness, date_created, last_updated, expedition, expiration, license_number, license_type) VALUES('caf5f2f7-ad08-4cd7-823e-bb22e203aa82', 0, current_timestamp, current_timestamp, current_timestamp, current_timestamp, date('5/2/18'), 'QROO000111', 'A');
INSERT INTO individual(id, version, address_id, date_created, last_name, last_updated, name, second_last_name, class, driver_license_id, email, employee_position_id, employee_type, job_detail_id, personal_data_id, employee_number) VALUES('5655f84e-84d0-4c89-8911-3f322efefe09', 0, 'bb1515d8-bf92-401c-b7f0-2d9f31235d44', current_timestamp, 'CASTILLO', current_timestamp, 'JOSE BLAS HIPOLITO', 'RAMOS', 'justcloud.tickets.domain.Employee', 'caf5f2f7-ad08-4cd7-823e-bb22e203aa82', '', 'operator-id', 'REGULAR_EMPLOYEE', '604d046c-9f9a-40e9-a632-5706625efe28', null, '2409');
INSERT INTO phone(id, version, date_created, last_updated, number, type) VALUES('ed32e4ec-8142-4a7c-a0e0-f497f3fd97d8', 0, current_timestamp, current_timestamp, ' 998 2105688', 'HOME');
INSERT INTO employee_phone(employee_phones_id, phone_id) VALUES('5655f84e-84d0-4c89-8911-3f322efefe09', 'ed32e4ec-8142-4a7c-a0e0-f497f3fd97d8');
INSERT INTO phone(id, version, date_created, last_updated, number, type) VALUES('eb3da7f2-36b2-4b15-84e9-506de337f06e', 0, current_timestamp, current_timestamp, ' 998  2287876', 'MOBILE');
INSERT INTO employee_phone(employee_phones_id, phone_id) VALUES('5655f84e-84d0-4c89-8911-3f322efefe09', 'eb3da7f2-36b2-4b15-84e9-506de337f06e');
INSERT INTO address(id, version, address, date_created, last_updated, municipality_id, postal_code, settlement_id, state_id) VALUES('0ef92999-ab6f-4970-9a66-93786ef35711', 0, 'CALLE No.  3 S/N', current_timestamp, current_timestamp, (select municipality_id from settlement where postal_code = '86500' limit 1), '86500', (select id from settlement where postal_code = '86500' limit 1), (select state_id from settlement where postal_code = '86500' limit 1));
INSERT INTO job_detail(id, version, base_salary, job_name, date_created, last_updated) VALUES('e8f97c13-3126-4e45-a37b-42af3960002c', 0, 4000.0, 'Operador', current_timestamp, current_timestamp);
INSERT INTO driver_license(id, version, antiqueness, date_created, last_updated, expedition, expiration, license_number, license_type) VALUES('43aea48a-b6de-4b32-9513-6f93b74c9d62', 0, current_timestamp, current_timestamp, current_timestamp, current_timestamp, date('9/23/16'), 'TAB009225', 'A');
INSERT INTO individual(id, version, address_id, date_created, last_name, last_updated, name, second_last_name, class, driver_license_id, email, employee_position_id, employee_type, job_detail_id, personal_data_id, employee_number) VALUES('a61cae3b-d156-4379-b9b4-7a7ca1cc59d0', 0, '0ef92999-ab6f-4970-9a66-93786ef35711', current_timestamp, 'ORTIZ', current_timestamp, 'JORGE ALBERTO', 'RODRIGUEZ', 'justcloud.tickets.domain.Employee', '43aea48a-b6de-4b32-9513-6f93b74c9d62', '', 'operator-id', 'REGULAR_EMPLOYEE', 'e8f97c13-3126-4e45-a37b-42af3960002c', null, '2410');
INSERT INTO phone(id, version, date_created, last_updated, number, type) VALUES('700971e1-7b21-4c89-81fa-a2ff6fcd1dc9', 0, current_timestamp, current_timestamp, ' 937  1200200', 'MOBILE');
INSERT INTO employee_phone(employee_phones_id, phone_id) VALUES('a61cae3b-d156-4379-b9b4-7a7ca1cc59d0', '700971e1-7b21-4c89-81fa-a2ff6fcd1dc9');
INSERT INTO address(id, version, address, date_created, last_updated, municipality_id, postal_code, settlement_id, state_id) VALUES('e24557ca-5a70-4bd2-a780-ca09645245b0', 0, 'CERRADA VALLE DE MEXICO MZ-5 LT-6 DPTO - 9', current_timestamp, current_timestamp, (select municipality_id from settlement where postal_code = '86220' limit 1), '86220', (select id from settlement where postal_code = '86220' limit 1), (select state_id from settlement where postal_code = '86220' limit 1));
INSERT INTO job_detail(id, version, base_salary, job_name, date_created, last_updated) VALUES('054001a7-bffc-498c-8650-ee038d7be26f', 0, 4000.0, 'Operador', current_timestamp, current_timestamp);
INSERT INTO driver_license(id, version, antiqueness, date_created, last_updated, expedition, expiration, license_number, license_type) VALUES('333fb289-d2f7-4730-8da5-41d5933f2994', 0, current_timestamp, current_timestamp, current_timestamp, current_timestamp, date('4/2/18'), 'TAB0010668', 'A');
INSERT INTO individual(id, version, address_id, date_created, last_name, last_updated, name, second_last_name, class, driver_license_id, email, employee_position_id, employee_type, job_detail_id, personal_data_id, employee_number) VALUES('f1cbbeb9-582d-44e0-b6d9-a04b45105c86', 0, 'e24557ca-5a70-4bd2-a780-ca09645245b0', current_timestamp, 'ROMAN', current_timestamp, 'RENZO', 'VARELA', 'justcloud.tickets.domain.Employee', '333fb289-d2f7-4730-8da5-41d5933f2994', '', 'operator-id', 'REGULAR_EMPLOYEE', '054001a7-bffc-498c-8650-ee038d7be26f', null, '2411');
INSERT INTO phone(id, version, date_created, last_updated, number, type) VALUES('c6e45999-372a-40eb-b2e3-ea9eb9236fee', 0, current_timestamp, current_timestamp, ' 350  2810', 'HOME');
INSERT INTO employee_phone(employee_phones_id, phone_id) VALUES('f1cbbeb9-582d-44e0-b6d9-a04b45105c86', 'c6e45999-372a-40eb-b2e3-ea9eb9236fee');
INSERT INTO phone(id, version, date_created, last_updated, number, type) VALUES('b79dae71-7864-43d8-a012-c84ec499c685', 0, current_timestamp, current_timestamp, ' 993  3977911', 'MOBILE');
INSERT INTO employee_phone(employee_phones_id, phone_id) VALUES('f1cbbeb9-582d-44e0-b6d9-a04b45105c86', 'b79dae71-7864-43d8-a012-c84ec499c685');
INSERT INTO address(id, version, address, date_created, last_updated, municipality_id, postal_code, settlement_id, state_id) VALUES('f2346aaf-e9a7-4db6-ac6f-e4678c25d42e', 0, 'NIÑO ARTILLERO No.  115', current_timestamp, current_timestamp, (select municipality_id from settlement where postal_code = '86150' limit 1), '86150', (select id from settlement where postal_code = '86150' limit 1), (select state_id from settlement where postal_code = '86150' limit 1));
INSERT INTO job_detail(id, version, base_salary, job_name, date_created, last_updated) VALUES('e6dd85b0-09cb-463d-9398-1fbd157169be', 0, 4000.0, 'Operador', current_timestamp, current_timestamp);
INSERT INTO driver_license(id, version, antiqueness, date_created, last_updated, expedition, expiration, license_number, license_type) VALUES('aa7f07ff-305f-462e-9eab-85858efb4639', 0, current_timestamp, current_timestamp, current_timestamp, current_timestamp, date('3/20/17'), 'TAB0008823', 'A');
INSERT INTO individual(id, version, address_id, date_created, last_name, last_updated, name, second_last_name, class, driver_license_id, email, employee_position_id, employee_type, job_detail_id, personal_data_id, employee_number) VALUES('8c0863ae-b603-4301-a7d1-a4ddb7a3032e', 0, 'f2346aaf-e9a7-4db6-ac6f-e4678c25d42e', current_timestamp, 'RODRIGUEZ', current_timestamp, 'OCTAVIO', 'VEGAS', 'justcloud.tickets.domain.Employee', 'aa7f07ff-305f-462e-9eab-85858efb4639', '', 'operator-id', 'REGULAR_EMPLOYEE', 'e6dd85b0-09cb-463d-9398-1fbd157169be', null, '2412');
INSERT INTO phone(id, version, date_created, last_updated, number, type) VALUES('343fe03f-1667-4e33-b625-9268abef9dc5', 0, current_timestamp, current_timestamp, ' 993  1124495', 'MOBILE');
INSERT INTO employee_phone(employee_phones_id, phone_id) VALUES('8c0863ae-b603-4301-a7d1-a4ddb7a3032e', '343fe03f-1667-4e33-b625-9268abef9dc5');
INSERT INTO address(id, version, address, date_created, last_updated, municipality_id, postal_code, settlement_id, state_id) VALUES('b62e9d6a-b822-4a4f-b2f0-425284b6d9db', 0, 'CERRADA DE GUADALUPE VICTORIA No.  30', current_timestamp, current_timestamp, (select municipality_id from settlement where postal_code = '56208' limit 1), '56208', (select id from settlement where postal_code = '56208' limit 1), (select state_id from settlement where postal_code = '56208' limit 1));
INSERT INTO job_detail(id, version, base_salary, job_name, date_created, last_updated) VALUES('7add6001-20ad-4ba5-9883-99e7f600e2ab', 0, 4000.0, 'Operador', current_timestamp, current_timestamp);
INSERT INTO driver_license(id, version, antiqueness, date_created, last_updated, expedition, expiration, license_number, license_type) VALUES('10fcc3b1-5e92-43ba-b956-9fb587bf1f6a', 0, current_timestamp, current_timestamp, current_timestamp, current_timestamp, date('3/7/16'), 'DF00118198', 'A');
INSERT INTO individual(id, version, address_id, date_created, last_name, last_updated, name, second_last_name, class, driver_license_id, email, employee_position_id, employee_type, job_detail_id, personal_data_id, employee_number) VALUES('329bd69d-ff4a-42e5-99d1-bd47766dde62', 0, 'b62e9d6a-b822-4a4f-b2f0-425284b6d9db', current_timestamp, 'CARRANZA', current_timestamp, 'IRAN', 'FERNANDEZ', 'justcloud.tickets.domain.Employee', '10fcc3b1-5e92-43ba-b956-9fb587bf1f6a', '', 'operator-id', 'REGULAR_EMPLOYEE', '7add6001-20ad-4ba5-9883-99e7f600e2ab', null, '2413');
INSERT INTO phone(id, version, date_created, last_updated, number, type) VALUES('8521ce71-f53a-4698-a7b4-0a1071b89db9', 0, current_timestamp, current_timestamp, ' 595 9541727', 'HOME');
INSERT INTO employee_phone(employee_phones_id, phone_id) VALUES('329bd69d-ff4a-42e5-99d1-bd47766dde62', '8521ce71-f53a-4698-a7b4-0a1071b89db9');
INSERT INTO phone(id, version, date_created, last_updated, number, type) VALUES('f6724ff6-a41d-4167-bf33-d027db3c683a', 0, current_timestamp, current_timestamp, ' 551  8922077', 'MOBILE');
INSERT INTO employee_phone(employee_phones_id, phone_id) VALUES('329bd69d-ff4a-42e5-99d1-bd47766dde62', 'f6724ff6-a41d-4167-bf33-d027db3c683a');
INSERT INTO address(id, version, address, date_created, last_updated, municipality_id, postal_code, settlement_id, state_id) VALUES('b95958c4-d3a4-4100-859e-68ad08b88e3e', 0, 'SIN NOMBRE S/N', current_timestamp, current_timestamp, (select municipality_id from settlement where postal_code = '24350' limit 1), '24350', (select id from settlement where postal_code = '24350' limit 1), (select state_id from settlement where postal_code = '24350' limit 1));
INSERT INTO job_detail(id, version, base_salary, job_name, date_created, last_updated) VALUES('c73b53f6-0e6c-4208-ad75-7416bd9f4ba9', 0, 4000.0, 'Operador', current_timestamp, current_timestamp);
INSERT INTO driver_license(id, version, antiqueness, date_created, last_updated, expedition, expiration, license_number, license_type) VALUES('b0ab88b5-fed2-4d0b-8df5-8f5643554061', 0, current_timestamp, current_timestamp, current_timestamp, current_timestamp, date('1/6/17'), 'VERO131688', 'A');
INSERT INTO individual(id, version, address_id, date_created, last_name, last_updated, name, second_last_name, class, driver_license_id, email, employee_position_id, employee_type, job_detail_id, personal_data_id, employee_number) VALUES('d377e76e-0b8d-4e6a-bcb0-92cfcd3d0ed2', 0, 'b95958c4-d3a4-4100-859e-68ad08b88e3e', current_timestamp, 'ESPINOZA', current_timestamp, 'HECTOR MANUEL', 'AVILA', 'justcloud.tickets.domain.Employee', 'b0ab88b5-fed2-4d0b-8df5-8f5643554061', '', 'operator-id', 'REGULAR_EMPLOYEE', 'c73b53f6-0e6c-4208-ad75-7416bd9f4ba9', null, '2414');
INSERT INTO phone(id, version, date_created, last_updated, number, type) VALUES('44233060-9344-449d-9cb0-a434aa05a083', 0, current_timestamp, current_timestamp, ' 982 7317213', 'MOBILE');
INSERT INTO employee_phone(employee_phones_id, phone_id) VALUES('d377e76e-0b8d-4e6a-bcb0-92cfcd3d0ed2', '44233060-9344-449d-9cb0-a434aa05a083');
INSERT INTO address(id, version, address, date_created, last_updated, municipality_id, postal_code, settlement_id, state_id) VALUES('21b0255d-04ca-4c4a-845c-b36d7e6f5b86', 0, 'CALLE 19 MZ R, LT 7', current_timestamp, current_timestamp, (select municipality_id from settlement where postal_code = '42088' limit 1), '42088', (select id from settlement where postal_code = '42088' limit 1), (select state_id from settlement where postal_code = '42088' limit 1));
INSERT INTO job_detail(id, version, base_salary, job_name, date_created, last_updated) VALUES('8c8c2334-74d3-47c5-8e28-ca5d87b825b4', 0, 4000.0, 'Operador', current_timestamp, current_timestamp);
INSERT INTO driver_license(id, version, antiqueness, date_created, last_updated, expedition, expiration, license_number, license_type) VALUES('e2bdf9d2-ff5c-4f4e-aec6-8bc3ec3bf924', 0, current_timestamp, current_timestamp, current_timestamp, current_timestamp, date('12/13/15'), 'GRO0005504', 'A');
INSERT INTO individual(id, version, address_id, date_created, last_name, last_updated, name, second_last_name, class, driver_license_id, email, employee_position_id, employee_type, job_detail_id, personal_data_id, employee_number) VALUES('d4fd6c2c-f2e1-49c1-a49f-635226711422', 0, '21b0255d-04ca-4c4a-845c-b36d7e6f5b86', current_timestamp, 'GOMEZ', current_timestamp, 'SALVADOR', 'OLVERA', 'justcloud.tickets.domain.Employee', 'e2bdf9d2-ff5c-4f4e-aec6-8bc3ec3bf924', '', 'operator-id', 'REGULAR_EMPLOYEE', '8c8c2334-74d3-47c5-8e28-ca5d87b825b4', null, '2415');
INSERT INTO phone(id, version, date_created, last_updated, number, type) VALUES('8d5d2f32-8e7c-4dbb-854e-aa90571230d1', 0, current_timestamp, current_timestamp, ' 771 7970200', 'HOME');
INSERT INTO employee_phone(employee_phones_id, phone_id) VALUES('d4fd6c2c-f2e1-49c1-a49f-635226711422', '8d5d2f32-8e7c-4dbb-854e-aa90571230d1');
INSERT INTO phone(id, version, date_created, last_updated, number, type) VALUES('d26a3891-ce83-4063-88fe-0bdc317a64d1', 0, current_timestamp, current_timestamp, ' 771 2283235', 'MOBILE');
INSERT INTO employee_phone(employee_phones_id, phone_id) VALUES('d4fd6c2c-f2e1-49c1-a49f-635226711422', 'd26a3891-ce83-4063-88fe-0bdc317a64d1');
INSERT INTO address(id, version, address, date_created, last_updated, municipality_id, postal_code, settlement_id, state_id) VALUES('3ed9170a-4fc0-4b59-9538-49bedaac2786', 0, 'LOS PINOS S/N', current_timestamp, current_timestamp, (select municipality_id from settlement where postal_code = '68400' limit 1), '68400', (select id from settlement where postal_code = '68400' limit 1), (select state_id from settlement where postal_code = '68400' limit 1));
INSERT INTO job_detail(id, version, base_salary, job_name, date_created, last_updated) VALUES('a4a4c673-54c2-4d40-a945-7cddbcd9b792', 0, 4000.0, 'Operador', current_timestamp, current_timestamp);
INSERT INTO driver_license(id, version, antiqueness, date_created, last_updated, expedition, expiration, license_number, license_type) VALUES('2e935001-4f7c-467e-914b-0bd59ed4b66d', 0, current_timestamp, current_timestamp, current_timestamp, current_timestamp, date('10/31/15'), 'VER0142967', 'A');
INSERT INTO individual(id, version, address_id, date_created, last_name, last_updated, name, second_last_name, class, driver_license_id, email, employee_position_id, employee_type, job_detail_id, personal_data_id, employee_number) VALUES('fdb83d12-1653-4818-97e2-5747efc5ecbb', 0, '3ed9170a-4fc0-4b59-9538-49bedaac2786', current_timestamp, 'HERNANDEZ', current_timestamp, 'RICARDO', 'AMADOR', 'justcloud.tickets.domain.Employee', '2e935001-4f7c-467e-914b-0bd59ed4b66d', '', 'operator-id', 'REGULAR_EMPLOYEE', 'a4a4c673-54c2-4d40-a945-7cddbcd9b792', null, '2416');
INSERT INTO phone(id, version, date_created, last_updated, number, type) VALUES('79ece702-a655-40b6-bad5-080d1dec7a5a', 0, current_timestamp, current_timestamp, ' 281 1026585', 'MOBILE');
INSERT INTO employee_phone(employee_phones_id, phone_id) VALUES('fdb83d12-1653-4818-97e2-5747efc5ecbb', '79ece702-a655-40b6-bad5-080d1dec7a5a');
INSERT INTO address(id, version, address, date_created, last_updated, municipality_id, postal_code, settlement_id, state_id) VALUES('f7535af0-5a5a-4c40-bb5c-6b948e7f8734', 0, 'PRIVADA DE LA 12 A, MZ 11 LT 8', current_timestamp, current_timestamp, (select municipality_id from settlement where postal_code = '24026' limit 1), '24026', (select id from settlement where postal_code = '24026' limit 1), (select state_id from settlement where postal_code = '24026' limit 1));
INSERT INTO job_detail(id, version, base_salary, job_name, date_created, last_updated) VALUES('eb9be853-22db-48c9-916e-9220e95b4eb8', 0, 4000.0, 'Operador', current_timestamp, current_timestamp);
INSERT INTO driver_license(id, version, antiqueness, date_created, last_updated, expedition, expiration, license_number, license_type) VALUES('69168ce5-2dcd-49a5-808d-f29059efe959', 0, current_timestamp, current_timestamp, current_timestamp, current_timestamp, date('2/11/16'), 'CAMP001974', 'A');
INSERT INTO individual(id, version, address_id, date_created, last_name, last_updated, name, second_last_name, class, driver_license_id, email, employee_position_id, employee_type, job_detail_id, personal_data_id, employee_number) VALUES('80a896a9-ce5f-4bdc-b8c6-e75bc2d099ce', 0, 'f7535af0-5a5a-4c40-bb5c-6b948e7f8734', current_timestamp, 'SALAZAR', current_timestamp, 'FRANCISCO JAVIER', 'KUK', 'justcloud.tickets.domain.Employee', '69168ce5-2dcd-49a5-808d-f29059efe959', '', 'operator-id', 'REGULAR_EMPLOYEE', 'eb9be853-22db-48c9-916e-9220e95b4eb8', null, '2417');
INSERT INTO phone(id, version, date_created, last_updated, number, type) VALUES('1308cb2d-6fb1-4901-bed4-a8af44a108e8', 0, current_timestamp, current_timestamp, ' 999 3346329', 'MOBILE');
INSERT INTO employee_phone(employee_phones_id, phone_id) VALUES('80a896a9-ce5f-4bdc-b8c6-e75bc2d099ce', '1308cb2d-6fb1-4901-bed4-a8af44a108e8');
INSERT INTO address(id, version, address, date_created, last_updated, municipality_id, postal_code, settlement_id, state_id) VALUES('b9e24610-1bf9-4714-9648-adca96ecb87b', 0, 'PROLONGACION HIDALGO No.  41', current_timestamp, current_timestamp, (select municipality_id from settlement where postal_code = '94725' limit 1), '94725', (select id from settlement where postal_code = '94725' limit 1), (select state_id from settlement where postal_code = '94725' limit 1));
INSERT INTO job_detail(id, version, base_salary, job_name, date_created, last_updated) VALUES('845495e2-5850-4cda-8d1b-34108d2ca1ef', 0, 4000.0, 'Operador', current_timestamp, current_timestamp);
INSERT INTO driver_license(id, version, antiqueness, date_created, last_updated, expedition, expiration, license_number, license_type) VALUES('410114a8-2186-4740-b707-26521da8961f', 0, current_timestamp, current_timestamp, current_timestamp, current_timestamp, date('3/27/17'), 'VER117271', 'A');
INSERT INTO individual(id, version, address_id, date_created, last_name, last_updated, name, second_last_name, class, driver_license_id, email, employee_position_id, employee_type, job_detail_id, personal_data_id, employee_number) VALUES('0b2d53de-29ef-42ed-946e-9a887891cedd', 0, 'b9e24610-1bf9-4714-9648-adca96ecb87b', current_timestamp, 'ESPINOZA', current_timestamp, 'GERARDO', 'NIEVES', 'justcloud.tickets.domain.Employee', '410114a8-2186-4740-b707-26521da8961f', '', 'operator-id', 'REGULAR_EMPLOYEE', '845495e2-5850-4cda-8d1b-34108d2ca1ef', null, '2426');
INSERT INTO phone(id, version, date_created, last_updated, number, type) VALUES('ff917b5b-d2bb-4438-a917-d2534764aac6', 0, current_timestamp, current_timestamp, ' 272 7269942', 'HOME');
INSERT INTO employee_phone(employee_phones_id, phone_id) VALUES('0b2d53de-29ef-42ed-946e-9a887891cedd', 'ff917b5b-d2bb-4438-a917-d2534764aac6');
INSERT INTO phone(id, version, date_created, last_updated, number, type) VALUES('08eab65c-3371-4033-839d-d090e5464843', 0, current_timestamp, current_timestamp, ' 222  3197320', 'MOBILE');
INSERT INTO employee_phone(employee_phones_id, phone_id) VALUES('0b2d53de-29ef-42ed-946e-9a887891cedd', '08eab65c-3371-4033-839d-d090e5464843');
INSERT INTO address(id, version, address, date_created, last_updated, municipality_id, postal_code, settlement_id, state_id) VALUES('f0d2ffcd-2ff6-4d11-8c81-af17d41458ff', 0, 'PACHTLI MZ-454 LT-11', current_timestamp, current_timestamp, (select municipality_id from settlement where postal_code = '56360' limit 1), '56360', (select id from settlement where postal_code = '56360' limit 1), (select state_id from settlement where postal_code = '56360' limit 1));
INSERT INTO job_detail(id, version, base_salary, job_name, date_created, last_updated) VALUES('6a3aefb7-0b22-4f33-8b44-17669850057f', 0, 4000.0, 'Operador', current_timestamp, current_timestamp);
INSERT INTO driver_license(id, version, antiqueness, date_created, last_updated, expedition, expiration, license_number, license_type) VALUES('be16fde1-e643-4860-964b-441dccf1443c', 0, current_timestamp, current_timestamp, current_timestamp, current_timestamp, date('4/30/15'), 'DF00128957', 'A');
INSERT INTO individual(id, version, address_id, date_created, last_name, last_updated, name, second_last_name, class, driver_license_id, email, employee_position_id, employee_type, job_detail_id, personal_data_id, employee_number) VALUES('2e0abe53-fe75-47c1-b69c-1a152c4b8a0c', 0, 'f0d2ffcd-2ff6-4d11-8c81-af17d41458ff', current_timestamp, 'HERNANDEZ', current_timestamp, 'RICARDO', 'ZAMORA', 'justcloud.tickets.domain.Employee', 'be16fde1-e643-4860-964b-441dccf1443c', '', 'operator-id', 'REGULAR_EMPLOYEE', '6a3aefb7-0b22-4f33-8b44-17669850057f', null, '2427');
INSERT INTO phone(id, version, date_created, last_updated, number, type) VALUES('a2730953-d561-4724-b058-bbcaeedf3b2f', 0, current_timestamp, current_timestamp, ' 555  0445182', 'HOME');
INSERT INTO employee_phone(employee_phones_id, phone_id) VALUES('2e0abe53-fe75-47c1-b69c-1a152c4b8a0c', 'a2730953-d561-4724-b058-bbcaeedf3b2f');
INSERT INTO phone(id, version, date_created, last_updated, number, type) VALUES('7b4d7b0b-9de4-4302-894b-c72f245d12d4', 0, current_timestamp, current_timestamp, ' 552  0801542', 'MOBILE');
INSERT INTO employee_phone(employee_phones_id, phone_id) VALUES('2e0abe53-fe75-47c1-b69c-1a152c4b8a0c', '7b4d7b0b-9de4-4302-894b-c72f245d12d4');
INSERT INTO address(id, version, address, date_created, last_updated, municipality_id, postal_code, settlement_id, state_id) VALUES('c3457ae4-8a83-43e4-a99b-a71e6f76ca11', 0, 'A LA TORRE No.  124', current_timestamp, current_timestamp, (select municipality_id from settlement where postal_code = '86700' limit 1), '86700', (select id from settlement where postal_code = '86700' limit 1), (select state_id from settlement where postal_code = '86700' limit 1));
INSERT INTO job_detail(id, version, base_salary, job_name, date_created, last_updated) VALUES('ad1f69de-614d-435f-832e-46ee26829225', 0, 4000.0, 'Operador', current_timestamp, current_timestamp);
INSERT INTO driver_license(id, version, antiqueness, date_created, last_updated, expedition, expiration, license_number, license_type) VALUES('e18f8487-8a0d-4315-a3b4-347c40a5347d', 0, current_timestamp, current_timestamp, current_timestamp, current_timestamp, date('10/31/19'), 'TAB03294', 'A');
INSERT INTO individual(id, version, address_id, date_created, last_name, last_updated, name, second_last_name, class, driver_license_id, email, employee_position_id, employee_type, job_detail_id, personal_data_id, employee_number) VALUES('0e041f93-a3d0-4746-b862-fe2b4cb14568', 0, 'c3457ae4-8a83-43e4-a99b-a71e6f76ca11', current_timestamp, 'PEÑA', current_timestamp, 'CARLOS ALBERTO', 'SUAREZ', 'justcloud.tickets.domain.Employee', 'e18f8487-8a0d-4315-a3b4-347c40a5347d', '', 'operator-id', 'REGULAR_EMPLOYEE', 'ad1f69de-614d-435f-832e-46ee26829225', null, '2428');
INSERT INTO phone(id, version, date_created, last_updated, number, type) VALUES('56663d40-9aca-494e-bccb-56d037678ffa', 0, current_timestamp, current_timestamp, ' 993  1823180', 'MOBILE');
INSERT INTO employee_phone(employee_phones_id, phone_id) VALUES('0e041f93-a3d0-4746-b862-fe2b4cb14568', '56663d40-9aca-494e-bccb-56d037678ffa');
INSERT INTO address(id, version, address, date_created, last_updated, municipality_id, postal_code, settlement_id, state_id) VALUES('e895cf6f-30d0-4d6a-b858-8ec499e03982', 0, 'PRIVADA NIÑOS HEROES No.  7', current_timestamp, current_timestamp, (select municipality_id from settlement where postal_code = '55850' limit 1), '55850', (select id from settlement where postal_code = '55850' limit 1), (select state_id from settlement where postal_code = '55850' limit 1));
INSERT INTO job_detail(id, version, base_salary, job_name, date_created, last_updated) VALUES('ce32a3fa-a714-47cd-b6a8-4f40b0c6b363', 0, 4000.0, 'Operador', current_timestamp, current_timestamp);
INSERT INTO driver_license(id, version, antiqueness, date_created, last_updated, expedition, expiration, license_number, license_type) VALUES('33ddb561-5f7d-47c8-9e12-76c1c41fe514', 0, current_timestamp, current_timestamp, current_timestamp, current_timestamp, date('3/30/17'), 'VER202917', 'A');
INSERT INTO individual(id, version, address_id, date_created, last_name, last_updated, name, second_last_name, class, driver_license_id, email, employee_position_id, employee_type, job_detail_id, personal_data_id, employee_number) VALUES('17795133-d2d4-4cad-9144-2db37fe2800f', 0, 'e895cf6f-30d0-4d6a-b858-8ec499e03982', current_timestamp, 'RAMOS', current_timestamp, 'GABRIEL', 'LOPEZ', 'justcloud.tickets.domain.Employee', '33ddb561-5f7d-47c8-9e12-76c1c41fe514', '', 'operator-id', 'REGULAR_EMPLOYEE', 'ce32a3fa-a714-47cd-b6a8-4f40b0c6b363', null, '2430');
INSERT INTO phone(id, version, date_created, last_updated, number, type) VALUES('6d1f6787-1100-41a1-9398-3349d228d43c', 0, current_timestamp, current_timestamp, ' 594 9582785', 'HOME');
INSERT INTO employee_phone(employee_phones_id, phone_id) VALUES('17795133-d2d4-4cad-9144-2db37fe2800f', '6d1f6787-1100-41a1-9398-3349d228d43c');
INSERT INTO phone(id, version, date_created, last_updated, number, type) VALUES('f6b3a439-e424-422c-a05c-fa1e20c86c07', 0, current_timestamp, current_timestamp, ' 551  7826993', 'MOBILE');
INSERT INTO employee_phone(employee_phones_id, phone_id) VALUES('17795133-d2d4-4cad-9144-2db37fe2800f', 'f6b3a439-e424-422c-a05c-fa1e20c86c07');
INSERT INTO address(id, version, address, date_created, last_updated, municipality_id, postal_code, settlement_id, state_id) VALUES('1b035ee5-315b-4fec-bfce-c247b7c17e87', 0, 'BENITO JUAREZ No.  112', current_timestamp, current_timestamp, (select municipality_id from settlement where postal_code = '96810' limit 1), '96810', (select id from settlement where postal_code = '96810' limit 1), (select state_id from settlement where postal_code = '96810' limit 1));
INSERT INTO job_detail(id, version, base_salary, job_name, date_created, last_updated) VALUES('9292a699-a54c-4e2c-9d16-d1ec36900b17', 0, 4000.0, 'Operador', current_timestamp, current_timestamp);
INSERT INTO driver_license(id, version, antiqueness, date_created, last_updated, expedition, expiration, license_number, license_type) VALUES('35e4f4bc-d9f5-4397-89a7-50b6ebe17763', 0, current_timestamp, current_timestamp, current_timestamp, current_timestamp, date('7/6/16'), 'VER0305173', 'A');
INSERT INTO individual(id, version, address_id, date_created, last_name, last_updated, name, second_last_name, class, driver_license_id, email, employee_position_id, employee_type, job_detail_id, personal_data_id, employee_number) VALUES('709a4759-cf6b-4d73-badf-7ac918f4eb5b', 0, '1b035ee5-315b-4fec-bfce-c247b7c17e87', current_timestamp, 'RAMOS', current_timestamp, 'RENE ALEJANDRO', 'NUÑEZ', 'justcloud.tickets.domain.Employee', '35e4f4bc-d9f5-4397-89a7-50b6ebe17763', '', 'operator-id', 'REGULAR_EMPLOYEE', '9292a699-a54c-4e2c-9d16-d1ec36900b17', null, '2431');
INSERT INTO phone(id, version, date_created, last_updated, number, type) VALUES('904261b9-1ef4-4b88-87f6-a2728f983cb9', 0, current_timestamp, current_timestamp, ' 922 2224190', 'HOME');
INSERT INTO employee_phone(employee_phones_id, phone_id) VALUES('709a4759-cf6b-4d73-badf-7ac918f4eb5b', '904261b9-1ef4-4b88-87f6-a2728f983cb9');
INSERT INTO phone(id, version, date_created, last_updated, number, type) VALUES('220fad35-8d09-48f2-9ff0-d0e531cb1e7b', 0, current_timestamp, current_timestamp, ' 922  2664223', 'MOBILE');
INSERT INTO employee_phone(employee_phones_id, phone_id) VALUES('709a4759-cf6b-4d73-badf-7ac918f4eb5b', '220fad35-8d09-48f2-9ff0-d0e531cb1e7b');
INSERT INTO address(id, version, address, date_created, last_updated, municipality_id, postal_code, settlement_id, state_id) VALUES('eaf9c877-481b-4b23-b2ec-04ce3c956aee', 0, '28x33 No.  174', current_timestamp, current_timestamp, (select municipality_id from settlement where postal_code = '97320' limit 1), '97320', (select id from settlement where postal_code = '97320' limit 1), (select state_id from settlement where postal_code = '97320' limit 1));
INSERT INTO job_detail(id, version, base_salary, job_name, date_created, last_updated) VALUES('49c8ffd8-b53e-4e63-bd1a-3d27648da9bb', 0, 4000.0, 'Operador', current_timestamp, current_timestamp);
INSERT INTO driver_license(id, version, antiqueness, date_created, last_updated, expedition, expiration, license_number, license_type) VALUES('30de85d2-e186-47ca-95d0-7e53cf235e24', 0, current_timestamp, current_timestamp, current_timestamp, current_timestamp, date('11/22/16'), 'YUC00006573', 'A');
INSERT INTO individual(id, version, address_id, date_created, last_name, last_updated, name, second_last_name, class, driver_license_id, email, employee_position_id, employee_type, job_detail_id, personal_data_id, employee_number) VALUES('09885f36-7f63-4e2b-808c-2108e9860ce2', 0, 'eaf9c877-481b-4b23-b2ec-04ce3c956aee', current_timestamp, 'EVIA', current_timestamp, 'CRISTIAN JESUS', 'UC', 'justcloud.tickets.domain.Employee', '30de85d2-e186-47ca-95d0-7e53cf235e24', '', 'operator-id', 'REGULAR_EMPLOYEE', '49c8ffd8-b53e-4e63-bd1a-3d27648da9bb', null, '2447');
INSERT INTO phone(id, version, date_created, last_updated, number, type) VALUES('637f79ed-ce82-4e2d-b8c4-a1bb5fb992c4', 0, current_timestamp, current_timestamp, ' 999 3240680', 'MOBILE');
INSERT INTO employee_phone(employee_phones_id, phone_id) VALUES('09885f36-7f63-4e2b-808c-2108e9860ce2', '637f79ed-ce82-4e2d-b8c4-a1bb5fb992c4');
INSERT INTO address(id, version, address, date_created, last_updated, municipality_id, postal_code, settlement_id, state_id) VALUES('45309741-e3c0-41fe-aac6-9c27ab7746cd', 0, '31 DIAG N 306', current_timestamp, current_timestamp, (select municipality_id from settlement where postal_code = '97165' limit 1), '97165', (select id from settlement where postal_code = '97165' limit 1), (select state_id from settlement where postal_code = '97165' limit 1));
INSERT INTO job_detail(id, version, base_salary, job_name, date_created, last_updated) VALUES('e17c0eb0-af64-4973-93e6-19fdab2590ff', 0, 4000.0, 'Operador', current_timestamp, current_timestamp);
INSERT INTO driver_license(id, version, antiqueness, date_created, last_updated, expedition, expiration, license_number, license_type) VALUES('e4110c73-2c30-46f6-ade3-3da47b7881c9', 0, current_timestamp, current_timestamp, current_timestamp, current_timestamp, date('12/6/15'), 'YUC0008740', 'A');
INSERT INTO individual(id, version, address_id, date_created, last_name, last_updated, name, second_last_name, class, driver_license_id, email, employee_position_id, employee_type, job_detail_id, personal_data_id, employee_number) VALUES('a563ef96-3d16-4881-ae1a-3cc7f71e9d5b', 0, '45309741-e3c0-41fe-aac6-9c27ab7746cd', current_timestamp, 'CETINA', current_timestamp, 'ENRIQUE ANTONIO', 'TALAVERA', 'justcloud.tickets.domain.Employee', 'e4110c73-2c30-46f6-ade3-3da47b7881c9', '', 'operator-id', 'REGULAR_EMPLOYEE', 'e17c0eb0-af64-4973-93e6-19fdab2590ff', null, '2446');
INSERT INTO phone(id, version, date_created, last_updated, number, type) VALUES('d2d110f5-389c-41d5-943b-e178a937b46b', 0, current_timestamp, current_timestamp, ' 999 1881293', 'HOME');
INSERT INTO employee_phone(employee_phones_id, phone_id) VALUES('a563ef96-3d16-4881-ae1a-3cc7f71e9d5b', 'd2d110f5-389c-41d5-943b-e178a937b46b');
INSERT INTO phone(id, version, date_created, last_updated, number, type) VALUES('55aa3c45-7690-439c-9d62-7fc09583044d', 0, current_timestamp, current_timestamp, ' 999  2801729', 'MOBILE');
INSERT INTO employee_phone(employee_phones_id, phone_id) VALUES('a563ef96-3d16-4881-ae1a-3cc7f71e9d5b', '55aa3c45-7690-439c-9d62-7fc09583044d');
INSERT INTO address(id, version, address, date_created, last_updated, municipality_id, postal_code, settlement_id, state_id) VALUES('5b85a418-aff7-4115-bd60-16396c283cf5', 0, 'ADOLFO LOPEZ MATEOS', current_timestamp, current_timestamp, (select municipality_id from settlement where postal_code = '52172' limit 1), '52172', (select id from settlement where postal_code = '52172' limit 1), (select state_id from settlement where postal_code = '52172' limit 1));
INSERT INTO job_detail(id, version, base_salary, job_name, date_created, last_updated) VALUES('e26c5ccf-a8c2-41f6-95a5-abf75751f743', 0, 4000.0, 'Operador', current_timestamp, current_timestamp);
INSERT INTO driver_license(id, version, antiqueness, date_created, last_updated, expedition, expiration, license_number, license_type) VALUES('f548fc8e-f392-4a09-9679-9265d4c87952', 0, current_timestamp, current_timestamp, current_timestamp, current_timestamp, date('8/31/17'), 'MICH105905', 'A');
INSERT INTO individual(id, version, address_id, date_created, last_name, last_updated, name, second_last_name, class, driver_license_id, email, employee_position_id, employee_type, job_detail_id, personal_data_id, employee_number) VALUES('ea42147b-705d-4dea-b0b9-287fac669a38', 0, '5b85a418-aff7-4115-bd60-16396c283cf5', current_timestamp, 'COYOTE', current_timestamp, 'JOEL', 'DOMINGUEZ', 'justcloud.tickets.domain.Employee', 'f548fc8e-f392-4a09-9679-9265d4c87952', '', 'operator-id', 'REGULAR_EMPLOYEE', 'e26c5ccf-a8c2-41f6-95a5-abf75751f743', null, '2449');
INSERT INTO phone(id, version, date_created, last_updated, number, type) VALUES('a5cf9e8d-a3cf-4ee3-a470-a4f4690a254a', 0, current_timestamp, current_timestamp, '2711706', 'HOME');
INSERT INTO employee_phone(employee_phones_id, phone_id) VALUES('ea42147b-705d-4dea-b0b9-287fac669a38', 'a5cf9e8d-a3cf-4ee3-a470-a4f4690a254a');
INSERT INTO phone(id, version, date_created, last_updated, number, type) VALUES('dd501ace-4f4e-460b-90a6-39b6c18ceefb', 0, current_timestamp, current_timestamp, ' 722  5596812', 'MOBILE');
INSERT INTO employee_phone(employee_phones_id, phone_id) VALUES('ea42147b-705d-4dea-b0b9-287fac669a38', 'dd501ace-4f4e-460b-90a6-39b6c18ceefb');
INSERT INTO address(id, version, address, date_created, last_updated, municipality_id, postal_code, settlement_id, state_id) VALUES('d8a1025b-99b4-4799-94a0-8a2b6f9945a1', 0, 'GUERRERO No.  300', current_timestamp, current_timestamp, (select municipality_id from settlement where postal_code = '89490' limit 1), '89490', (select id from settlement where postal_code = '89490' limit 1), (select state_id from settlement where postal_code = '89490' limit 1));
INSERT INTO job_detail(id, version, base_salary, job_name, date_created, last_updated) VALUES('4fb94bcd-824f-4e71-8cf1-43fd92f7a116', 0, 4000.0, 'Operador', current_timestamp, current_timestamp);
INSERT INTO driver_license(id, version, antiqueness, date_created, last_updated, expedition, expiration, license_number, license_type) VALUES('28888dc3-22ae-4fbb-acf9-c13264ff91e1', 0, current_timestamp, current_timestamp, current_timestamp, current_timestamp, date('10/13/15'), 'TAMP105754', 'A');
INSERT INTO individual(id, version, address_id, date_created, last_name, last_updated, name, second_last_name, class, driver_license_id, email, employee_position_id, employee_type, job_detail_id, personal_data_id, employee_number) VALUES('2f8c9b15-f3a2-4f69-ae5f-3948b6c7ee5e', 0, 'd8a1025b-99b4-4799-94a0-8a2b6f9945a1', current_timestamp, 'GUERRERO', current_timestamp, 'YAZHET', 'MOLAR', 'justcloud.tickets.domain.Employee', '28888dc3-22ae-4fbb-acf9-c13264ff91e1', '', 'operator-id', 'REGULAR_EMPLOYEE', '4fb94bcd-824f-4e71-8cf1-43fd92f7a116', null, '2443');
INSERT INTO phone(id, version, date_created, last_updated, number, type) VALUES('804ffec3-beb2-47b8-b7ed-0e94566534fe', 0, current_timestamp, current_timestamp, '8332219409', 'HOME');
INSERT INTO employee_phone(employee_phones_id, phone_id) VALUES('2f8c9b15-f3a2-4f69-ae5f-3948b6c7ee5e', '804ffec3-beb2-47b8-b7ed-0e94566534fe');
INSERT INTO phone(id, version, date_created, last_updated, number, type) VALUES('547ea09e-c632-4ca1-9b87-db28f69a3635', 0, current_timestamp, current_timestamp, ' 331  7789972', 'MOBILE');
INSERT INTO employee_phone(employee_phones_id, phone_id) VALUES('2f8c9b15-f3a2-4f69-ae5f-3948b6c7ee5e', '547ea09e-c632-4ca1-9b87-db28f69a3635');
INSERT INTO address(id, version, address, date_created, last_updated, municipality_id, postal_code, settlement_id, state_id) VALUES('b6f6cfd8-e0b4-41b7-b10f-0c81e8213c8b', 0, 'TULIPANES No.  204 B SUR', current_timestamp, current_timestamp, (select municipality_id from settlement where postal_code = '93390' limit 1), '93390', (select id from settlement where postal_code = '93390' limit 1), (select state_id from settlement where postal_code = '93390' limit 1));
INSERT INTO job_detail(id, version, base_salary, job_name, date_created, last_updated) VALUES('0394bf4c-10c9-412f-848b-fa42f6e8e0cf', 0, 4000.0, 'Operador', current_timestamp, current_timestamp);
INSERT INTO driver_license(id, version, antiqueness, date_created, last_updated, expedition, expiration, license_number, license_type) VALUES('8c84c287-7abf-4477-8bee-efbdb27ed42e', 0, current_timestamp, current_timestamp, current_timestamp, current_timestamp, date('5/13/19'), 'VER02115533', 'A');
INSERT INTO individual(id, version, address_id, date_created, last_name, last_updated, name, second_last_name, class, driver_license_id, email, employee_position_id, employee_type, job_detail_id, personal_data_id, employee_number) VALUES('c31fc9ac-4348-433d-a42a-d425d019b3bd', 0, 'b6f6cfd8-e0b4-41b7-b10f-0c81e8213c8b', current_timestamp, 'PEÑA', current_timestamp, 'JOSE ANTONIO', 'ESPINOZA', 'justcloud.tickets.domain.Employee', '8c84c287-7abf-4477-8bee-efbdb27ed42e', '', 'operator-id', 'REGULAR_EMPLOYEE', '0394bf4c-10c9-412f-848b-fa42f6e8e0cf', null, '2451');
INSERT INTO phone(id, version, date_created, last_updated, number, type) VALUES('3b650fad-bc43-4a35-8200-9e67adaa835e', 0, current_timestamp, current_timestamp, ' 782 1110063', 'HOME');
INSERT INTO employee_phone(employee_phones_id, phone_id) VALUES('c31fc9ac-4348-433d-a42a-d425d019b3bd', '3b650fad-bc43-4a35-8200-9e67adaa835e');
INSERT INTO phone(id, version, date_created, last_updated, number, type) VALUES('4cd2d2ac-27af-4261-ba39-2c231e248fba', 0, current_timestamp, current_timestamp, ' 782  1723773', 'MOBILE');
INSERT INTO employee_phone(employee_phones_id, phone_id) VALUES('c31fc9ac-4348-433d-a42a-d425d019b3bd', '4cd2d2ac-27af-4261-ba39-2c231e248fba');
INSERT INTO address(id, version, address, date_created, last_updated, municipality_id, postal_code, settlement_id, state_id) VALUES('d3339873-1ac4-4740-b1df-4dd730676bc6', 0, 'CEDRO No.  212', current_timestamp, current_timestamp, (select municipality_id from settlement where postal_code = '89600' limit 1), '89600', (select id from settlement where postal_code = '89600' limit 1), (select state_id from settlement where postal_code = '89600' limit 1));
INSERT INTO job_detail(id, version, base_salary, job_name, date_created, last_updated) VALUES('7984de22-eeaa-4cbe-901f-9b9387e704d4', 0, 4000.0, 'Operador', current_timestamp, current_timestamp);
INSERT INTO driver_license(id, version, antiqueness, date_created, last_updated, expedition, expiration, license_number, license_type) VALUES('d4ac9036-8eb1-415f-b274-c492f17cc903', 0, current_timestamp, current_timestamp, current_timestamp, current_timestamp, date('12/7/15'), 'TAMP310350', 'A');
INSERT INTO individual(id, version, address_id, date_created, last_name, last_updated, name, second_last_name, class, driver_license_id, email, employee_position_id, employee_type, job_detail_id, personal_data_id, employee_number) VALUES('391c6d48-b7c1-4984-969e-1109f36b7e7a', 0, 'd3339873-1ac4-4740-b1df-4dd730676bc6', current_timestamp, 'PEREZ', current_timestamp, 'JOSE ANGEL', 'SILVA', 'justcloud.tickets.domain.Employee', 'd4ac9036-8eb1-415f-b274-c492f17cc903', '', 'operator-id', 'REGULAR_EMPLOYEE', '7984de22-eeaa-4cbe-901f-9b9387e704d4', null, '2456');
INSERT INTO phone(id, version, date_created, last_updated, number, type) VALUES('c32172a6-1ec7-4ce3-ab4a-65f019b55e37', 0, current_timestamp, current_timestamp, ' 833 2171868', 'HOME');
INSERT INTO employee_phone(employee_phones_id, phone_id) VALUES('391c6d48-b7c1-4984-969e-1109f36b7e7a', 'c32172a6-1ec7-4ce3-ab4a-65f019b55e37');
INSERT INTO phone(id, version, date_created, last_updated, number, type) VALUES('221f2d58-f010-4fb5-98ff-6465b565ebe7', 0, current_timestamp, current_timestamp, ' 833  3904199', 'MOBILE');
INSERT INTO employee_phone(employee_phones_id, phone_id) VALUES('391c6d48-b7c1-4984-969e-1109f36b7e7a', '221f2d58-f010-4fb5-98ff-6465b565ebe7');
INSERT INTO address(id, version, address, date_created, last_updated, municipality_id, postal_code, settlement_id, state_id) VALUES('81ffce66-0045-4159-8b5a-fe30c9af2ee1', 0, 'CIRCUITO DEL PINAR N-28', current_timestamp, current_timestamp, (select municipality_id from settlement where postal_code = '50016' limit 1), '50016', (select id from settlement where postal_code = '50016' limit 1), (select state_id from settlement where postal_code = '50016' limit 1));
INSERT INTO job_detail(id, version, base_salary, job_name, date_created, last_updated) VALUES('6051e980-388a-4ea8-bdcc-2f7e08143517', 0, 4000.0, 'Operador', current_timestamp, current_timestamp);
INSERT INTO driver_license(id, version, antiqueness, date_created, last_updated, expedition, expiration, license_number, license_type) VALUES('d1a12468-31e0-41c7-a727-8977ba89bfe6', 0, current_timestamp, current_timestamp, current_timestamp, current_timestamp, date('3/14/17'), 'EDOM020157', 'A');
INSERT INTO individual(id, version, address_id, date_created, last_name, last_updated, name, second_last_name, class, driver_license_id, email, employee_position_id, employee_type, job_detail_id, personal_data_id, employee_number) VALUES('a0dc4377-33e7-4d68-a68e-511f2ba20971', 0, '81ffce66-0045-4159-8b5a-fe30c9af2ee1', current_timestamp, 'GONZALEZ', current_timestamp, 'EDMUNDO', 'ESTRADA', 'justcloud.tickets.domain.Employee', 'd1a12468-31e0-41c7-a727-8977ba89bfe6', '', 'operator-id', 'REGULAR_EMPLOYEE', '6051e980-388a-4ea8-bdcc-2f7e08143517', null, '2457');
INSERT INTO phone(id, version, date_created, last_updated, number, type) VALUES('8dbe4bff-5eab-4dc3-877b-d53d55749f1f', 0, current_timestamp, current_timestamp, ' 656  2405999', 'MOBILE');
INSERT INTO employee_phone(employee_phones_id, phone_id) VALUES('a0dc4377-33e7-4d68-a68e-511f2ba20971', '8dbe4bff-5eab-4dc3-877b-d53d55749f1f');
INSERT INTO address(id, version, address, date_created, last_updated, municipality_id, postal_code, settlement_id, state_id) VALUES('052e4997-96c8-4e59-b94f-65224c5d4028', 0, 'HORTENCIAS N 160', current_timestamp, current_timestamp, (select municipality_id from settlement where postal_code = '68375' limit 1), '68375', (select id from settlement where postal_code = '68375' limit 1), (select state_id from settlement where postal_code = '68375' limit 1));
INSERT INTO job_detail(id, version, base_salary, job_name, date_created, last_updated) VALUES('f89658fb-463a-423f-aa28-41df3ce46c63', 0, 4000.0, 'Operador', current_timestamp, current_timestamp);
INSERT INTO driver_license(id, version, antiqueness, date_created, last_updated, expedition, expiration, license_number, license_type) VALUES('50311f60-e881-49c2-99fe-5bf51978ee88', 0, current_timestamp, current_timestamp, current_timestamp, current_timestamp, date('1/13/16'), 'VER129553', 'A');
INSERT INTO individual(id, version, address_id, date_created, last_name, last_updated, name, second_last_name, class, driver_license_id, email, employee_position_id, employee_type, job_detail_id, personal_data_id, employee_number) VALUES('7ea46b79-248c-4477-9e5b-b00b8046c45b', 0, '052e4997-96c8-4e59-b94f-65224c5d4028', current_timestamp, 'TREJO', current_timestamp, 'FELIPE', 'ORTIZ', 'justcloud.tickets.domain.Employee', '50311f60-e881-49c2-99fe-5bf51978ee88', '', 'operator-id', 'REGULAR_EMPLOYEE', 'f89658fb-463a-423f-aa28-41df3ce46c63', null, '2459');
INSERT INTO phone(id, version, date_created, last_updated, number, type) VALUES('33d69333-2762-4efb-af94-c00c23c36cea', 0, current_timestamp, current_timestamp, ' 287 8899134', 'HOME');
INSERT INTO employee_phone(employee_phones_id, phone_id) VALUES('7ea46b79-248c-4477-9e5b-b00b8046c45b', '33d69333-2762-4efb-af94-c00c23c36cea');
INSERT INTO phone(id, version, date_created, last_updated, number, type) VALUES('1cb70cfc-7cd5-4d0b-908c-de017b602d4b', 0, current_timestamp, current_timestamp, ' 551  7872199', 'MOBILE');
INSERT INTO employee_phone(employee_phones_id, phone_id) VALUES('7ea46b79-248c-4477-9e5b-b00b8046c45b', '1cb70cfc-7cd5-4d0b-908c-de017b602d4b');
INSERT INTO address(id, version, address, date_created, last_updated, municipality_id, postal_code, settlement_id, state_id) VALUES('df8aa6ec-7df6-4c98-86e7-2449396e5989', 0, 'AVENIDA BENITO JUAREZ No. 59', current_timestamp, current_timestamp, (select municipality_id from settlement where postal_code = '09740' limit 1), '09740', (select id from settlement where postal_code = '09740' limit 1), (select state_id from settlement where postal_code = '09740' limit 1));
INSERT INTO job_detail(id, version, base_salary, job_name, date_created, last_updated) VALUES('b9a549fd-b967-425d-b054-b04818005d08', 0, 4000.0, 'Operador', current_timestamp, current_timestamp);
INSERT INTO driver_license(id, version, antiqueness, date_created, last_updated, expedition, expiration, license_number, license_type) VALUES('551d06c4-6e7c-40f9-b1c3-99b5937801e8', 0, current_timestamp, current_timestamp, current_timestamp, current_timestamp, date('12/16/15'), 'DF00124680', 'A');
INSERT INTO individual(id, version, address_id, date_created, last_name, last_updated, name, second_last_name, class, driver_license_id, email, employee_position_id, employee_type, job_detail_id, personal_data_id, employee_number) VALUES('3e388f78-0304-4084-8267-de47323cc7fe', 0, 'df8aa6ec-7df6-4c98-86e7-2449396e5989', current_timestamp, 'ORDOÑEZ', current_timestamp, 'FELIPE DE JESUS', 'ARGAEZ', 'justcloud.tickets.domain.Employee', '551d06c4-6e7c-40f9-b1c3-99b5937801e8', '', 'operator-id', 'REGULAR_EMPLOYEE', 'b9a549fd-b967-425d-b054-b04818005d08', null, '2465');
INSERT INTO phone(id, version, date_created, last_updated, number, type) VALUES('7dbcdfdf-29e3-4b02-b5f3-f281738a7378', 0, current_timestamp, current_timestamp, ' 553  3258001', 'MOBILE');
INSERT INTO employee_phone(employee_phones_id, phone_id) VALUES('3e388f78-0304-4084-8267-de47323cc7fe', '7dbcdfdf-29e3-4b02-b5f3-f281738a7378');
INSERT INTO address(id, version, address, date_created, last_updated, municipality_id, postal_code, settlement_id, state_id) VALUES('a9a06856-bfdb-4719-95f2-68758f50a39d', 0, 'EMILIO PORTES GIL No. 77', current_timestamp, current_timestamp, (select municipality_id from settlement where postal_code = '91100' limit 1), '91100', (select id from settlement where postal_code = '91100' limit 1), (select state_id from settlement where postal_code = '91100' limit 1));
INSERT INTO job_detail(id, version, base_salary, job_name, date_created, last_updated) VALUES('90cd04ed-9d56-4957-8b6c-e937deec9f3e', 0, 4000.0, 'Operador', current_timestamp, current_timestamp);
INSERT INTO driver_license(id, version, antiqueness, date_created, last_updated, expedition, expiration, license_number, license_type) VALUES('dd2fc0ab-4726-44cb-8198-04a4dd5b4427', 0, current_timestamp, current_timestamp, current_timestamp, current_timestamp, date('12/10/15'), 'VER118911', 'A');
INSERT INTO individual(id, version, address_id, date_created, last_name, last_updated, name, second_last_name, class, driver_license_id, email, employee_position_id, employee_type, job_detail_id, personal_data_id, employee_number) VALUES('5d7a6977-c590-4381-9889-03b39bf041a9', 0, 'a9a06856-bfdb-4719-95f2-68758f50a39d', current_timestamp, 'ZARATE', current_timestamp, 'RAUL', 'TAPIA', 'justcloud.tickets.domain.Employee', 'dd2fc0ab-4726-44cb-8198-04a4dd5b4427', '', 'operator-id', 'REGULAR_EMPLOYEE', '90cd04ed-9d56-4957-8b6c-e937deec9f3e', null, '2466');
INSERT INTO phone(id, version, date_created, last_updated, number, type) VALUES('9f974292-83c7-48be-be99-20db2083e129', 0, current_timestamp, current_timestamp, ' 553  3465318', 'MOBILE');
INSERT INTO employee_phone(employee_phones_id, phone_id) VALUES('5d7a6977-c590-4381-9889-03b39bf041a9', '9f974292-83c7-48be-be99-20db2083e129');
INSERT INTO address(id, version, address, date_created, last_updated, municipality_id, postal_code, settlement_id, state_id) VALUES('6a8ca83d-84d5-4253-8259-ad452586bb76', 0, 'ISIDRO PARRA S/N', current_timestamp, current_timestamp, (select municipality_id from settlement where postal_code = '92730' limit 1), '92730', (select id from settlement where postal_code = '92730' limit 1), (select state_id from settlement where postal_code = '92730' limit 1));
INSERT INTO job_detail(id, version, base_salary, job_name, date_created, last_updated) VALUES('694c8080-b717-4400-8dc6-bfb9fa5943da', 0, 4000.0, 'Operador', current_timestamp, current_timestamp);
INSERT INTO driver_license(id, version, antiqueness, date_created, last_updated, expedition, expiration, license_number, license_type) VALUES('6106d7b7-29d3-4aec-b011-6809a887a8c2', 0, current_timestamp, current_timestamp, current_timestamp, current_timestamp, date('10/10/19'), 'SLP05221', 'A');
INSERT INTO individual(id, version, address_id, date_created, last_name, last_updated, name, second_last_name, class, driver_license_id, email, employee_position_id, employee_type, job_detail_id, personal_data_id, employee_number) VALUES('1ba378d0-09c1-4e4b-b872-e00392d6e150', 0, '6a8ca83d-84d5-4253-8259-ad452586bb76', current_timestamp, 'CARRANZA', current_timestamp, 'LUIS ANTONIO', 'ACOSTA', 'justcloud.tickets.domain.Employee', '6106d7b7-29d3-4aec-b011-6809a887a8c2', '', 'operator-id', 'REGULAR_EMPLOYEE', '694c8080-b717-4400-8dc6-bfb9fa5943da', null, '2468');
INSERT INTO phone(id, version, date_created, last_updated, number, type) VALUES('437e5495-cf33-4a93-b150-efd19fc04e9a', 0, current_timestamp, current_timestamp, ' 554  3659858', 'MOBILE');
INSERT INTO employee_phone(employee_phones_id, phone_id) VALUES('1ba378d0-09c1-4e4b-b872-e00392d6e150', '437e5495-cf33-4a93-b150-efd19fc04e9a');
INSERT INTO address(id, version, address, date_created, last_updated, municipality_id, postal_code, settlement_id, state_id) VALUES('6b014f62-0aee-4660-a8f7-f7185fa9cfae', 0, 'REVOLUCION No. 8', current_timestamp, current_timestamp, (select municipality_id from settlement where postal_code = '92900' limit 1), '92900', (select id from settlement where postal_code = '92900' limit 1), (select state_id from settlement where postal_code = '92900' limit 1));
INSERT INTO job_detail(id, version, base_salary, job_name, date_created, last_updated) VALUES('f6126385-77ef-4bc8-880a-dcee3663ba8a', 0, 4000.0, 'Operador', current_timestamp, current_timestamp);
INSERT INTO driver_license(id, version, antiqueness, date_created, last_updated, expedition, expiration, license_number, license_type) VALUES('729bf71c-3bb6-4a91-8a66-46a5caba030a', 0, current_timestamp, current_timestamp, current_timestamp, current_timestamp, date('4/19/18'), 'VER0208141', 'A');
INSERT INTO individual(id, version, address_id, date_created, last_name, last_updated, name, second_last_name, class, driver_license_id, email, employee_position_id, employee_type, job_detail_id, personal_data_id, employee_number) VALUES('4a6cfbeb-d6c0-4aac-a591-3fd5629329be', 0, '6b014f62-0aee-4660-a8f7-f7185fa9cfae', current_timestamp, 'AGUIRRE', current_timestamp, 'HERI', 'PEREZ', 'justcloud.tickets.domain.Employee', '729bf71c-3bb6-4a91-8a66-46a5caba030a', '', 'operator-id', 'REGULAR_EMPLOYEE', 'f6126385-77ef-4bc8-880a-dcee3663ba8a', null, '2469');
INSERT INTO phone(id, version, date_created, last_updated, number, type) VALUES('036e1139-5372-4f71-bade-aee7740af349', 0, current_timestamp, current_timestamp, ' 782  1390607', 'MOBILE');
INSERT INTO employee_phone(employee_phones_id, phone_id) VALUES('4a6cfbeb-d6c0-4aac-a591-3fd5629329be', '036e1139-5372-4f71-bade-aee7740af349');
INSERT INTO address(id, version, address, date_created, last_updated, municipality_id, postal_code, settlement_id, state_id) VALUES('49edef3a-d1bf-47e8-be38-347a25efcacd', 0, 'ANDADOR CARLOS ALBERTO MADRAZO No.  107', current_timestamp, current_timestamp, (select municipality_id from settlement where postal_code = '89338' limit 1), '89338', (select id from settlement where postal_code = '89338' limit 1), (select state_id from settlement where postal_code = '89338' limit 1));
INSERT INTO job_detail(id, version, base_salary, job_name, date_created, last_updated) VALUES('1802a825-0209-4137-940f-1dc1d6358e03', 0, 4000.0, 'Operador', current_timestamp, current_timestamp);
INSERT INTO driver_license(id, version, antiqueness, date_created, last_updated, expedition, expiration, license_number, license_type) VALUES('a08a8fd0-c385-4a31-baa5-cb675a939f4f', 0, current_timestamp, current_timestamp, current_timestamp, current_timestamp, date('2/21/16'), 'TAMP303152', 'A');
INSERT INTO individual(id, version, address_id, date_created, last_name, last_updated, name, second_last_name, class, driver_license_id, email, employee_position_id, employee_type, job_detail_id, personal_data_id, employee_number) VALUES('5e426cca-3a09-409e-8593-bd5df2f41d94', 0, '49edef3a-d1bf-47e8-be38-347a25efcacd', current_timestamp, 'TREJO', current_timestamp, 'ENRIQUE', 'VALDEZ', 'justcloud.tickets.domain.Employee', 'a08a8fd0-c385-4a31-baa5-cb675a939f4f', '', 'operator-id', 'REGULAR_EMPLOYEE', '1802a825-0209-4137-940f-1dc1d6358e03', null, '2471');
INSERT INTO phone(id, version, date_created, last_updated, number, type) VALUES('409b4925-2eb2-4480-afe5-409af98f49b3', 0, current_timestamp, current_timestamp, ' 833  3740014', 'HOME');
INSERT INTO employee_phone(employee_phones_id, phone_id) VALUES('5e426cca-3a09-409e-8593-bd5df2f41d94', '409b4925-2eb2-4480-afe5-409af98f49b3');
INSERT INTO phone(id, version, date_created, last_updated, number, type) VALUES('43cf69bc-cf5e-4db8-97c6-c79edb7701bb', 0, current_timestamp, current_timestamp, ' 833  1522456', 'MOBILE');
INSERT INTO employee_phone(employee_phones_id, phone_id) VALUES('5e426cca-3a09-409e-8593-bd5df2f41d94', '43cf69bc-cf5e-4db8-97c6-c79edb7701bb');
INSERT INTO address(id, version, address, date_created, last_updated, municipality_id, postal_code, settlement_id, state_id) VALUES('666dde8f-d600-4351-a24a-6f1851964772', 0, 'CALLE 15 No.  109-D', current_timestamp, current_timestamp, (select municipality_id from settlement where postal_code = '97816' limit 1), '97816', (select id from settlement where postal_code = '97816' limit 1), (select state_id from settlement where postal_code = '97816' limit 1));
INSERT INTO job_detail(id, version, base_salary, job_name, date_created, last_updated) VALUES('2babb62a-e5e8-4c46-aab6-612da4185e19', 0, 4000.0, 'Operador', current_timestamp, current_timestamp);
INSERT INTO driver_license(id, version, antiqueness, date_created, last_updated, expedition, expiration, license_number, license_type) VALUES('7847be06-6a40-47f8-92bc-3a22dc65f415', 0, current_timestamp, current_timestamp, current_timestamp, current_timestamp, date('3/23/16'), 'YUC0005037', 'A');
INSERT INTO individual(id, version, address_id, date_created, last_name, last_updated, name, second_last_name, class, driver_license_id, email, employee_position_id, employee_type, job_detail_id, personal_data_id, employee_number) VALUES('0bd54fb6-409a-4c43-9154-dda3bd4a3da8', 0, '666dde8f-d600-4351-a24a-6f1851964772', current_timestamp, 'UC', current_timestamp, 'ANDRES GERMAN', 'POLANCO', 'justcloud.tickets.domain.Employee', '7847be06-6a40-47f8-92bc-3a22dc65f415', '', 'operator-id', 'REGULAR_EMPLOYEE', '2babb62a-e5e8-4c46-aab6-612da4185e19', null, '2476');
INSERT INTO phone(id, version, date_created, last_updated, number, type) VALUES('f9dc269a-2c60-424c-a89a-6d8964d9880f', 0, current_timestamp, current_timestamp, ' 999 1207178', 'MOBILE');
INSERT INTO employee_phone(employee_phones_id, phone_id) VALUES('0bd54fb6-409a-4c43-9154-dda3bd4a3da8', 'f9dc269a-2c60-424c-a89a-6d8964d9880f');
INSERT INTO address(id, version, address, date_created, last_updated, municipality_id, postal_code, settlement_id, state_id) VALUES('975b75f0-e348-4728-86b4-71420b28c78c', 0, 'PRIMERA PRIVADA DE GUANAJUATO No.  13', current_timestamp, current_timestamp, (select municipality_id from settlement where postal_code = '91130' limit 1), '91130', (select id from settlement where postal_code = '91130' limit 1), (select state_id from settlement where postal_code = '91130' limit 1));
INSERT INTO job_detail(id, version, base_salary, job_name, date_created, last_updated) VALUES('3916ca05-9d55-438a-8686-a50b7cc2115c', 0, 4000.0, 'Operador', current_timestamp, current_timestamp);
INSERT INTO driver_license(id, version, antiqueness, date_created, last_updated, expedition, expiration, license_number, license_type) VALUES('e2bbc00e-8220-4005-bf37-457904e0431d', 0, current_timestamp, current_timestamp, current_timestamp, current_timestamp, date('11/28/16'), 'VER0126042', 'A');
INSERT INTO individual(id, version, address_id, date_created, last_name, last_updated, name, second_last_name, class, driver_license_id, email, employee_position_id, employee_type, job_detail_id, personal_data_id, employee_number) VALUES('9e2e85e4-c986-4754-8643-ff9bf179e5df', 0, '975b75f0-e348-4728-86b4-71420b28c78c', current_timestamp, 'AGULAR', current_timestamp, 'RENE', 'GOMEZ', 'justcloud.tickets.domain.Employee', 'e2bbc00e-8220-4005-bf37-457904e0431d', '', 'operator-id', 'REGULAR_EMPLOYEE', '3916ca05-9d55-438a-8686-a50b7cc2115c', null, '2477');
INSERT INTO phone(id, version, date_created, last_updated, number, type) VALUES('f4078178-7f67-429d-9c58-b82b1ee79508', 0, current_timestamp, current_timestamp, ' 552  0233105', 'MOBILE');
INSERT INTO employee_phone(employee_phones_id, phone_id) VALUES('9e2e85e4-c986-4754-8643-ff9bf179e5df', 'f4078178-7f67-429d-9c58-b82b1ee79508');
INSERT INTO address(id, version, address, date_created, last_updated, municipality_id, postal_code, settlement_id, state_id) VALUES('5a22f541-1bc7-42f3-b89b-89a6c74259da', 0, 'JUSTO SIERRA No.  23', current_timestamp, current_timestamp, (select municipality_id from settlement where postal_code = '52985' limit 1), '52985', (select id from settlement where postal_code = '52985' limit 1), (select state_id from settlement where postal_code = '52985' limit 1));
INSERT INTO job_detail(id, version, base_salary, job_name, date_created, last_updated) VALUES('6b5b4599-000f-48d4-9ad5-92a6b08e221f', 0, 4000.0, 'Operador', current_timestamp, current_timestamp);
INSERT INTO driver_license(id, version, antiqueness, date_created, last_updated, expedition, expiration, license_number, license_type) VALUES('94a0daee-6333-4de2-8736-5e286032f8e0', 0, current_timestamp, current_timestamp, current_timestamp, current_timestamp, date('1/15/18'), 'DF00151795', 'A');
INSERT INTO individual(id, version, address_id, date_created, last_name, last_updated, name, second_last_name, class, driver_license_id, email, employee_position_id, employee_type, job_detail_id, personal_data_id, employee_number) VALUES('a93de20d-9b05-45bd-99e9-34b8c6e927f9', 0, '5a22f541-1bc7-42f3-b89b-89a6c74259da', current_timestamp, 'CRUZ', current_timestamp, 'AVIER ALEJANDRO', 'RAMIREZ', 'justcloud.tickets.domain.Employee', '94a0daee-6333-4de2-8736-5e286032f8e0', '', 'operator-id', 'REGULAR_EMPLOYEE', '6b5b4599-000f-48d4-9ad5-92a6b08e221f', null, '2478');
INSERT INTO phone(id, version, date_created, last_updated, number, type) VALUES('de8f2bdf-83d8-4dc6-941d-78e3216bc742', 0, current_timestamp, current_timestamp, ' 551  9081397', 'MOBILE');
INSERT INTO employee_phone(employee_phones_id, phone_id) VALUES('a93de20d-9b05-45bd-99e9-34b8c6e927f9', 'de8f2bdf-83d8-4dc6-941d-78e3216bc742');
INSERT INTO address(id, version, address, date_created, last_updated, municipality_id, postal_code, settlement_id, state_id) VALUES('69008279-7147-470a-85d9-4afe7dac9974', 0, 'MALLORCA 84-A', current_timestamp, current_timestamp, (select municipality_id from settlement where postal_code = '91120' limit 1), '91120', (select id from settlement where postal_code = '91120' limit 1), (select state_id from settlement where postal_code = '91120' limit 1));
INSERT INTO job_detail(id, version, base_salary, job_name, date_created, last_updated) VALUES('50d9f3e4-df73-463f-94ee-ec2982e07551', 0, 4000.0, 'Operador', current_timestamp, current_timestamp);
INSERT INTO driver_license(id, version, antiqueness, date_created, last_updated, expedition, expiration, license_number, license_type) VALUES('eb210328-7932-4a69-8516-3f28b2a274db', 0, current_timestamp, current_timestamp, current_timestamp, current_timestamp, date('5/4/16'), 'VER0133103', 'A');
INSERT INTO individual(id, version, address_id, date_created, last_name, last_updated, name, second_last_name, class, driver_license_id, email, employee_position_id, employee_type, job_detail_id, personal_data_id, employee_number) VALUES('6f5c43eb-418c-4f7d-9ace-87ded95897cd', 0, '69008279-7147-470a-85d9-4afe7dac9974', current_timestamp, 'GARCIA', current_timestamp, 'CONRADO', 'GALAN', 'justcloud.tickets.domain.Employee', 'eb210328-7932-4a69-8516-3f28b2a274db', '', 'operator-id', 'REGULAR_EMPLOYEE', '50d9f3e4-df73-463f-94ee-ec2982e07551', null, '2480');
INSERT INTO phone(id, version, date_created, last_updated, number, type) VALUES('c44ff6ff-a4fd-4f57-abec-384e57668caf', 0, current_timestamp, current_timestamp, ' 493  1213506', 'MOBILE');
INSERT INTO employee_phone(employee_phones_id, phone_id) VALUES('6f5c43eb-418c-4f7d-9ace-87ded95897cd', 'c44ff6ff-a4fd-4f57-abec-384e57668caf');
INSERT INTO address(id, version, address, date_created, last_updated, municipality_id, postal_code, settlement_id, state_id) VALUES('41732e82-9b32-4a69-9aed-7666c188b572', 0, 'AV. ROQUE ESPINOSO No.  11', current_timestamp, current_timestamp, (select municipality_id from settlement where postal_code = '91660' limit 1), '91660', (select id from settlement where postal_code = '91660' limit 1), (select state_id from settlement where postal_code = '91660' limit 1));
INSERT INTO job_detail(id, version, base_salary, job_name, date_created, last_updated) VALUES('f34be417-b7cb-4d9e-89de-1b1492e8aba4', 0, 4000.0, 'Operador', current_timestamp, current_timestamp);
INSERT INTO driver_license(id, version, antiqueness, date_created, last_updated, expedition, expiration, license_number, license_type) VALUES('87110ee7-317a-4133-a484-f5f45a11d57f', 0, current_timestamp, current_timestamp, current_timestamp, current_timestamp, date('9/13/15'), 'VER0122799', 'A');
INSERT INTO individual(id, version, address_id, date_created, last_name, last_updated, name, second_last_name, class, driver_license_id, email, employee_position_id, employee_type, job_detail_id, personal_data_id, employee_number) VALUES('13550995-59da-4925-9847-4becf35835fc', 0, '41732e82-9b32-4a69-9aed-7666c188b572', current_timestamp, 'VALDEZ', current_timestamp, 'ALEJANDRO', 'GUZMAN', 'justcloud.tickets.domain.Employee', '87110ee7-317a-4133-a484-f5f45a11d57f', '', 'operator-id', 'REGULAR_EMPLOYEE', 'f34be417-b7cb-4d9e-89de-1b1492e8aba4', null, '2482');
INSERT INTO phone(id, version, date_created, last_updated, number, type) VALUES('751cf7ad-3ae5-4f3d-a72a-9c3210cf4c94', 0, current_timestamp, current_timestamp, ' 296 9714157', 'HOME');
INSERT INTO employee_phone(employee_phones_id, phone_id) VALUES('13550995-59da-4925-9847-4becf35835fc', '751cf7ad-3ae5-4f3d-a72a-9c3210cf4c94');
INSERT INTO phone(id, version, date_created, last_updated, number, type) VALUES('e10c72ea-2c0b-4945-a399-d1cf13d977b6', 0, current_timestamp, current_timestamp, ' 229  2507685', 'MOBILE');
INSERT INTO employee_phone(employee_phones_id, phone_id) VALUES('13550995-59da-4925-9847-4becf35835fc', 'e10c72ea-2c0b-4945-a399-d1cf13d977b6');
INSERT INTO address(id, version, address, date_created, last_updated, municipality_id, postal_code, settlement_id, state_id) VALUES('efaa8e22-1667-4a8e-adc9-f1df08d6dcc4', 0, 'RA BUENA VISTA', current_timestamp, current_timestamp, (select municipality_id from settlement where postal_code = '86280' limit 1), '86280', (select id from settlement where postal_code = '86280' limit 1), (select state_id from settlement where postal_code = '86280' limit 1));
INSERT INTO job_detail(id, version, base_salary, job_name, date_created, last_updated) VALUES('c2ee2976-d61e-46c2-8ac4-6a537966ee8a', 0, 4000.0, 'Operador', current_timestamp, current_timestamp);
INSERT INTO driver_license(id, version, antiqueness, date_created, last_updated, expedition, expiration, license_number, license_type) VALUES('3d9f66d9-2905-43fe-820b-ad3f961421b5', 0, current_timestamp, current_timestamp, current_timestamp, current_timestamp, date('4/30/15'), 'TAB0006310', 'A');
INSERT INTO individual(id, version, address_id, date_created, last_name, last_updated, name, second_last_name, class, driver_license_id, email, employee_position_id, employee_type, job_detail_id, personal_data_id, employee_number) VALUES('b2fd6036-c33a-400c-9e85-53c93bf236f2', 0, 'efaa8e22-1667-4a8e-adc9-f1df08d6dcc4', current_timestamp, 'BRITO', current_timestamp, 'JACINTO', 'CONSEPCION', 'justcloud.tickets.domain.Employee', '3d9f66d9-2905-43fe-820b-ad3f961421b5', '', 'operator-id', 'REGULAR_EMPLOYEE', 'c2ee2976-d61e-46c2-8ac4-6a537966ee8a', null, '2485');
INSERT INTO phone(id, version, date_created, last_updated, number, type) VALUES('30941632-48df-4c3a-aa5e-bbd7029d19cc', 0, current_timestamp, current_timestamp, ' 993 2253727', 'HOME');
INSERT INTO employee_phone(employee_phones_id, phone_id) VALUES('b2fd6036-c33a-400c-9e85-53c93bf236f2', '30941632-48df-4c3a-aa5e-bbd7029d19cc');
INSERT INTO phone(id, version, date_created, last_updated, number, type) VALUES('7f724742-1497-4ccc-bfbb-d55354ed475d', 0, current_timestamp, current_timestamp, ' 993  1253647', 'MOBILE');
INSERT INTO employee_phone(employee_phones_id, phone_id) VALUES('b2fd6036-c33a-400c-9e85-53c93bf236f2', '7f724742-1497-4ccc-bfbb-d55354ed475d');
INSERT INTO address(id, version, address, date_created, last_updated, municipality_id, postal_code, settlement_id, state_id) VALUES('91e23b24-9eb8-4cb2-bfca-052ef6f7a774', 0, 'DIAMANTE 13', current_timestamp, current_timestamp, (select municipality_id from settlement where postal_code = '91158' limit 1), '91158', (select id from settlement where postal_code = '91158' limit 1), (select state_id from settlement where postal_code = '91158' limit 1));
INSERT INTO job_detail(id, version, base_salary, job_name, date_created, last_updated) VALUES('6c84c92a-94ea-4099-8a7d-550bc140275a', 0, 4000.0, 'Operador', current_timestamp, current_timestamp);
INSERT INTO driver_license(id, version, antiqueness, date_created, last_updated, expedition, expiration, license_number, license_type) VALUES('84b98d77-21d5-48bd-8142-518f681e3661', 0, current_timestamp, current_timestamp, current_timestamp, current_timestamp, date('6/16/15'), 'VER0133315', 'A');
INSERT INTO individual(id, version, address_id, date_created, last_name, last_updated, name, second_last_name, class, driver_license_id, email, employee_position_id, employee_type, job_detail_id, personal_data_id, employee_number) VALUES('f377f3e8-e3cc-463a-87d4-6a9815a04c61', 0, '91e23b24-9eb8-4cb2-bfca-052ef6f7a774', current_timestamp, 'CASTILLO', current_timestamp, 'GUSTAVO JAVIER', 'GARCIA', 'justcloud.tickets.domain.Employee', '84b98d77-21d5-48bd-8142-518f681e3661', '', 'operator-id', 'REGULAR_EMPLOYEE', '6c84c92a-94ea-4099-8a7d-550bc140275a', null, '2486');
INSERT INTO phone(id, version, date_created, last_updated, number, type) VALUES('852d1967-4b5a-46ab-9434-b12de36f65e0', 0, current_timestamp, current_timestamp, ' 228 3180116', 'HOME');
INSERT INTO employee_phone(employee_phones_id, phone_id) VALUES('f377f3e8-e3cc-463a-87d4-6a9815a04c61', '852d1967-4b5a-46ab-9434-b12de36f65e0');
INSERT INTO phone(id, version, date_created, last_updated, number, type) VALUES('b80d39da-044e-44ec-9f74-6cf543afa61b', 0, current_timestamp, current_timestamp, ' 222  6288384', 'MOBILE');
INSERT INTO employee_phone(employee_phones_id, phone_id) VALUES('f377f3e8-e3cc-463a-87d4-6a9815a04c61', 'b80d39da-044e-44ec-9f74-6cf543afa61b');
INSERT INTO address(id, version, address, date_created, last_updated, municipality_id, postal_code, settlement_id, state_id) VALUES('3eca3548-8443-4300-8839-4d962b9f744b', 0, 'RIO COLOMBIA No.  512', current_timestamp, current_timestamp, (select municipality_id from settlement where postal_code = '91158' limit 1), '91158', (select id from settlement where postal_code = '91158' limit 1), (select state_id from settlement where postal_code = '91158' limit 1));
INSERT INTO job_detail(id, version, base_salary, job_name, date_created, last_updated) VALUES('e8c1bb7c-d079-44e1-9cd9-ea0223129046', 0, 4000.0, 'Operador', current_timestamp, current_timestamp);
INSERT INTO driver_license(id, version, antiqueness, date_created, last_updated, expedition, expiration, license_number, license_type) VALUES('6dc4b77c-9fdd-4c24-9583-e7771e4c086c', 0, current_timestamp, current_timestamp, current_timestamp, current_timestamp, date('7/8/16'), 'VER0127569', 'A');
INSERT INTO individual(id, version, address_id, date_created, last_name, last_updated, name, second_last_name, class, driver_license_id, email, employee_position_id, employee_type, job_detail_id, personal_data_id, employee_number) VALUES('edde4338-a9f8-4a11-97a7-8ef8793e12a5', 0, '3eca3548-8443-4300-8839-4d962b9f744b', current_timestamp, 'RIZO', current_timestamp, 'RODOLFO', 'VIVEROS', 'justcloud.tickets.domain.Employee', '6dc4b77c-9fdd-4c24-9583-e7771e4c086c', '', 'operator-id', 'REGULAR_EMPLOYEE', 'e8c1bb7c-d079-44e1-9cd9-ea0223129046', null, '2487');
INSERT INTO phone(id, version, date_created, last_updated, number, type) VALUES('9c373c05-105e-4fb0-a921-49952c6b47ad', 0, current_timestamp, current_timestamp, ' 228 8345435', 'HOME');
INSERT INTO employee_phone(employee_phones_id, phone_id) VALUES('edde4338-a9f8-4a11-97a7-8ef8793e12a5', '9c373c05-105e-4fb0-a921-49952c6b47ad');
INSERT INTO phone(id, version, date_created, last_updated, number, type) VALUES('24cb25ac-0c87-4e61-b279-5d6839148327', 0, current_timestamp, current_timestamp, ' 228  1517797', 'MOBILE');
INSERT INTO employee_phone(employee_phones_id, phone_id) VALUES('edde4338-a9f8-4a11-97a7-8ef8793e12a5', '24cb25ac-0c87-4e61-b279-5d6839148327');
INSERT INTO address(id, version, address, date_created, last_updated, municipality_id, postal_code, settlement_id, state_id) VALUES('a228f1fc-099e-4cdd-8a6b-6604d17f1932', 0, 'SAN LORENZO No.  732 LT 17 MZ 8', current_timestamp, current_timestamp, (select municipality_id from settlement where postal_code = '42186' limit 1), '42186', (select id from settlement where postal_code = '42186' limit 1), (select state_id from settlement where postal_code = '42186' limit 1));
INSERT INTO job_detail(id, version, base_salary, job_name, date_created, last_updated) VALUES('21a93152-e99d-4ae6-bd76-8df884469138', 0, 4000.0, 'Operador', current_timestamp, current_timestamp);
INSERT INTO driver_license(id, version, antiqueness, date_created, last_updated, expedition, expiration, license_number, license_type) VALUES('4c83f9d5-6327-4769-a70a-231d7d1e8686', 0, current_timestamp, current_timestamp, current_timestamp, current_timestamp, date('7/26/17'), 'HGO00155', 'A');
INSERT INTO individual(id, version, address_id, date_created, last_name, last_updated, name, second_last_name, class, driver_license_id, email, employee_position_id, employee_type, job_detail_id, personal_data_id, employee_number) VALUES('28abaa5e-0634-4596-8449-ad11887b990c', 0, 'a228f1fc-099e-4cdd-8a6b-6604d17f1932', current_timestamp, 'ISLAS', current_timestamp, 'SEVERO', 'ORTIZ', 'justcloud.tickets.domain.Employee', '4c83f9d5-6327-4769-a70a-231d7d1e8686', '', 'operator-id', 'REGULAR_EMPLOYEE', '21a93152-e99d-4ae6-bd76-8df884469138', null, '2488');
INSERT INTO phone(id, version, date_created, last_updated, number, type) VALUES('15626697-f6ae-45fb-9019-fe6b8f8ded18', 0, current_timestamp, current_timestamp, ' 771  2365946', 'MOBILE');
INSERT INTO employee_phone(employee_phones_id, phone_id) VALUES('28abaa5e-0634-4596-8449-ad11887b990c', '15626697-f6ae-45fb-9019-fe6b8f8ded18');
INSERT INTO address(id, version, address, date_created, last_updated, municipality_id, postal_code, settlement_id, state_id) VALUES('2647b323-3498-46ff-aac4-62fc0c768c90', 0, 'CUHUPOPOCA S/N', current_timestamp, current_timestamp, (select municipality_id from settlement where postal_code = '93800' limit 1), '93800', (select id from settlement where postal_code = '93800' limit 1), (select state_id from settlement where postal_code = '93800' limit 1));
INSERT INTO job_detail(id, version, base_salary, job_name, date_created, last_updated) VALUES('610f5e02-7858-400c-835e-56f6c61bb470', 0, 4000.0, 'Operador', current_timestamp, current_timestamp);
INSERT INTO driver_license(id, version, antiqueness, date_created, last_updated, expedition, expiration, license_number, license_type) VALUES('52edf723-0219-4270-95f0-1f4f5e12dbb7', 0, current_timestamp, current_timestamp, current_timestamp, current_timestamp, date('2/4/16'), 'VER0102210', 'A');
INSERT INTO individual(id, version, address_id, date_created, last_name, last_updated, name, second_last_name, class, driver_license_id, email, employee_position_id, employee_type, job_detail_id, personal_data_id, employee_number) VALUES('57b3e445-963c-4d31-ba27-1dfc457ec7ee', 0, '2647b323-3498-46ff-aac4-62fc0c768c90', current_timestamp, 'PEDRAZA', current_timestamp, 'MAURO', 'MARTINEZ', 'justcloud.tickets.domain.Employee', '52edf723-0219-4270-95f0-1f4f5e12dbb7', '', 'operator-id', 'REGULAR_EMPLOYEE', '610f5e02-7858-400c-835e-56f6c61bb470', null, '2490');
INSERT INTO phone(id, version, date_created, last_updated, number, type) VALUES('e0fabcee-e14f-4c2d-a0c1-464425dad3a2', 0, current_timestamp, current_timestamp, ' 229 9388011', 'HOME');
INSERT INTO employee_phone(employee_phones_id, phone_id) VALUES('57b3e445-963c-4d31-ba27-1dfc457ec7ee', 'e0fabcee-e14f-4c2d-a0c1-464425dad3a2');
INSERT INTO phone(id, version, date_created, last_updated, number, type) VALUES('34ce92ce-7547-4e2d-b8a5-26a0029d660f', 0, current_timestamp, current_timestamp, ' 235 1055089', 'MOBILE');
INSERT INTO employee_phone(employee_phones_id, phone_id) VALUES('57b3e445-963c-4d31-ba27-1dfc457ec7ee', '34ce92ce-7547-4e2d-b8a5-26a0029d660f');
INSERT INTO address(id, version, address, date_created, last_updated, municipality_id, postal_code, settlement_id, state_id) VALUES('a724b6a2-87cd-4495-842e-0af8bc9c1eb5', 0, 'UNO No.  14', current_timestamp, current_timestamp, (select municipality_id from settlement where postal_code = '91157' limit 1), '91157', (select id from settlement where postal_code = '91157' limit 1), (select state_id from settlement where postal_code = '91157' limit 1));
INSERT INTO job_detail(id, version, base_salary, job_name, date_created, last_updated) VALUES('9a35cbf0-810e-4cae-8759-9d293edbff2a', 0, 4000.0, 'Operador', current_timestamp, current_timestamp);
INSERT INTO driver_license(id, version, antiqueness, date_created, last_updated, expedition, expiration, license_number, license_type) VALUES('d695092c-95ff-457b-a638-b7af476d2a38', 0, current_timestamp, current_timestamp, current_timestamp, current_timestamp, date('11/18/15'), 'VER103104', 'A');
INSERT INTO individual(id, version, address_id, date_created, last_name, last_updated, name, second_last_name, class, driver_license_id, email, employee_position_id, employee_type, job_detail_id, personal_data_id, employee_number) VALUES('b24a2fa0-6ec6-46ac-9172-d540a6a416d6', 0, 'a724b6a2-87cd-4495-842e-0af8bc9c1eb5', current_timestamp, 'NAVA', current_timestamp, 'DELFINO', 'VALLEJO', 'justcloud.tickets.domain.Employee', 'd695092c-95ff-457b-a638-b7af476d2a38', '', 'operator-id', 'REGULAR_EMPLOYEE', '9a35cbf0-810e-4cae-8759-9d293edbff2a', null, '2491');
INSERT INTO phone(id, version, date_created, last_updated, number, type) VALUES('8c9ff61d-9de2-4219-afed-21f597ce5a56', 0, current_timestamp, current_timestamp, ' 228  1851382', 'MOBILE');
INSERT INTO employee_phone(employee_phones_id, phone_id) VALUES('b24a2fa0-6ec6-46ac-9172-d540a6a416d6', '8c9ff61d-9de2-4219-afed-21f597ce5a56');
INSERT INTO address(id, version, address, date_created, last_updated, municipality_id, postal_code, settlement_id, state_id) VALUES('3465b418-03d0-4db3-99f4-ed081af4a536', 0, '21 DE MARZO No.  124', current_timestamp, current_timestamp, (select municipality_id from settlement where postal_code = '73080' limit 1), '73080', (select id from settlement where postal_code = '73080' limit 1), (select state_id from settlement where postal_code = '73080' limit 1));
INSERT INTO job_detail(id, version, base_salary, job_name, date_created, last_updated) VALUES('762c393c-b27d-43d0-93cd-17df1b51f243', 0, 4000.0, 'Operador', current_timestamp, current_timestamp);
INSERT INTO driver_license(id, version, antiqueness, date_created, last_updated, expedition, expiration, license_number, license_type) VALUES('65e805e6-81e4-40a6-ae7a-f9170026f7aa', 0, current_timestamp, current_timestamp, current_timestamp, current_timestamp, date('6/10/16'), 'DF00126021', 'A');
INSERT INTO individual(id, version, address_id, date_created, last_name, last_updated, name, second_last_name, class, driver_license_id, email, employee_position_id, employee_type, job_detail_id, personal_data_id, employee_number) VALUES('4d156b89-69f7-44b5-956e-f9dc0818a981', 0, '3465b418-03d0-4db3-99f4-ed081af4a536', current_timestamp, 'ANZALDO', current_timestamp, 'DARIO', 'ORTIZ', 'justcloud.tickets.domain.Employee', '65e805e6-81e4-40a6-ae7a-f9170026f7aa', '', 'operator-id', 'REGULAR_EMPLOYEE', '762c393c-b27d-43d0-93cd-17df1b51f243', null, '2492');
INSERT INTO phone(id, version, date_created, last_updated, number, type) VALUES('c21a80fc-fe5b-4ecf-a89a-a0ca6afd11d5', 0, current_timestamp, current_timestamp, ' 776  1042116', 'MOBILE');
INSERT INTO employee_phone(employee_phones_id, phone_id) VALUES('4d156b89-69f7-44b5-956e-f9dc0818a981', 'c21a80fc-fe5b-4ecf-a89a-a0ca6afd11d5');
INSERT INTO address(id, version, address, date_created, last_updated, municipality_id, postal_code, settlement_id, state_id) VALUES('b58abddc-29c2-4c6e-b43a-6ed9a45868f8', 0, 'CALLE 1 S/N', current_timestamp, current_timestamp, (select municipality_id from settlement where postal_code = '24355' limit 1), '24355', (select id from settlement where postal_code = '24355' limit 1), (select state_id from settlement where postal_code = '24355' limit 1));
INSERT INTO job_detail(id, version, base_salary, job_name, date_created, last_updated) VALUES('0b6cd663-cc28-4a3d-9d9b-a2e7f55d42a2', 0, 4000.0, 'Operador', current_timestamp, current_timestamp);
INSERT INTO driver_license(id, version, antiqueness, date_created, last_updated, expedition, expiration, license_number, license_type) VALUES('19a2cef4-cc2c-4c7d-b72b-739ceaec23e0', 0, current_timestamp, current_timestamp, current_timestamp, current_timestamp, date('12/15/15'), 'CAMP002078', 'A');
INSERT INTO individual(id, version, address_id, date_created, last_name, last_updated, name, second_last_name, class, driver_license_id, email, employee_position_id, employee_type, job_detail_id, personal_data_id, employee_number) VALUES('c14d779f-7347-40e4-a6c7-9c4dbba185dc', 0, 'b58abddc-29c2-4c6e-b43a-6ed9a45868f8', current_timestamp, 'CHAVARRIA', current_timestamp, 'CRUZ VALDO', 'CUE ', 'justcloud.tickets.domain.Employee', '19a2cef4-cc2c-4c7d-b72b-739ceaec23e0', '', 'operator-id', 'REGULAR_EMPLOYEE', '0b6cd663-cc28-4a3d-9d9b-a2e7f55d42a2', null, '2494');
INSERT INTO phone(id, version, date_created, last_updated, number, type) VALUES('3ca5dd96-55ae-496d-85e6-8e462652fc0b', 0, current_timestamp, current_timestamp, ' 982 040318', 'HOME');
INSERT INTO employee_phone(employee_phones_id, phone_id) VALUES('c14d779f-7347-40e4-a6c7-9c4dbba185dc', '3ca5dd96-55ae-496d-85e6-8e462652fc0b');
INSERT INTO phone(id, version, date_created, last_updated, number, type) VALUES('403b68a4-89aa-4d6d-9671-2495069d4a7f', 0, current_timestamp, current_timestamp, ' 982  1054668', 'MOBILE');
INSERT INTO employee_phone(employee_phones_id, phone_id) VALUES('c14d779f-7347-40e4-a6c7-9c4dbba185dc', '403b68a4-89aa-4d6d-9671-2495069d4a7f');
INSERT INTO address(id, version, address, date_created, last_updated, municipality_id, postal_code, settlement_id, state_id) VALUES('bbe22888-3240-4d66-bfc1-1c31336a2c69', 0, '25 DE DICIEMBRE No.  209', current_timestamp, current_timestamp, (select municipality_id from settlement where postal_code = '89670' limit 1), '89670', (select id from settlement where postal_code = '89670' limit 1), (select state_id from settlement where postal_code = '89670' limit 1));
INSERT INTO job_detail(id, version, base_salary, job_name, date_created, last_updated) VALUES('4eead81b-af13-4863-af23-007da0a539b3', 0, 4000.0, 'Operador', current_timestamp, current_timestamp);
INSERT INTO driver_license(id, version, antiqueness, date_created, last_updated, expedition, expiration, license_number, license_type) VALUES('b4f90f6f-afb1-4f9d-a7cb-d34e85829660', 0, current_timestamp, current_timestamp, current_timestamp, current_timestamp, date('4/30/15'), 'TAMP105499', 'A');
INSERT INTO individual(id, version, address_id, date_created, last_name, last_updated, name, second_last_name, class, driver_license_id, email, employee_position_id, employee_type, job_detail_id, personal_data_id, employee_number) VALUES('bbd3e112-50ad-43bf-bb69-e8be8e5e4782', 0, 'bbe22888-3240-4d66-bfc1-1c31336a2c69', current_timestamp, 'JIMENEZ', current_timestamp, 'JESUS MANUEL', 'ZAVALA', 'justcloud.tickets.domain.Employee', 'b4f90f6f-afb1-4f9d-a7cb-d34e85829660', '', 'operator-id', 'REGULAR_EMPLOYEE', '4eead81b-af13-4863-af23-007da0a539b3', null, '2495');
INSERT INTO phone(id, version, date_created, last_updated, number, type) VALUES('c613bc3f-46cd-4e7b-834c-763b9ba68a97', 0, current_timestamp, current_timestamp, ' 811  3839959', 'MOBILE');
INSERT INTO employee_phone(employee_phones_id, phone_id) VALUES('bbd3e112-50ad-43bf-bb69-e8be8e5e4782', 'c613bc3f-46cd-4e7b-834c-763b9ba68a97');
INSERT INTO address(id, version, address, date_created, last_updated, municipality_id, postal_code, settlement_id, state_id) VALUES('011217cd-eafb-446c-aa21-d86560a7c164', 0, 'CADIZ No.  502', current_timestamp, current_timestamp, (select municipality_id from settlement where postal_code = '91180' limit 1), '91180', (select id from settlement where postal_code = '91180' limit 1), (select state_id from settlement where postal_code = '91180' limit 1));
INSERT INTO job_detail(id, version, base_salary, job_name, date_created, last_updated) VALUES('2f3b0152-b726-458d-9805-7ce6fa0b639d', 0, 4000.0, 'Operador', current_timestamp, current_timestamp);
INSERT INTO driver_license(id, version, antiqueness, date_created, last_updated, expedition, expiration, license_number, license_type) VALUES('8633e40d-0100-466c-8cd3-ec9260686e2a', 0, current_timestamp, current_timestamp, current_timestamp, current_timestamp, date('5/4/15'), 'VER110730', 'A');
INSERT INTO individual(id, version, address_id, date_created, last_name, last_updated, name, second_last_name, class, driver_license_id, email, employee_position_id, employee_type, job_detail_id, personal_data_id, employee_number) VALUES('416c46aa-40df-4366-9ab3-18b117f8c33e', 0, '011217cd-eafb-446c-aa21-d86560a7c164', current_timestamp, 'OREA', current_timestamp, 'VALENTIN', 'CRUZ', 'justcloud.tickets.domain.Employee', '8633e40d-0100-466c-8cd3-ec9260686e2a', '', 'operator-id', 'REGULAR_EMPLOYEE', '2f3b0152-b726-458d-9805-7ce6fa0b639d', null, '2496');
INSERT INTO phone(id, version, date_created, last_updated, number, type) VALUES('f5eba613-3991-4f5f-bbd9-8a8aa5e0e098', 0, current_timestamp, current_timestamp, ' 228 8102183', 'HOME');
INSERT INTO employee_phone(employee_phones_id, phone_id) VALUES('416c46aa-40df-4366-9ab3-18b117f8c33e', 'f5eba613-3991-4f5f-bbd9-8a8aa5e0e098');
INSERT INTO phone(id, version, date_created, last_updated, number, type) VALUES('f3c7eb15-b575-44cf-9cde-11cb9fc7f532', 0, current_timestamp, current_timestamp, ' 228 1362277', 'MOBILE');
INSERT INTO employee_phone(employee_phones_id, phone_id) VALUES('416c46aa-40df-4366-9ab3-18b117f8c33e', 'f3c7eb15-b575-44cf-9cde-11cb9fc7f532');
INSERT INTO address(id, version, address, date_created, last_updated, municipality_id, postal_code, settlement_id, state_id) VALUES('3722bc33-0aa3-40d1-a6d6-881b4229c263', 0, 'AV. VICENTE GUERRERO No.  806', current_timestamp, current_timestamp, (select municipality_id from settlement where postal_code = '93980' limit 1), '93980', (select id from settlement where postal_code = '93980' limit 1), (select state_id from settlement where postal_code = '93980' limit 1));
INSERT INTO job_detail(id, version, base_salary, job_name, date_created, last_updated) VALUES('4dd104be-9a87-478b-8d98-dbaa2fb2d7f3', 0, 4000.0, 'Operador', current_timestamp, current_timestamp);
INSERT INTO driver_license(id, version, antiqueness, date_created, last_updated, expedition, expiration, license_number, license_type) VALUES('3060f212-6d18-477e-a741-b681597c8857', 0, current_timestamp, current_timestamp, current_timestamp, current_timestamp, date('11/8/16'), 'VER0137580', 'A');
INSERT INTO individual(id, version, address_id, date_created, last_name, last_updated, name, second_last_name, class, driver_license_id, email, employee_position_id, employee_type, job_detail_id, personal_data_id, employee_number) VALUES('d93c3c28-4f8d-4b69-9943-c2526311d1cc', 0, '3722bc33-0aa3-40d1-a6d6-881b4229c263', current_timestamp, 'URBANO', current_timestamp, 'NICOLAS', 'LEDEZMA', 'justcloud.tickets.domain.Employee', '3060f212-6d18-477e-a741-b681597c8857', '', 'operator-id', 'REGULAR_EMPLOYEE', '4dd104be-9a87-478b-8d98-dbaa2fb2d7f3', null, '2497');
INSERT INTO phone(id, version, date_created, last_updated, number, type) VALUES('9939b3e4-1b1a-4bd7-b630-1dc2ef5b930a', 0, current_timestamp, current_timestamp, ' 235 1091772', 'HOME');
INSERT INTO employee_phone(employee_phones_id, phone_id) VALUES('d93c3c28-4f8d-4b69-9943-c2526311d1cc', '9939b3e4-1b1a-4bd7-b630-1dc2ef5b930a');
INSERT INTO phone(id, version, date_created, last_updated, number, type) VALUES('76405abe-c6b4-493d-b383-6d9d4eea8b6f', 0, current_timestamp, current_timestamp, ' 235  1101579', 'MOBILE');
INSERT INTO employee_phone(employee_phones_id, phone_id) VALUES('d93c3c28-4f8d-4b69-9943-c2526311d1cc', '76405abe-c6b4-493d-b383-6d9d4eea8b6f');

